run,dx,study_id,parse_failed,LL_Pain,LL_PPain,LL_EPain,LL_Dep,LL_QoL,LL_Anx
0,CLBP,1202,False,7.0,8.0,4.0,3.0,6.0,2.0
1,CLBP,1202,False,6.0,7.0,4.0,3.0,7.0,2.0
2,CLBP,1202,False,6.0,7.0,4.0,3.0,7.0,2.0
3,CLBP,1202,False,6.0,7.0,4.0,3.0,7.0,2.0
4,CLBP,1202,False,6.0,7.0,4.0,3.0,7.0,2.0
5,CLBP,1202,False,6.0,7.0,4.0,3.0,7.0,2.0
6,CLBP,1202,False,7.0,8.0,4.0,3.0,6.0,2.0
7,CLBP,1202,False,7.0,8.0,4.0,3.0,6.0,2.0
8,CLBP,1202,False,7.0,8.0,4.0,3.0,6.0,2.0
9,CLBP,1202,False,6.0,7.0,4.0,3.0,7.0,2.0
10,CLBP,1202,False,6.0,7.0,4.0,3.0,7.0,2.0
11,CLBP,1202,False,7.0,8.0,4.0,3.0,6.0,2.0
12,CLBP,1202,False,6.0,7.0,4.0,3.0,7.0,2.0
13,CLBP,1202,False,6.0,7.0,4.0,3.0,7.0,2.0
14,CLBP,1202,False,7.0,8.0,4.0,3.0,6.0,2.0
15,CLBP,1202,False,6.0,7.0,4.0,3.0,7.0,2.0
16,CLBP,1202,False,6.0,7.0,4.0,3.0,7.0,2.0
17,CLBP,1202,False,7.0,8.0,4.0,3.0,6.0,2.0
18,CLBP,1202,False,7.0,8.0,4.0,3.0,6.0,2.0
19,CLBP,1202,False,7.0,8.0,4.0,3.0,6.0,2.0
20,CLBP,1202,False,6.0,7.0,4.0,3.0,7.0,2.0
21,CLBP,1202,False,7.0,8.0,4.0,3.0,6.0,2.0
22,CLBP,1202,False,6.0,7.0,4.0,3.0,7.0,2.0
23,CLBP,1202,False,7.0,8.0,4.0,3.0,6.0,2.0
24,CLBP,1202,False,6.0,7.0,4.0,3.0,7.0,2.0
25,CLBP,1202,False,6.0,7.0,4.0,3.0,7.0,2.0
26,CLBP,1202,False,6.0,7.0,4.0,3.0,7.0,2.0
27,CLBP,1202,False,7.0,8.0,4.0,3.0,6.0,2.0
28,CLBP,1202,False,6.0,7.0,4.0,3.0,7.0,2.0
29,CLBP,1202,False,7.0,6.0,4.0,3.0,6.0,2.0
30,CLBP,1202,False,7.0,8.0,4.0,3.0,6.0,2.0
31,CLBP,1202,False,7.0,8.0,4.0,3.0,6.0,2.0
32,CLBP,1202,False,6.0,7.0,4.0,3.0,7.0,2.0
33,CLBP,1202,False,6.0,7.0,4.0,3.0,7.0,2.0
34,CLBP,1202,False,7.0,8.0,4.0,3.0,6.0,2.0
35,CLBP,1202,False,7.0,6.0,4.0,3.0,6.0,2.0
36,CLBP,1202,False,6.0,7.0,4.0,3.0,7.0,2.0
37,CLBP,1202,False,7.0,8.0,4.0,3.0,6.0,2.0
38,CLBP,1202,False,6.0,7.0,4.0,3.0,7.0,2.0
39,CLBP,1202,False,6.0,7.0,4.0,3.0,7.0,2.0
40,CLBP,1202,False,6.0,7.0,4.0,3.0,7.0,2.0
41,CLBP,1202,False,7.0,8.0,4.0,3.0,6.0,2.0
42,CLBP,1202,False,6.0,7.0,4.0,3.0,7.0,2.0
43,CLBP,1202,False,7.0,8.0,4.0,3.0,6.0,2.0
44,CLBP,1202,False,7.0,8.0,4.0,3.0,6.0,2.0
45,CLBP,1202,False,6.0,7.0,4.0,3.0,7.0,2.0
46,CLBP,1202,False,6.0,7.0,4.0,3.0,7.0,2.0
47,CLBP,1202,True,,,,,,
48,CLBP,1202,False,7.0,8.0,4.0,3.0,6.0,2.0
49,CLBP,1202,False,7.0,8.0,4.0,3.0,6.0,2.0
50,CLBP,1202,False,6.0,7.0,4.0,3.0,7.0,2.0
51,CLBP,1202,False,6.0,7.0,4.0,3.0,7.0,2.0
52,CLBP,1202,False,6.0,7.0,4.0,3.0,7.0,2.0
53,CLBP,1202,False,7.0,8.0,4.0,3.0,6.0,2.0
54,CLBP,1202,False,7.0,8.0,4.0,3.0,6.0,2.0
55,CLBP,1202,False,6.0,7.0,4.0,3.0,7.0,2.0
56,CLBP,1202,False,7.0,8.0,4.0,3.0,6.0,2.0
57,CLBP,1202,False,6.0,7.0,4.0,3.0,7.0,2.0
58,CLBP,1202,False,6.0,7.0,4.0,3.0,7.0,2.0
59,CLBP,1202,False,7.0,8.0,4.0,3.0,6.0,2.0
60,CLBP,1202,False,7.0,8.0,4.0,3.0,6.0,2.0
61,CLBP,1202,False,6.0,7.0,4.0,3.0,7.0,2.0
62,CLBP,1202,False,7.0,8.0,4.0,3.0,6.0,2.0
63,CLBP,1202,False,6.0,7.0,4.0,3.0,7.0,2.0
64,CLBP,1202,False,6.0,7.0,4.0,3.0,7.0,2.0
65,CLBP,1202,False,6.0,7.0,4.0,3.0,7.0,2.0
66,CLBP,1202,False,6.0,7.0,4.0,3.0,7.0,2.0
67,CLBP,1202,False,6.0,7.0,4.0,3.0,7.0,2.0
68,CLBP,1202,False,6.0,7.0,4.0,3.0,7.0,2.0
69,CLBP,1202,False,7.0,8.0,4.0,3.0,6.0,2.0
70,CLBP,1202,False,6.0,7.0,4.0,3.0,7.0,2.0
71,CLBP,1202,False,6.0,7.0,4.0,3.0,7.0,2.0
72,CLBP,1202,False,6.0,7.0,4.0,3.0,7.0,2.0
73,CLBP,1202,False,6.0,7.0,4.0,3.0,7.0,2.0
74,CLBP,1202,False,7.0,8.0,4.0,3.0,6.0,2.0
75,CLBP,1202,False,6.0,7.0,4.0,3.0,7.0,2.0
76,CLBP,1202,False,7.0,8.0,4.0,3.0,6.0,2.0
77,CLBP,1202,False,6.0,7.0,4.0,3.0,7.0,2.0
78,CLBP,1202,False,6.0,7.0,4.0,3.0,7.0,2.0
79,CLBP,1202,False,7.0,8.0,4.0,3.0,6.0,2.0
80,CLBP,1202,False,7.0,8.0,4.0,3.0,6.0,2.0
81,CLBP,1202,False,6.0,7.0,4.0,3.0,7.0,2.0
82,CLBP,1202,False,7.0,8.0,4.0,3.0,6.0,2.0
83,CLBP,1202,False,7.0,8.0,4.0,3.0,6.0,2.0
84,CLBP,1202,False,7.0,8.0,4.0,3.0,6.0,2.0
85,CLBP,1202,False,6.0,7.0,4.0,3.0,7.0,2.0
86,CLBP,1202,False,7.0,6.0,8.0,4.0,6.0,3.0
87,CLBP,1202,False,6.0,7.0,4.0,3.0,7.0,2.0
88,CLBP,1202,False,6.0,7.0,4.0,3.0,7.0,2.0
89,CLBP,1202,False,7.0,8.0,4.0,3.0,6.0,2.0
90,CLBP,1202,False,7.0,8.0,4.0,3.0,6.0,2.0
91,CLBP,1202,False,6.0,7.0,4.0,3.0,7.0,2.0
92,CLBP,1202,False,6.0,7.0,4.0,3.0,7.0,2.0
93,CLBP,1202,False,6.0,7.0,4.0,3.0,7.0,2.0
94,CLBP,1202,False,6.0,7.0,4.0,3.0,7.0,2.0
95,CLBP,1202,False,6.0,7.0,4.0,3.0,7.0,2.0
96,CLBP,1202,False,7.0,8.0,4.0,3.0,6.0,2.0
97,CLBP,1202,False,7.0,8.0,4.0,3.0,6.0,2.0
98,CLBP,1202,False,6.0,7.0,4.0,3.0,7.0,2.0
99,CLBP,1202,False,6.0,7.0,4.0,3.0,7.0,2.0
0,CLBP,1203,False,6.0,7.0,4.0,3.0,7.0,4.0
1,CLBP,1203,False,6.0,7.0,4.0,3.0,7.0,5.0
2,CLBP,1203,False,6.0,5.0,4.0,3.0,7.0,4.0
3,CLBP,1203,False,6.0,7.0,4.0,3.0,7.0,5.0
4,CLBP,1203,False,6.0,7.0,4.0,3.0,6.0,4.0
5,CLBP,1203,False,6.0,7.0,4.0,3.0,6.0,4.0
6,CLBP,1203,False,6.0,7.0,4.0,3.0,7.0,4.0
7,CLBP,1203,False,6.0,7.0,4.0,3.0,7.0,4.0
8,CLBP,1203,False,6.0,7.0,4.0,3.0,6.0,4.0
9,CLBP,1203,False,7.0,6.0,4.0,3.0,6.0,5.0
10,CLBP,1203,False,6.0,7.0,4.0,3.0,6.0,4.0
11,CLBP,1203,False,6.0,7.0,4.0,3.0,6.0,5.0
12,CLBP,1203,False,7.0,6.0,5.0,4.0,6.0,5.0
13,CLBP,1203,False,6.0,7.0,4.0,3.0,6.0,4.0
14,CLBP,1203,False,6.0,7.0,4.0,3.0,6.0,4.0
15,CLBP,1203,False,6.0,7.0,4.0,3.0,6.0,5.0
16,CLBP,1203,False,6.0,7.0,4.0,3.0,7.0,5.0
17,CLBP,1203,False,7.0,6.0,8.0,4.0,6.0,5.0
18,CLBP,1203,False,6.0,7.0,4.0,3.0,7.0,4.0
19,CLBP,1203,False,6.0,7.0,4.0,3.0,6.0,4.0
20,CLBP,1203,False,6.0,5.0,7.0,4.0,7.0,5.0
21,CLBP,1203,False,6.0,7.0,4.0,3.0,7.0,5.0
22,CLBP,1203,False,6.0,7.0,4.0,3.0,6.0,5.0
23,CLBP,1203,False,6.0,7.0,4.0,3.0,6.0,5.0
24,CLBP,1203,False,7.0,6.0,5.0,4.0,6.0,5.0
25,CLBP,1203,False,6.0,5.0,4.0,3.0,7.0,4.0
26,CLBP,1203,False,6.0,7.0,4.0,3.0,6.0,4.0
27,CLBP,1203,False,6.0,7.0,4.0,3.0,6.0,4.0
28,CLBP,1203,False,6.0,7.0,4.0,3.0,7.0,5.0
29,CLBP,1203,False,6.0,7.0,4.0,3.0,6.0,5.0
30,CLBP,1203,False,6.0,7.0,4.0,3.0,6.0,4.0
31,CLBP,1203,False,6.0,7.0,4.0,3.0,7.0,5.0
32,CLBP,1203,False,6.0,7.0,4.0,3.0,6.0,5.0
33,CLBP,1203,False,6.0,7.0,4.0,3.0,6.0,5.0
34,CLBP,1203,False,6.0,7.0,4.0,3.0,6.0,5.0
35,CLBP,1203,False,7.0,6.0,4.0,3.0,6.0,5.0
36,CLBP,1203,False,6.0,7.0,4.0,3.0,6.0,5.0
37,CLBP,1203,False,6.0,7.0,4.0,3.0,6.0,5.0
38,CLBP,1203,False,6.0,7.0,4.0,3.0,7.0,5.0
39,CLBP,1203,False,6.0,7.0,4.0,3.0,6.0,5.0
40,CLBP,1203,False,6.0,7.0,4.0,3.0,7.0,5.0
41,CLBP,1203,False,6.0,7.0,4.0,3.0,6.0,5.0
42,CLBP,1203,False,6.0,7.0,4.0,3.0,7.0,5.0
43,CLBP,1203,False,6.0,7.0,4.0,3.0,7.0,5.0
44,CLBP,1203,False,6.0,7.0,4.0,3.0,6.0,5.0
45,CLBP,1203,False,6.0,7.0,4.0,3.0,6.0,5.0
46,CLBP,1203,False,6.0,7.0,4.0,3.0,6.0,4.0
47,CLBP,1203,True,,,,,,
48,CLBP,1203,False,6.0,7.0,4.0,3.0,7.0,4.0
49,CLBP,1203,False,6.0,7.0,4.0,3.0,6.0,5.0
50,CLBP,1203,False,6.0,7.0,4.0,3.0,6.0,4.0
51,CLBP,1203,False,6.0,7.0,4.0,3.0,6.0,5.0
52,CLBP,1203,False,6.0,5.0,4.0,3.0,7.0,4.0
53,CLBP,1203,False,7.0,6.0,4.0,3.0,6.0,5.0
54,CLBP,1203,False,6.0,7.0,4.0,3.0,7.0,5.0
55,CLBP,1203,False,6.0,7.0,4.0,3.0,7.0,4.0
56,CLBP,1203,False,6.0,7.0,4.0,3.0,6.0,4.0
57,CLBP,1203,False,6.0,7.0,4.0,3.0,7.0,5.0
58,CLBP,1203,False,7.0,6.0,4.0,3.0,6.0,4.0
59,CLBP,1203,False,6.0,7.0,4.0,3.0,6.0,5.0
60,CLBP,1203,False,6.0,7.0,4.0,3.0,6.0,5.0
61,CLBP,1203,False,6.0,7.0,4.0,3.0,7.0,5.0
62,CLBP,1203,False,6.0,7.0,4.0,3.0,7.0,5.0
63,CLBP,1203,False,6.0,7.0,4.0,3.0,7.0,5.0
64,CLBP,1203,False,6.0,7.0,4.0,3.0,7.0,5.0
65,CLBP,1203,False,7.0,6.0,4.0,4.0,6.0,5.0
66,CLBP,1203,False,7.0,6.0,4.0,3.0,6.0,5.0
67,CLBP,1203,False,7.0,6.0,4.0,4.0,6.0,5.0
68,CLBP,1203,False,7.0,6.0,5.0,4.0,6.0,5.0
69,CLBP,1203,False,6.0,7.0,4.0,3.0,6.0,4.0
70,CLBP,1203,False,6.0,5.0,4.0,3.0,7.0,4.0
71,CLBP,1203,False,6.0,7.0,4.0,3.0,6.0,5.0
72,CLBP,1203,False,6.0,7.0,4.0,3.0,6.0,4.0
73,CLBP,1203,False,6.0,7.0,4.0,3.0,7.0,4.0
74,CLBP,1203,False,6.0,5.0,7.0,4.0,6.0,5.0
75,CLBP,1203,False,6.0,7.0,4.0,3.0,7.0,5.0
76,CLBP,1203,False,6.0,7.0,4.0,3.0,6.0,5.0
77,CLBP,1203,False,7.0,8.0,4.0,3.0,6.0,5.0
78,CLBP,1203,False,6.0,7.0,4.0,3.0,6.0,4.0
79,CLBP,1203,False,7.0,8.0,4.0,3.0,6.0,5.0
80,CLBP,1203,False,6.0,7.0,4.0,3.0,6.0,4.0
81,CLBP,1203,False,6.0,7.0,4.0,3.0,7.0,5.0
82,CLBP,1203,False,6.0,7.0,4.0,3.0,5.0,4.0
83,CLBP,1203,False,6.0,7.0,4.0,3.0,6.0,5.0
84,CLBP,1203,False,6.0,7.0,4.0,3.0,7.0,4.0
85,CLBP,1203,False,6.0,7.0,4.0,3.0,6.0,5.0
86,CLBP,1203,False,6.0,7.0,4.0,3.0,7.0,4.0
87,CLBP,1203,False,6.0,7.0,4.0,3.0,6.0,5.0
88,CLBP,1203,False,6.0,7.0,4.0,3.0,7.0,4.0
89,CLBP,1203,False,6.0,7.0,4.0,3.0,6.0,4.0
90,CLBP,1203,False,6.0,7.0,4.0,3.0,6.0,5.0
91,CLBP,1203,False,7.0,6.0,4.0,3.0,6.0,5.0
92,CLBP,1203,False,6.0,7.0,4.0,3.0,6.0,5.0
93,CLBP,1203,False,6.0,7.0,4.0,3.0,6.0,5.0
94,CLBP,1203,False,7.0,6.0,4.0,3.0,6.0,5.0
95,CLBP,1203,False,6.0,7.0,4.0,3.0,6.0,4.0
96,CLBP,1203,False,6.0,7.0,4.0,3.0,6.0,5.0
97,CLBP,1203,False,6.0,7.0,4.0,3.0,7.0,4.0
98,CLBP,1203,False,7.0,8.0,4.0,3.0,6.0,5.0
99,CLBP,1203,False,6.0,7.0,4.0,3.0,6.0,5.0
0,CLBP,1204,False,4.0,5.0,3.0,6.0,5.0,4.0
1,CLBP,1204,False,4.0,3.0,6.0,5.0,6.0,4.0
2,CLBP,1204,False,4.0,3.0,6.0,6.0,5.0,4.0
3,CLBP,1204,False,4.0,3.0,6.0,6.0,5.0,4.0
4,CLBP,1204,False,4.0,6.0,3.0,6.0,5.0,4.0
5,CLBP,1204,False,4.0,5.0,3.0,6.0,5.0,4.0
6,CLBP,1204,False,4.0,3.0,5.0,6.0,5.0,4.0
7,CLBP,1204,False,4.0,3.0,6.0,6.0,5.0,5.0
8,CLBP,1204,False,4.0,6.0,3.0,5.0,6.0,4.0
9,CLBP,1204,False,4.0,3.0,6.0,5.0,6.0,4.0
10,CLBP,1204,False,4.0,3.0,6.0,7.0,5.0,6.0
11,CLBP,1204,False,6.0,5.0,7.0,4.0,6.0,5.0
12,CLBP,1204,False,6.0,5.0,7.0,4.0,6.0,3.0
13,CLBP,1204,False,4.0,3.0,5.0,6.0,5.0,4.0
14,CLBP,1204,False,4.0,3.0,5.0,6.0,5.0,4.0
15,CLBP,1204,False,4.0,3.0,5.0,6.0,5.0,4.0
16,CLBP,1204,False,4.0,6.0,3.0,5.0,6.0,4.0
17,CLBP,1204,False,4.0,3.0,6.0,7.0,5.0,6.0
18,CLBP,1204,False,4.0,3.0,6.0,5.0,6.0,4.0
19,CLBP,1204,False,4.0,3.0,5.0,6.0,5.0,4.0
20,CLBP,1204,False,4.0,3.0,5.0,6.0,5.0,4.0
21,CLBP,1204,False,4.0,3.0,5.0,6.0,5.0,4.0
22,CLBP,1204,False,4.0,3.0,5.0,6.0,5.0,4.0
23,CLBP,1204,False,4.0,3.0,6.0,5.0,6.0,4.0
24,CLBP,1204,False,4.0,3.0,5.0,6.0,5.0,4.0
25,CLBP,1204,False,4.0,6.0,3.0,5.0,6.0,4.0
26,CLBP,1204,False,4.0,3.0,6.0,7.0,5.0,6.0
27,CLBP,1204,False,4.0,3.0,6.0,5.0,6.0,4.0
28,CLBP,1204,False,4.0,6.0,3.0,6.0,5.0,4.0
29,CLBP,1204,False,4.0,3.0,6.0,5.0,6.0,4.0
30,CLBP,1204,False,4.0,3.0,6.0,5.0,6.0,4.0
31,CLBP,1204,False,4.0,3.0,5.0,6.0,5.0,4.0
32,CLBP,1204,False,4.0,6.0,3.0,5.0,6.0,4.0
33,CLBP,1204,False,4.0,6.0,3.0,5.0,6.0,4.0
34,CLBP,1204,False,4.0,3.0,5.0,6.0,5.0,4.0
35,CLBP,1204,False,4.0,6.0,3.0,5.0,6.0,4.0
36,CLBP,1204,False,4.0,5.0,3.0,6.0,5.0,4.0
37,CLBP,1204,False,4.0,3.0,5.0,6.0,5.0,4.0
38,CLBP,1204,False,4.0,3.0,5.0,6.0,5.0,4.0
39,CLBP,1204,False,4.0,3.0,5.0,6.0,5.0,4.0
40,CLBP,1204,False,4.0,3.0,5.0,6.0,5.0,4.0
41,CLBP,1204,False,4.0,3.0,5.0,6.0,5.0,4.0
42,CLBP,1204,False,4.0,5.0,3.0,6.0,5.0,4.0
43,CLBP,1204,False,4.0,3.0,6.0,5.0,6.0,4.0
44,CLBP,1204,False,4.0,3.0,6.0,5.0,6.0,4.0
45,CLBP,1204,False,4.0,3.0,5.0,6.0,5.0,4.0
46,CLBP,1204,False,4.0,3.0,5.0,6.0,5.0,4.0
47,CLBP,1204,True,,,,,,
48,CLBP,1204,False,4.0,3.0,5.0,6.0,5.0,4.0
49,CLBP,1204,False,4.0,6.0,2.0,5.0,6.0,4.0
50,CLBP,1204,False,4.0,3.0,5.0,6.0,5.0,4.0
51,CLBP,1204,False,4.0,5.0,3.0,6.0,7.0,5.0
52,CLBP,1204,False,4.0,3.0,5.0,6.0,5.0,4.0
53,CLBP,1204,False,4.0,3.0,5.0,6.0,5.0,4.0
54,CLBP,1204,False,6.0,5.0,7.0,4.0,6.0,3.0
55,CLBP,1204,False,4.0,3.0,6.0,5.0,6.0,4.0
56,CLBP,1204,False,4.0,5.0,3.0,6.0,5.0,4.0
57,CLBP,1204,False,6.0,5.0,7.0,4.0,6.0,5.0
58,CLBP,1204,False,4.0,3.0,5.0,6.0,5.0,4.0
59,CLBP,1204,False,4.0,3.0,5.0,6.0,5.0,4.0
60,CLBP,1204,False,4.0,5.0,3.0,6.0,5.0,4.0
61,CLBP,1204,False,4.0,5.0,3.0,6.0,5.0,4.0
62,CLBP,1204,False,4.0,6.0,3.0,5.0,6.0,4.0
63,CLBP,1204,False,4.0,3.0,6.0,5.0,6.0,4.0
64,CLBP,1204,False,4.0,3.0,6.0,5.0,6.0,4.0
65,CLBP,1204,False,4.0,3.0,5.0,6.0,5.0,4.0
66,CLBP,1204,False,4.0,3.0,5.0,6.0,5.0,4.0
67,CLBP,1204,False,4.0,3.0,5.0,6.0,5.0,4.0
68,CLBP,1204,False,4.0,3.0,5.0,6.0,5.0,4.0
69,CLBP,1204,False,4.0,6.0,3.0,5.0,6.0,4.0
70,CLBP,1204,False,4.0,3.0,5.0,6.0,5.0,4.0
71,CLBP,1204,False,4.0,6.0,2.0,6.0,5.0,4.0
72,CLBP,1204,False,4.0,3.0,6.0,5.0,6.0,4.0
73,CLBP,1204,False,4.0,3.0,5.0,6.0,5.0,4.0
74,CLBP,1204,False,4.0,6.0,3.0,5.0,6.0,4.0
75,CLBP,1204,False,4.0,3.0,5.0,6.0,5.0,4.0
76,CLBP,1204,False,4.0,3.0,6.0,5.0,6.0,4.0
77,CLBP,1204,False,4.0,3.0,6.0,5.0,6.0,4.0
78,CLBP,1204,False,4.0,3.0,5.0,6.0,5.0,4.0
79,CLBP,1204,False,4.0,6.0,3.0,5.0,6.0,4.0
80,CLBP,1204,False,4.0,3.0,6.0,5.0,6.0,4.0
81,CLBP,1204,False,4.0,3.0,5.0,6.0,5.0,4.0
82,CLBP,1204,False,4.0,3.0,6.0,7.0,5.0,8.0
83,CLBP,1204,False,4.0,3.0,5.0,6.0,5.0,4.0
84,CLBP,1204,False,4.0,3.0,6.0,5.0,6.0,4.0
85,CLBP,1204,False,4.0,3.0,5.0,6.0,5.0,4.0
86,CLBP,1204,False,4.0,3.0,5.0,6.0,5.0,4.0
87,CLBP,1204,False,4.0,3.0,5.0,6.0,5.0,4.0
88,CLBP,1204,False,4.0,3.0,5.0,6.0,5.0,4.0
89,CLBP,1204,False,4.0,6.0,3.0,5.0,6.0,4.0
90,CLBP,1204,False,4.0,5.0,3.0,6.0,5.0,4.0
91,CLBP,1204,False,4.0,3.0,6.0,5.0,6.0,4.0
92,CLBP,1204,False,4.0,3.0,5.0,6.0,5.0,4.0
93,CLBP,1204,False,4.0,3.0,6.0,7.0,5.0,6.0
94,CLBP,1204,False,4.0,3.0,5.0,6.0,5.0,4.0
95,CLBP,1204,False,4.0,6.0,3.0,5.0,6.0,4.0
96,CLBP,1204,False,4.0,6.0,3.0,5.0,6.0,4.0
97,CLBP,1204,False,4.0,3.0,5.0,6.0,5.0,4.0
98,CLBP,1204,False,4.0,3.0,5.0,6.0,5.0,4.0
99,CLBP,1204,False,4.0,3.0,5.0,6.0,5.0,4.0
0,CLBP,1205,False,6.0,7.0,3.0,2.0,7.0,2.0
1,CLBP,1205,False,6.0,7.0,2.0,2.0,7.0,3.0
2,CLBP,1205,False,6.0,7.0,4.0,2.0,7.0,3.0
3,CLBP,1205,False,6.0,7.0,2.0,2.0,7.0,1.0
4,CLBP,1205,False,6.0,7.0,2.0,2.0,7.0,1.0
5,CLBP,1205,False,7.0,8.0,4.0,2.0,6.0,3.0
6,CLBP,1205,False,7.0,8.0,3.0,2.0,6.0,2.0
7,CLBP,1205,False,6.0,7.0,3.0,2.0,7.0,1.0
8,CLBP,1205,False,6.0,7.0,3.0,2.0,7.0,1.0
9,CLBP,1205,False,6.0,7.0,2.0,2.0,7.0,1.0
10,CLBP,1205,False,6.0,7.0,4.0,2.0,7.0,3.0
11,CLBP,1205,False,6.0,7.0,4.0,2.0,7.0,3.0
12,CLBP,1205,False,7.0,8.0,3.0,2.0,6.0,1.0
13,CLBP,1205,False,6.0,7.0,3.0,2.0,7.0,2.0
14,CLBP,1205,False,6.0,7.0,3.0,2.0,7.0,2.0
15,CLBP,1205,False,7.0,8.0,3.0,2.0,6.0,2.0
16,CLBP,1205,False,6.0,7.0,4.0,2.0,7.0,3.0
17,CLBP,1205,False,6.0,7.0,4.0,2.0,7.0,3.0
18,CLBP,1205,False,6.0,7.0,4.0,2.0,7.0,3.0
19,CLBP,1205,False,6.0,7.0,4.0,2.0,7.0,3.0
20,CLBP,1205,False,6.0,7.0,2.0,2.0,7.0,1.0
21,CLBP,1205,False,6.0,7.0,2.0,2.0,7.0,1.0
22,CLBP,1205,False,7.0,8.0,2.0,2.0,6.0,1.0
23,CLBP,1205,False,6.0,7.0,4.0,2.0,7.0,3.0
24,CLBP,1205,False,6.0,7.0,4.0,2.0,7.0,3.0
25,CLBP,1205,False,6.0,7.0,4.0,2.0,7.0,3.0
26,CLBP,1205,False,6.0,7.0,4.0,2.0,7.0,3.0
27,CLBP,1205,False,6.0,7.0,3.0,2.0,7.0,2.0
28,CLBP,1205,False,6.0,7.0,4.0,2.0,7.0,3.0
29,CLBP,1205,False,6.0,7.0,4.0,2.0,7.0,3.0
30,CLBP,1205,False,6.0,7.0,4.0,2.0,7.0,3.0
31,CLBP,1205,False,6.0,7.0,4.0,2.0,7.0,3.0
32,CLBP,1205,False,6.0,7.0,4.0,2.0,7.0,3.0
33,CLBP,1205,False,6.0,7.0,4.0,2.0,7.0,3.0
34,CLBP,1205,False,6.0,7.0,3.0,2.0,7.0,2.0
35,CLBP,1205,False,6.0,7.0,3.0,2.0,7.0,2.0
36,CLBP,1205,False,6.0,7.0,2.0,2.0,7.0,1.0
37,CLBP,1205,False,6.0,7.0,4.0,2.0,7.0,3.0
38,CLBP,1205,False,6.0,7.0,4.0,2.0,7.0,3.0
39,CLBP,1205,False,6.0,7.0,4.0,2.0,7.0,3.0
40,CLBP,1205,False,6.0,7.0,3.0,2.0,7.0,2.0
41,CLBP,1205,False,6.0,7.0,3.0,2.0,7.0,2.0
42,CLBP,1205,False,6.0,7.0,4.0,2.0,7.0,3.0
43,CLBP,1205,False,6.0,7.0,4.0,2.0,7.0,3.0
44,CLBP,1205,False,6.0,7.0,4.0,2.0,7.0,3.0
45,CLBP,1205,False,6.0,7.0,3.0,2.0,7.0,1.0
46,CLBP,1205,False,6.0,7.0,3.0,2.0,7.0,1.0
47,CLBP,1205,True,,,,,,
48,CLBP,1205,False,6.0,7.0,3.0,2.0,7.0,1.0
49,CLBP,1205,False,6.0,7.0,3.0,2.0,7.0,1.0
50,CLBP,1205,False,6.0,7.0,4.0,2.0,7.0,3.0
51,CLBP,1205,False,6.0,7.0,3.0,2.0,7.0,2.0
52,CLBP,1205,False,6.0,7.0,2.0,2.0,7.0,3.0
53,CLBP,1205,False,6.0,7.0,4.0,2.0,7.0,3.0
54,CLBP,1205,False,6.0,7.0,4.0,2.0,7.0,3.0
55,CLBP,1205,False,6.0,7.0,3.0,2.0,7.0,1.0
56,CLBP,1205,False,6.0,7.0,4.0,2.0,7.0,3.0
57,CLBP,1205,False,6.0,7.0,3.0,2.0,7.0,1.0
58,CLBP,1205,False,6.0,7.0,3.0,2.0,7.0,1.0
59,CLBP,1205,False,6.0,7.0,4.0,2.0,7.0,3.0
60,CLBP,1205,False,6.0,7.0,4.0,2.0,7.0,3.0
61,CLBP,1205,False,7.0,8.0,4.0,2.0,6.0,3.0
62,CLBP,1205,False,6.0,7.0,3.0,2.0,7.0,2.0
63,CLBP,1205,False,6.0,7.0,2.0,2.0,7.0,1.0
64,CLBP,1205,False,6.0,7.0,4.0,2.0,7.0,3.0
65,CLBP,1205,False,6.0,7.0,4.0,2.0,7.0,3.0
66,CLBP,1205,False,6.0,7.0,4.0,2.0,7.0,3.0
67,CLBP,1205,False,7.0,8.0,2.0,2.0,6.0,1.0
68,CLBP,1205,False,6.0,7.0,3.0,2.0,7.0,1.0
69,CLBP,1205,False,7.0,8.0,2.0,2.0,6.0,3.0
70,CLBP,1205,False,6.0,7.0,4.0,2.0,7.0,3.0
71,CLBP,1205,False,6.0,7.0,4.0,2.0,7.0,3.0
72,CLBP,1205,False,6.0,7.0,4.0,2.0,7.0,3.0
73,CLBP,1205,False,6.0,7.0,4.0,2.0,7.0,3.0
74,CLBP,1205,False,6.0,7.0,3.0,2.0,7.0,2.0
75,CLBP,1205,False,7.0,8.0,3.0,2.0,6.0,2.0
76,CLBP,1205,False,6.0,7.0,3.0,2.0,7.0,2.0
77,CLBP,1205,False,6.0,7.0,2.0,2.0,7.0,1.0
78,CLBP,1205,False,6.0,7.0,3.0,2.0,7.0,2.0
79,CLBP,1205,False,7.0,8.0,3.0,2.0,6.0,1.0
80,CLBP,1205,False,6.0,7.0,4.0,2.0,7.0,3.0
81,CLBP,1205,False,6.0,7.0,4.0,2.0,7.0,3.0
82,CLBP,1205,False,6.0,7.0,2.0,2.0,7.0,1.0
83,CLBP,1205,False,6.0,7.0,4.0,2.0,7.0,3.0
84,CLBP,1205,False,6.0,7.0,4.0,2.0,7.0,3.0
85,CLBP,1205,False,6.0,7.0,4.0,2.0,7.0,3.0
86,CLBP,1205,False,6.0,7.0,4.0,2.0,7.0,3.0
87,CLBP,1205,False,7.0,8.0,3.0,2.0,6.0,2.0
88,CLBP,1205,False,6.0,7.0,4.0,2.0,7.0,3.0
89,CLBP,1205,False,7.0,8.0,3.0,2.0,6.0,1.0
90,CLBP,1205,False,7.0,8.0,3.0,2.0,6.0,1.0
91,CLBP,1205,False,6.0,7.0,4.0,2.0,7.0,3.0
92,CLBP,1205,False,6.0,7.0,3.0,2.0,7.0,2.0
93,CLBP,1205,False,6.0,7.0,4.0,2.0,7.0,3.0
94,CLBP,1205,False,6.0,7.0,3.0,2.0,7.0,2.0
95,CLBP,1205,False,7.0,8.0,4.0,2.0,6.0,3.0
96,CLBP,1205,False,7.0,8.0,3.0,2.0,6.0,1.0
97,CLBP,1205,False,7.0,8.0,4.0,2.0,6.0,3.0
98,CLBP,1205,False,7.0,8.0,3.0,2.0,6.0,2.0
99,CLBP,1205,False,6.0,7.0,4.0,2.0,7.0,3.0
0,CLBP,1206,False,7.0,8.0,4.0,2.0,6.0,3.0
1,CLBP,1206,False,6.0,7.0,4.0,3.0,7.0,2.0
2,CLBP,1206,False,7.0,8.0,4.0,2.0,6.0,3.0
3,CLBP,1206,False,7.0,8.0,4.0,2.0,6.0,3.0
4,CLBP,1206,False,7.0,8.0,4.0,2.0,6.0,3.0
5,CLBP,1206,False,7.0,8.0,4.0,2.0,6.0,3.0
6,CLBP,1206,False,7.0,8.0,4.0,2.0,6.0,3.0
7,CLBP,1206,False,7.0,8.0,4.0,2.0,6.0,3.0
8,CLBP,1206,False,7.0,8.0,4.0,2.0,6.0,3.0
9,CLBP,1206,False,6.0,7.0,4.0,2.0,7.0,3.0
10,CLBP,1206,False,7.0,8.0,4.0,2.0,6.0,3.0
11,CLBP,1206,False,7.0,8.0,4.0,2.0,6.0,3.0
12,CLBP,1206,False,7.0,8.0,4.0,3.0,6.0,2.0
13,CLBP,1206,False,6.0,7.0,4.0,2.0,7.0,3.0
14,CLBP,1206,False,6.0,7.0,4.0,2.0,7.0,3.0
15,CLBP,1206,False,6.0,7.0,4.0,2.0,7.0,3.0
16,CLBP,1206,False,6.0,7.0,4.0,2.0,7.0,3.0
17,CLBP,1206,False,6.0,7.0,4.0,2.0,7.0,3.0
18,CLBP,1206,False,6.0,7.0,4.0,3.0,7.0,2.0
19,CLBP,1206,False,6.0,7.0,4.0,2.0,7.0,3.0
20,CLBP,1206,False,6.0,7.0,4.0,2.0,7.0,3.0
21,CLBP,1206,False,7.0,8.0,4.0,2.0,6.0,3.0
22,CLBP,1206,False,7.0,8.0,4.0,2.0,6.0,3.0
23,CLBP,1206,False,6.0,7.0,4.0,2.0,7.0,3.0
24,CLBP,1206,False,6.0,7.0,4.0,2.0,7.0,3.0
25,CLBP,1206,False,8.0,8.0,4.0,3.0,6.0,4.0
26,CLBP,1206,False,7.0,8.0,4.0,2.0,6.0,3.0
27,CLBP,1206,False,6.0,7.0,4.0,2.0,7.0,3.0
28,CLBP,1206,False,8.0,8.0,4.0,2.0,6.0,3.0
29,CLBP,1206,False,6.0,7.0,4.0,2.0,7.0,3.0
30,CLBP,1206,False,6.0,7.0,4.0,2.0,7.0,3.0
31,CLBP,1206,False,7.0,8.0,4.0,2.0,6.0,3.0
32,CLBP,1206,False,6.0,7.0,4.0,2.0,7.0,3.0
33,CLBP,1206,False,7.0,8.0,4.0,2.0,6.0,3.0
34,CLBP,1206,False,7.0,8.0,4.0,2.0,6.0,3.0
35,CLBP,1206,False,6.0,7.0,4.0,2.0,7.0,3.0
36,CLBP,1206,False,6.0,7.0,4.0,2.0,7.0,3.0
37,CLBP,1206,False,7.0,8.0,4.0,2.0,6.0,3.0
38,CLBP,1206,False,8.0,8.0,4.0,2.0,6.0,3.0
39,CLBP,1206,False,7.0,8.0,4.0,2.0,6.0,3.0
40,CLBP,1206,False,7.0,8.0,4.0,2.0,6.0,3.0
41,CLBP,1206,False,8.0,9.0,4.0,2.0,6.0,3.0
42,CLBP,1206,False,7.0,8.0,4.0,2.0,6.0,3.0
43,CLBP,1206,False,7.0,8.0,4.0,2.0,6.0,3.0
44,CLBP,1206,False,7.0,8.0,4.0,3.0,6.0,2.0
45,CLBP,1206,False,6.0,7.0,4.0,3.0,7.0,2.0
46,CLBP,1206,False,6.0,7.0,4.0,2.0,7.0,3.0
47,CLBP,1206,True,,,,,,
48,CLBP,1206,False,6.0,7.0,4.0,2.0,7.0,3.0
49,CLBP,1206,False,7.0,8.0,4.0,3.0,6.0,2.0
50,CLBP,1206,False,8.0,9.0,4.0,3.0,6.0,2.0
51,CLBP,1206,False,6.0,7.0,4.0,2.0,7.0,3.0
52,CLBP,1206,False,7.0,8.0,4.0,3.0,6.0,2.0
53,CLBP,1206,False,7.0,8.0,4.0,2.0,6.0,3.0
54,CLBP,1206,False,7.0,8.0,4.0,2.0,6.0,3.0
55,CLBP,1206,False,6.0,7.0,4.0,2.0,7.0,3.0
56,CLBP,1206,False,7.0,8.0,4.0,2.0,6.0,3.0
57,CLBP,1206,False,8.0,9.0,4.0,2.0,6.0,3.0
58,CLBP,1206,False,6.0,7.0,4.0,2.0,7.0,3.0
59,CLBP,1206,False,6.0,7.0,4.0,2.0,7.0,3.0
60,CLBP,1206,False,7.0,8.0,4.0,2.0,6.0,3.0
61,CLBP,1206,False,6.0,7.0,4.0,2.0,7.0,3.0
62,CLBP,1206,False,6.0,7.0,4.0,2.0,7.0,3.0
63,CLBP,1206,False,7.0,8.0,4.0,2.0,6.0,3.0
64,CLBP,1206,False,7.0,8.0,4.0,2.0,6.0,3.0
65,CLBP,1206,False,7.0,8.0,4.0,2.0,6.0,3.0
66,CLBP,1206,False,7.0,8.0,4.0,3.0,6.0,2.0
67,CLBP,1206,False,6.0,7.0,4.0,2.0,7.0,3.0
68,CLBP,1206,False,7.0,8.0,4.0,2.0,6.0,3.0
69,CLBP,1206,False,7.0,8.0,4.0,2.0,6.0,3.0
70,CLBP,1206,False,6.0,7.0,4.0,2.0,7.0,3.0
71,CLBP,1206,False,7.0,8.0,4.0,3.0,6.0,2.0
72,CLBP,1206,False,7.0,8.0,4.0,2.0,6.0,3.0
73,CLBP,1206,False,8.0,9.0,4.0,2.0,6.0,3.0
74,CLBP,1206,False,6.0,7.0,4.0,2.0,7.0,3.0
75,CLBP,1206,False,7.0,8.0,4.0,2.0,6.0,3.0
76,CLBP,1206,False,6.0,7.0,4.0,2.0,7.0,3.0
77,CLBP,1206,False,7.0,8.0,4.0,2.0,6.0,3.0
78,CLBP,1206,False,6.0,7.0,4.0,2.0,7.0,3.0
79,CLBP,1206,False,6.0,7.0,4.0,2.0,7.0,3.0
80,CLBP,1206,False,7.0,8.0,4.0,2.0,6.0,3.0
81,CLBP,1206,False,7.0,8.0,4.0,2.0,6.0,3.0
82,CLBP,1206,False,7.0,8.0,4.0,3.0,6.0,2.0
83,CLBP,1206,False,6.0,7.0,4.0,2.0,7.0,3.0
84,CLBP,1206,False,6.0,7.0,4.0,2.0,7.0,3.0
85,CLBP,1206,False,7.0,8.0,4.0,2.0,6.0,3.0
86,CLBP,1206,False,7.0,8.0,4.0,2.0,6.0,3.0
87,CLBP,1206,False,7.0,8.0,4.0,2.0,6.0,3.0
88,CLBP,1206,False,7.0,8.0,4.0,2.0,6.0,3.0
89,CLBP,1206,False,7.0,8.0,4.0,3.0,6.0,2.0
90,CLBP,1206,False,7.0,8.0,4.0,2.0,6.0,3.0
91,CLBP,1206,False,7.0,8.0,4.0,2.0,6.0,3.0
92,CLBP,1206,False,7.0,8.0,4.0,2.0,6.0,3.0
93,CLBP,1206,False,7.0,8.0,4.0,2.0,6.0,3.0
94,CLBP,1206,False,7.0,8.0,4.0,2.0,6.0,3.0
95,CLBP,1206,False,7.0,8.0,4.0,2.0,6.0,3.0
96,CLBP,1206,False,6.0,7.0,4.0,2.0,7.0,3.0
97,CLBP,1206,False,6.0,7.0,4.0,2.0,7.0,3.0
98,CLBP,1206,False,6.0,7.0,4.0,2.0,7.0,3.0
99,CLBP,1206,False,6.0,7.0,4.0,2.0,7.0,3.0
0,CLBP,1207,False,6.0,7.0,4.0,3.0,7.0,2.0
1,CLBP,1207,False,6.0,7.0,4.0,3.0,7.0,2.0
2,CLBP,1207,False,6.0,7.0,3.0,2.0,7.0,2.0
3,CLBP,1207,False,6.0,7.0,3.0,2.0,7.0,2.0
4,CLBP,1207,False,6.0,7.0,2.0,2.0,7.0,1.0
5,CLBP,1207,False,6.0,7.0,3.0,2.0,7.0,1.0
6,CLBP,1207,False,6.0,7.0,3.0,2.0,7.0,2.0
7,CLBP,1207,False,6.0,7.0,3.0,2.0,7.0,1.0
8,CLBP,1207,False,6.0,7.0,3.0,2.0,7.0,1.0
9,CLBP,1207,False,6.0,7.0,3.0,2.0,7.0,2.0
10,CLBP,1207,False,6.0,7.0,4.0,3.0,7.0,2.0
11,CLBP,1207,False,6.0,7.0,2.0,2.0,7.0,1.0
12,CLBP,1207,False,6.0,7.0,4.0,3.0,7.0,2.0
13,CLBP,1207,False,6.0,7.0,2.0,2.0,7.0,1.0
14,CLBP,1207,False,6.0,7.0,4.0,2.0,7.0,3.0
15,CLBP,1207,False,6.0,7.0,4.0,2.0,7.0,3.0
16,CLBP,1207,False,6.0,7.0,2.0,2.0,7.0,1.0
17,CLBP,1207,False,6.0,7.0,4.0,2.0,7.0,3.0
18,CLBP,1207,False,6.0,7.0,2.0,2.0,7.0,1.0
19,CLBP,1207,False,6.0,7.0,4.0,2.0,7.0,3.0
20,CLBP,1207,False,6.0,7.0,2.0,2.0,7.0,1.0
21,CLBP,1207,False,6.0,7.0,4.0,3.0,7.0,2.0
22,CLBP,1207,False,6.0,7.0,3.0,2.0,7.0,2.0
23,CLBP,1207,False,6.0,7.0,2.0,2.0,7.0,1.0
24,CLBP,1207,False,6.0,7.0,3.0,2.0,7.0,2.0
25,CLBP,1207,False,6.0,7.0,3.0,2.0,7.0,2.0
26,CLBP,1207,False,6.0,7.0,3.0,2.0,7.0,1.0
27,CLBP,1207,False,6.0,7.0,3.0,2.0,7.0,2.0
28,CLBP,1207,False,6.0,7.0,3.0,2.0,7.0,1.0
29,CLBP,1207,False,6.0,7.0,3.0,2.0,7.0,1.0
30,CLBP,1207,False,6.0,7.0,3.0,2.0,7.0,2.0
31,CLBP,1207,False,6.0,7.0,4.0,2.0,7.0,3.0
32,CLBP,1207,False,6.0,7.0,3.0,2.0,7.0,1.0
33,CLBP,1207,False,6.0,7.0,3.0,2.0,7.0,2.0
34,CLBP,1207,False,6.0,7.0,4.0,3.0,7.0,2.0
35,CLBP,1207,False,6.0,7.0,3.0,2.0,7.0,1.0
36,CLBP,1207,False,6.0,7.0,2.0,2.0,7.0,1.0
37,CLBP,1207,False,6.0,7.0,4.0,3.0,7.0,2.0
38,CLBP,1207,False,6.0,7.0,2.0,2.0,7.0,1.0
39,CLBP,1207,False,6.0,7.0,2.0,2.0,7.0,1.0
40,CLBP,1207,False,6.0,7.0,2.0,2.0,7.0,1.0
41,CLBP,1207,False,6.0,7.0,4.0,2.0,7.0,3.0
42,CLBP,1207,False,6.0,7.0,2.0,2.0,7.0,1.0
43,CLBP,1207,False,6.0,7.0,3.0,2.0,7.0,1.0
44,CLBP,1207,False,6.0,7.0,3.0,2.0,7.0,2.0
45,CLBP,1207,False,6.0,7.0,2.0,2.0,7.0,1.0
46,CLBP,1207,False,6.0,7.0,3.0,2.0,7.0,1.0
47,CLBP,1207,True,,,,,,
48,CLBP,1207,False,6.0,7.0,2.0,2.0,7.0,1.0
49,CLBP,1207,False,6.0,7.0,2.0,2.0,7.0,1.0
50,CLBP,1207,False,6.0,7.0,4.0,2.0,7.0,3.0
51,CLBP,1207,False,6.0,7.0,3.0,2.0,7.0,2.0
52,CLBP,1207,False,6.0,7.0,3.0,2.0,7.0,2.0
53,CLBP,1207,False,6.0,7.0,4.0,3.0,7.0,2.0
54,CLBP,1207,False,6.0,7.0,3.0,2.0,7.0,1.0
55,CLBP,1207,False,6.0,7.0,2.0,2.0,7.0,1.0
56,CLBP,1207,False,6.0,7.0,2.0,2.0,7.0,1.0
57,CLBP,1207,False,6.0,7.0,3.0,2.0,7.0,1.0
58,CLBP,1207,False,6.0,7.0,3.0,2.0,7.0,2.0
59,CLBP,1207,False,6.0,7.0,3.0,2.0,7.0,2.0
60,CLBP,1207,False,6.0,7.0,3.0,2.0,7.0,2.0
61,CLBP,1207,False,6.0,7.0,4.0,2.0,7.0,3.0
62,CLBP,1207,False,6.0,7.0,4.0,2.0,7.0,3.0
63,CLBP,1207,False,6.0,7.0,4.0,2.0,7.0,3.0
64,CLBP,1207,False,6.0,7.0,2.0,2.0,7.0,1.0
65,CLBP,1207,False,6.0,7.0,3.0,2.0,7.0,1.0
66,CLBP,1207,False,6.0,7.0,3.0,2.0,7.0,1.0
67,CLBP,1207,False,6.0,7.0,3.0,2.0,7.0,2.0
68,CLBP,1207,False,6.0,7.0,2.0,2.0,7.0,1.0
69,CLBP,1207,False,6.0,7.0,3.0,2.0,7.0,2.0
70,CLBP,1207,False,6.0,7.0,2.0,2.0,7.0,1.0
71,CLBP,1207,False,6.0,7.0,4.0,3.0,7.0,2.0
72,CLBP,1207,False,6.0,7.0,4.0,3.0,7.0,2.0
73,CLBP,1207,False,6.0,7.0,4.0,3.0,7.0,2.0
74,CLBP,1207,False,6.0,7.0,2.0,2.0,7.0,1.0
75,CLBP,1207,False,6.0,7.0,3.0,2.0,7.0,2.0
76,CLBP,1207,False,6.0,7.0,4.0,2.0,7.0,3.0
77,CLBP,1207,False,6.0,7.0,3.0,2.0,7.0,2.0
78,CLBP,1207,False,6.0,7.0,2.0,2.0,7.0,1.0
79,CLBP,1207,False,6.0,7.0,4.0,2.0,7.0,3.0
80,CLBP,1207,False,6.0,7.0,3.0,2.0,7.0,2.0
81,CLBP,1207,False,6.0,7.0,4.0,3.0,7.0,2.0
82,CLBP,1207,False,6.0,7.0,4.0,2.0,7.0,3.0
83,CLBP,1207,False,6.0,7.0,4.0,2.0,7.0,3.0
84,CLBP,1207,False,6.0,7.0,3.0,2.0,7.0,2.0
85,CLBP,1207,False,6.0,7.0,2.0,2.0,7.0,1.0
86,CLBP,1207,False,6.0,7.0,3.0,2.0,7.0,2.0
87,CLBP,1207,False,6.0,7.0,3.0,2.0,7.0,1.0
88,CLBP,1207,False,6.0,7.0,3.0,2.0,7.0,2.0
89,CLBP,1207,False,6.0,7.0,2.0,2.0,7.0,1.0
90,CLBP,1207,False,6.0,7.0,2.0,2.0,7.0,1.0
91,CLBP,1207,False,6.0,7.0,3.0,2.0,7.0,2.0
92,CLBP,1207,False,6.0,7.0,2.0,2.0,7.0,1.0
93,CLBP,1207,False,6.0,7.0,2.0,2.0,7.0,1.0
94,CLBP,1207,False,6.0,7.0,2.0,2.0,7.0,1.0
95,CLBP,1207,False,6.0,7.0,2.0,2.0,7.0,1.0
96,CLBP,1207,False,6.0,7.0,2.0,2.0,7.0,1.0
97,CLBP,1207,False,6.0,7.0,3.0,2.0,7.0,2.0
98,CLBP,1207,False,6.0,7.0,4.0,2.0,7.0,3.0
99,CLBP,1207,False,6.0,7.0,3.0,2.0,7.0,1.0
0,CLBP,1208,False,6.0,7.0,4.0,3.0,7.0,5.0
1,CLBP,1208,False,6.0,6.0,4.0,3.0,7.0,5.0
2,CLBP,1208,False,6.0,7.0,4.0,3.0,7.0,5.0
3,CLBP,1208,False,6.0,7.0,4.0,3.0,7.0,5.0
4,CLBP,1208,False,6.0,7.0,4.0,3.0,7.0,5.0
5,CLBP,1208,False,6.0,7.0,4.0,3.0,7.0,5.0
6,CLBP,1208,False,6.0,7.0,4.0,3.0,7.0,5.0
7,CLBP,1208,False,6.0,6.0,4.0,3.0,7.0,5.0
8,CLBP,1208,False,6.0,7.0,4.0,3.0,7.0,5.0
9,CLBP,1208,False,6.0,7.0,4.0,3.0,7.0,5.0
10,CLBP,1208,False,6.0,7.0,4.0,3.0,7.0,5.0
11,CLBP,1208,False,6.0,7.0,4.0,3.0,7.0,5.0
12,CLBP,1208,False,6.0,7.0,4.0,3.0,7.0,5.0
13,CLBP,1208,False,6.0,7.0,4.0,3.0,7.0,5.0
14,CLBP,1208,False,6.0,7.0,4.0,3.0,7.0,5.0
15,CLBP,1208,False,6.0,7.0,4.0,3.0,7.0,5.0
16,CLBP,1208,False,6.0,7.0,4.0,3.0,7.0,5.0
17,CLBP,1208,False,6.0,7.0,4.0,3.0,7.0,5.0
18,CLBP,1208,False,6.0,7.0,4.0,3.0,7.0,5.0
19,CLBP,1208,False,6.0,7.0,4.0,3.0,7.0,5.0
20,CLBP,1208,False,6.0,7.0,4.0,3.0,7.0,5.0
21,CLBP,1208,False,6.0,7.0,4.0,3.0,7.0,5.0
22,CLBP,1208,False,6.0,7.0,4.0,3.0,7.0,5.0
23,CLBP,1208,False,6.0,7.0,4.0,3.0,7.0,5.0
24,CLBP,1208,False,6.0,7.0,4.0,3.0,7.0,5.0
25,CLBP,1208,False,6.0,7.0,4.0,3.0,7.0,5.0
26,CLBP,1208,False,6.0,7.0,4.0,3.0,7.0,5.0
27,CLBP,1208,False,6.0,7.0,4.0,3.0,7.0,5.0
28,CLBP,1208,False,6.0,7.0,4.0,3.0,7.0,5.0
29,CLBP,1208,False,6.0,7.0,4.0,3.0,7.0,5.0
30,CLBP,1208,False,6.0,7.0,4.0,3.0,7.0,5.0
31,CLBP,1208,False,6.0,7.0,4.0,3.0,7.0,5.0
32,CLBP,1208,False,6.0,7.0,4.0,3.0,7.0,5.0
33,CLBP,1208,False,6.0,7.0,4.0,3.0,7.0,5.0
34,CLBP,1208,False,6.0,7.0,4.0,3.0,7.0,5.0
35,CLBP,1208,False,6.0,7.0,4.0,3.0,7.0,5.0
36,CLBP,1208,False,6.0,7.0,4.0,3.0,7.0,5.0
37,CLBP,1208,False,6.0,7.0,4.0,3.0,7.0,5.0
38,CLBP,1208,False,6.0,7.0,4.0,3.0,7.0,5.0
39,CLBP,1208,False,6.0,7.0,4.0,3.0,7.0,5.0
40,CLBP,1208,False,6.0,6.0,4.0,3.0,7.0,5.0
41,CLBP,1208,False,6.0,7.0,4.0,3.0,7.0,5.0
42,CLBP,1208,False,6.0,7.0,4.0,3.0,7.0,5.0
43,CLBP,1208,False,6.0,7.0,4.0,3.0,7.0,5.0
44,CLBP,1208,False,6.0,7.0,4.0,3.0,7.0,5.0
45,CLBP,1208,False,6.0,6.0,4.0,3.0,7.0,5.0
46,CLBP,1208,False,6.0,7.0,4.0,3.0,7.0,5.0
47,CLBP,1208,True,,,,,,
48,CLBP,1208,False,6.0,7.0,4.0,3.0,7.0,5.0
49,CLBP,1208,False,6.0,7.0,4.0,3.0,7.0,5.0
50,CLBP,1208,False,6.0,7.0,4.0,3.0,7.0,5.0
51,CLBP,1208,False,6.0,7.0,4.0,3.0,7.0,5.0
52,CLBP,1208,False,6.0,6.0,4.0,3.0,7.0,5.0
53,CLBP,1208,False,6.0,7.0,4.0,3.0,7.0,5.0
54,CLBP,1208,False,6.0,7.0,4.0,3.0,7.0,5.0
55,CLBP,1208,False,6.0,7.0,4.0,3.0,7.0,5.0
56,CLBP,1208,False,6.0,7.0,4.0,3.0,7.0,5.0
57,CLBP,1208,False,6.0,7.0,4.0,3.0,7.0,5.0
58,CLBP,1208,False,6.0,7.0,4.0,3.0,7.0,5.0
59,CLBP,1208,False,6.0,7.0,4.0,3.0,7.0,5.0
60,CLBP,1208,False,6.0,6.0,4.0,3.0,7.0,5.0
61,CLBP,1208,False,6.0,7.0,4.0,3.0,7.0,5.0
62,CLBP,1208,False,6.0,6.0,4.0,3.0,7.0,5.0
63,CLBP,1208,False,6.0,7.0,4.0,3.0,7.0,5.0
64,CLBP,1208,False,6.0,6.0,2.0,2.0,7.0,4.0
65,CLBP,1208,False,6.0,7.0,4.0,3.0,7.0,5.0
66,CLBP,1208,False,6.0,7.0,4.0,3.0,7.0,5.0
67,CLBP,1208,False,6.0,7.0,4.0,3.0,7.0,5.0
68,CLBP,1208,False,6.0,6.0,4.0,3.0,7.0,5.0
69,CLBP,1208,False,6.0,7.0,4.0,3.0,7.0,5.0
70,CLBP,1208,False,6.0,7.0,4.0,3.0,7.0,5.0
71,CLBP,1208,False,6.0,7.0,4.0,3.0,7.0,5.0
72,CLBP,1208,False,6.0,7.0,4.0,3.0,7.0,5.0
73,CLBP,1208,False,6.0,7.0,4.0,3.0,7.0,5.0
74,CLBP,1208,False,6.0,7.0,4.0,3.0,7.0,5.0
75,CLBP,1208,False,6.0,7.0,4.0,3.0,7.0,5.0
76,CLBP,1208,False,6.0,7.0,4.0,3.0,7.0,5.0
77,CLBP,1208,False,6.0,6.0,4.0,3.0,7.0,5.0
78,CLBP,1208,False,6.0,7.0,4.0,3.0,7.0,5.0
79,CLBP,1208,False,6.0,7.0,4.0,3.0,7.0,5.0
80,CLBP,1208,False,6.0,7.0,4.0,3.0,7.0,5.0
81,CLBP,1208,False,6.0,6.0,4.0,3.0,7.0,5.0
82,CLBP,1208,False,6.0,7.0,4.0,3.0,7.0,5.0
83,CLBP,1208,False,6.0,7.0,4.0,3.0,7.0,5.0
84,CLBP,1208,False,6.0,6.0,4.0,3.0,7.0,5.0
85,CLBP,1208,False,6.0,7.0,4.0,3.0,7.0,5.0
86,CLBP,1208,False,6.0,7.0,4.0,3.0,7.0,5.0
87,CLBP,1208,False,6.0,7.0,4.0,3.0,7.0,5.0
88,CLBP,1208,False,6.0,7.0,4.0,3.0,7.0,5.0
89,CLBP,1208,False,6.0,7.0,4.0,3.0,7.0,5.0
90,CLBP,1208,False,6.0,7.0,4.0,3.0,7.0,5.0
91,CLBP,1208,False,6.0,7.0,4.0,3.0,7.0,5.0
92,CLBP,1208,False,6.0,7.0,4.0,3.0,7.0,5.0
93,CLBP,1208,False,6.0,7.0,4.0,3.0,7.0,5.0
94,CLBP,1208,False,6.0,7.0,4.0,3.0,7.0,5.0
95,CLBP,1208,False,6.0,7.0,4.0,3.0,7.0,5.0
96,CLBP,1208,False,6.0,6.0,4.0,3.0,7.0,5.0
97,CLBP,1208,False,6.0,7.0,4.0,3.0,7.0,5.0
98,CLBP,1208,False,6.0,7.0,4.0,3.0,7.0,5.0
99,CLBP,1208,False,6.0,7.0,4.0,3.0,7.0,5.0
0,CLBP,1210,False,6.0,7.0,4.0,3.0,6.0,4.0
1,CLBP,1210,False,7.0,6.0,8.0,4.0,6.0,5.0
2,CLBP,1210,False,6.0,7.0,4.0,3.0,5.0,2.0
3,CLBP,1210,False,6.0,7.0,4.0,3.0,6.0,4.0
4,CLBP,1210,False,6.0,5.0,7.0,3.0,5.0,4.0
5,CLBP,1210,False,7.0,6.0,4.0,3.0,6.0,4.0
6,CLBP,1210,False,6.0,7.0,4.0,3.0,6.0,4.0
7,CLBP,1210,False,6.0,7.0,4.0,3.0,5.0,4.0
8,CLBP,1210,False,7.0,6.0,4.0,3.0,6.0,4.0
9,CLBP,1210,False,7.0,6.0,4.0,3.0,6.0,4.0
10,CLBP,1210,False,6.0,5.0,4.0,3.0,7.0,4.0
11,CLBP,1210,False,6.0,5.0,7.0,4.0,6.0,5.0
12,CLBP,1210,False,7.0,6.0,4.0,3.0,6.0,4.0
13,CLBP,1210,False,6.0,7.0,4.0,3.0,5.0,2.0
14,CLBP,1210,False,6.0,7.0,4.0,3.0,6.0,4.0
15,CLBP,1210,False,6.0,5.0,7.0,4.0,6.0,5.0
16,CLBP,1210,False,7.0,6.0,4.0,3.0,6.0,4.0
17,CLBP,1210,False,7.0,6.0,8.0,4.0,6.0,5.0
18,CLBP,1210,False,6.0,7.0,4.0,3.0,6.0,4.0
19,CLBP,1210,False,7.0,6.0,4.0,3.0,6.0,4.0
20,CLBP,1210,False,6.0,7.0,4.0,3.0,6.0,4.0
21,CLBP,1210,False,6.0,5.0,7.0,4.0,6.0,5.0
22,CLBP,1210,False,6.0,7.0,4.0,3.0,6.0,4.0
23,CLBP,1210,False,6.0,7.0,4.0,3.0,6.0,4.0
24,CLBP,1210,False,6.0,5.0,7.0,4.0,5.0,3.0
25,CLBP,1210,False,7.0,6.0,8.0,4.0,6.0,5.0
26,CLBP,1210,False,6.0,5.0,7.0,3.0,6.0,4.0
27,CLBP,1210,False,6.0,7.0,4.0,3.0,6.0,4.0
28,CLBP,1210,False,6.0,7.0,4.0,3.0,6.0,4.0
29,CLBP,1210,False,6.0,7.0,4.0,3.0,6.0,4.0
30,CLBP,1210,False,7.0,6.0,4.0,3.0,6.0,4.0
31,CLBP,1210,False,6.0,7.0,4.0,3.0,5.0,2.0
32,CLBP,1210,False,7.0,6.0,8.0,4.0,6.0,5.0
33,CLBP,1210,False,6.0,7.0,4.0,3.0,6.0,4.0
34,CLBP,1210,False,6.0,5.0,7.0,4.0,7.0,5.0
35,CLBP,1210,False,6.0,5.0,7.0,3.0,7.0,4.0
36,CLBP,1210,False,6.0,5.0,7.0,3.0,7.0,4.0
37,CLBP,1210,False,6.0,5.0,7.0,4.0,6.0,5.0
38,CLBP,1210,False,6.0,7.0,4.0,3.0,6.0,4.0
39,CLBP,1210,False,6.0,7.0,4.0,3.0,6.0,4.0
40,CLBP,1210,False,7.0,6.0,4.0,3.0,6.0,4.0
41,CLBP,1210,False,7.0,6.0,4.0,3.0,6.0,4.0
42,CLBP,1210,False,6.0,7.0,4.0,3.0,6.0,4.0
43,CLBP,1210,False,6.0,7.0,4.0,3.0,6.0,4.0
44,CLBP,1210,False,7.0,6.0,8.0,4.0,6.0,5.0
45,CLBP,1210,False,6.0,5.0,7.0,3.0,6.0,4.0
46,CLBP,1210,False,6.0,7.0,4.0,3.0,6.0,4.0
47,CLBP,1210,True,,,,,,
48,CLBP,1210,False,6.0,5.0,7.0,3.0,5.0,4.0
49,CLBP,1210,False,6.0,5.0,7.0,4.0,6.0,5.0
50,CLBP,1210,False,7.0,6.0,4.0,3.0,6.0,4.0
51,CLBP,1210,False,7.0,6.0,4.0,3.0,6.0,4.0
52,CLBP,1210,False,7.0,6.0,4.0,3.0,6.0,5.0
53,CLBP,1210,False,6.0,5.0,4.0,3.0,7.0,4.0
54,CLBP,1210,False,6.0,7.0,4.0,3.0,6.0,4.0
55,CLBP,1210,False,6.0,7.0,4.0,3.0,6.0,5.0
56,CLBP,1210,False,6.0,5.0,7.0,4.0,6.0,3.0
57,CLBP,1210,False,6.0,7.0,4.0,3.0,5.0,2.0
58,CLBP,1210,False,7.0,6.0,4.0,3.0,6.0,4.0
59,CLBP,1210,False,6.0,5.0,4.0,3.0,7.0,2.0
60,CLBP,1210,False,7.0,6.0,4.0,3.0,6.0,4.0
61,CLBP,1210,False,6.0,5.0,7.0,4.0,6.0,5.0
62,CLBP,1210,False,7.0,6.0,8.0,4.0,6.0,5.0
63,CLBP,1210,False,6.0,7.0,4.0,3.0,5.0,2.0
64,CLBP,1210,False,6.0,7.0,4.0,3.0,6.0,4.0
65,CLBP,1210,False,6.0,7.0,4.0,3.0,5.0,2.0
66,CLBP,1210,False,7.0,6.0,4.0,3.0,6.0,4.0
67,CLBP,1210,False,6.0,7.0,4.0,3.0,5.0,4.0
68,CLBP,1210,False,6.0,5.0,7.0,4.0,6.0,5.0
69,CLBP,1210,False,7.0,6.0,4.0,3.0,6.0,4.0
70,CLBP,1210,False,7.0,6.0,8.0,4.0,6.0,5.0
71,CLBP,1210,False,7.0,6.0,5.0,3.0,6.0,4.0
72,CLBP,1210,False,6.0,7.0,4.0,3.0,5.0,4.0
73,CLBP,1210,False,6.0,5.0,7.0,3.0,7.0,4.0
74,CLBP,1210,False,6.0,7.0,4.0,3.0,5.0,4.0
75,CLBP,1210,False,6.0,5.0,7.0,4.0,6.0,3.0
76,CLBP,1210,False,7.0,6.0,8.0,4.0,6.0,5.0
77,CLBP,1210,False,7.0,6.0,4.0,3.0,6.0,4.0
78,CLBP,1210,False,6.0,5.0,7.0,4.0,7.0,5.0
79,CLBP,1210,False,7.0,6.0,4.0,3.0,6.0,4.0
80,CLBP,1210,False,7.0,6.0,4.0,3.0,6.0,4.0
81,CLBP,1210,False,6.0,7.0,4.0,3.0,6.0,4.0
82,CLBP,1210,False,6.0,7.0,4.0,3.0,6.0,5.0
83,CLBP,1210,False,6.0,7.0,4.0,3.0,6.0,5.0
84,CLBP,1210,False,6.0,5.0,4.0,2.0,7.0,3.0
85,CLBP,1210,False,6.0,5.0,4.0,3.0,7.0,4.0
86,CLBP,1210,False,6.0,5.0,4.0,3.0,7.0,4.0
87,CLBP,1210,False,7.0,6.0,4.0,3.0,6.0,4.0
88,CLBP,1210,False,6.0,7.0,4.0,3.0,5.0,4.0
89,CLBP,1210,False,6.0,7.0,4.0,3.0,6.0,4.0
90,CLBP,1210,False,6.0,5.0,4.0,3.0,7.0,4.0
91,CLBP,1210,False,6.0,5.0,7.0,4.0,6.0,5.0
92,CLBP,1210,False,6.0,5.0,7.0,4.0,6.0,3.0
93,CLBP,1210,False,6.0,5.0,7.0,4.0,6.0,5.0
94,CLBP,1210,False,7.0,6.0,4.0,3.0,6.0,4.0
95,CLBP,1210,False,6.0,7.0,4.0,3.0,6.0,4.0
96,CLBP,1210,False,6.0,7.0,4.0,3.0,6.0,4.0
97,CLBP,1210,False,6.0,5.0,4.0,3.0,7.0,4.0
98,CLBP,1210,False,6.0,7.0,4.0,3.0,5.0,4.0
99,CLBP,1210,False,7.0,6.0,8.0,4.0,6.0,5.0
0,CLBP,1211,False,8.0,7.0,4.0,6.0,4.0,3.0
1,CLBP,1211,False,7.0,8.0,4.0,6.0,4.0,3.0
2,CLBP,1211,False,7.0,8.0,4.0,6.0,4.0,3.0
3,CLBP,1211,False,7.0,8.0,4.0,6.0,4.0,3.0
4,CLBP,1211,False,7.0,8.0,5.0,6.0,4.0,3.0
5,CLBP,1211,False,7.0,8.0,4.0,6.0,4.0,3.0
6,CLBP,1211,False,7.0,8.0,5.0,6.0,4.0,3.0
7,CLBP,1211,False,6.0,7.0,4.0,6.0,4.0,3.0
8,CLBP,1211,False,7.0,8.0,4.0,6.0,4.0,3.0
9,CLBP,1211,False,6.0,7.0,4.0,6.0,4.0,3.0
10,CLBP,1211,False,7.0,8.0,4.0,6.0,4.0,3.0
11,CLBP,1211,False,6.0,7.0,4.0,5.0,4.0,3.0
12,CLBP,1211,False,7.0,8.0,5.0,6.0,4.0,3.0
13,CLBP,1211,False,7.0,8.0,5.0,6.0,4.0,3.0
14,CLBP,1211,False,8.0,8.0,4.0,6.0,4.0,2.0
15,CLBP,1211,False,7.0,8.0,5.0,6.0,4.0,3.0
16,CLBP,1211,False,8.0,7.0,6.0,8.0,4.0,5.0
17,CLBP,1211,False,7.0,8.0,4.0,6.0,4.0,3.0
18,CLBP,1211,False,7.0,8.0,4.0,6.0,4.0,3.0
19,CLBP,1211,False,6.0,7.0,5.0,8.0,4.0,3.0
20,CLBP,1211,False,7.0,8.0,4.0,6.0,4.0,3.0
21,CLBP,1211,False,7.0,8.0,4.0,6.0,4.0,3.0
22,CLBP,1211,False,7.0,8.0,4.0,6.0,4.0,3.0
23,CLBP,1211,False,7.0,8.0,4.0,6.0,4.0,3.0
24,CLBP,1211,False,7.0,8.0,4.0,6.0,4.0,3.0
25,CLBP,1211,False,6.0,7.0,4.0,6.0,4.0,3.0
26,CLBP,1211,False,8.0,9.0,6.0,7.0,4.0,5.0
27,CLBP,1211,False,7.0,8.0,4.0,6.0,4.0,3.0
28,CLBP,1211,False,6.0,7.0,4.0,5.0,4.0,3.0
29,CLBP,1211,False,7.0,8.0,4.0,6.0,4.0,3.0
30,CLBP,1211,False,7.0,8.0,5.0,6.0,4.0,3.0
31,CLBP,1211,False,7.0,8.0,4.0,6.0,4.0,3.0
32,CLBP,1211,False,6.0,7.0,4.0,5.0,4.0,3.0
33,CLBP,1211,False,6.0,7.0,4.0,6.0,4.0,3.0
34,CLBP,1211,False,7.0,8.0,5.0,6.0,4.0,3.0
35,CLBP,1211,False,7.0,8.0,4.0,6.0,4.0,3.0
36,CLBP,1211,False,7.0,8.0,4.0,6.0,4.0,3.0
37,CLBP,1211,False,8.0,7.0,6.0,6.0,4.0,4.0
38,CLBP,1211,False,8.0,7.0,6.0,8.0,4.0,5.0
39,CLBP,1211,False,6.0,7.0,5.0,7.0,4.0,3.0
40,CLBP,1211,False,7.0,8.0,4.0,6.0,4.0,3.0
41,CLBP,1211,False,6.0,7.0,4.0,6.0,4.0,3.0
42,CLBP,1211,False,7.0,8.0,4.0,6.0,4.0,3.0
43,CLBP,1211,False,8.0,8.0,4.0,6.0,4.0,3.0
44,CLBP,1211,False,7.0,8.0,4.0,6.0,4.0,3.0
45,CLBP,1211,False,7.0,8.0,4.0,6.0,4.0,3.0
46,CLBP,1211,False,7.0,8.0,4.0,6.0,4.0,3.0
47,CLBP,1211,True,,,,,,
48,CLBP,1211,False,7.0,8.0,4.0,6.0,4.0,3.0
49,CLBP,1211,False,8.0,7.0,6.0,8.0,4.0,5.0
50,CLBP,1211,False,7.0,8.0,4.0,6.0,4.0,3.0
51,CLBP,1211,False,8.0,7.0,6.0,8.0,4.0,5.0
52,CLBP,1211,False,6.0,7.0,5.0,8.0,4.0,3.0
53,CLBP,1211,False,7.0,8.0,4.0,6.0,4.0,3.0
54,CLBP,1211,False,7.0,8.0,4.0,6.0,4.0,3.0
55,CLBP,1211,False,7.0,8.0,4.0,6.0,4.0,3.0
56,CLBP,1211,False,7.0,8.0,6.0,6.0,4.0,4.0
57,CLBP,1211,False,7.0,8.0,6.0,6.0,4.0,4.0
58,CLBP,1211,False,7.0,8.0,4.0,6.0,4.0,3.0
59,CLBP,1211,False,8.0,8.0,6.0,7.0,4.0,5.0
60,CLBP,1211,False,6.0,7.0,4.0,6.0,4.0,3.0
61,CLBP,1211,False,7.0,8.0,4.0,6.0,4.0,3.0
62,CLBP,1211,False,7.0,8.0,5.0,6.0,4.0,3.0
63,CLBP,1211,False,7.0,8.0,5.0,6.0,4.0,3.0
64,CLBP,1211,False,7.0,8.0,4.0,6.0,4.0,3.0
65,CLBP,1211,False,7.0,8.0,5.0,6.0,4.0,3.0
66,CLBP,1211,False,7.0,8.0,4.0,6.0,4.0,3.0
67,CLBP,1211,False,7.0,8.0,4.0,6.0,4.0,3.0
68,CLBP,1211,False,7.0,8.0,4.0,6.0,4.0,3.0
69,CLBP,1211,False,8.0,8.0,4.0,6.0,4.0,3.0
70,CLBP,1211,False,7.0,8.0,4.0,6.0,4.0,3.0
71,CLBP,1211,False,6.0,7.0,4.0,6.0,4.0,3.0
72,CLBP,1211,False,6.0,7.0,4.0,6.0,4.0,3.0
73,CLBP,1211,False,7.0,8.0,4.0,6.0,4.0,3.0
74,CLBP,1211,False,7.0,8.0,4.0,6.0,4.0,3.0
75,CLBP,1211,False,7.0,8.0,4.0,6.0,4.0,3.0
76,CLBP,1211,False,7.0,8.0,4.0,6.0,4.0,3.0
77,CLBP,1211,False,7.0,8.0,4.0,6.0,4.0,3.0
78,CLBP,1211,False,7.0,8.0,4.0,6.0,4.0,3.0
79,CLBP,1211,False,7.0,8.0,4.0,6.0,4.0,3.0
80,CLBP,1211,False,6.0,7.0,4.0,8.0,4.0,5.0
81,CLBP,1211,False,7.0,8.0,4.0,6.0,4.0,3.0
82,CLBP,1211,False,7.0,8.0,5.0,6.0,4.0,3.0
83,CLBP,1211,False,7.0,8.0,4.0,6.0,4.0,3.0
84,CLBP,1211,False,7.0,8.0,4.0,6.0,4.0,3.0
85,CLBP,1211,False,7.0,8.0,4.0,6.0,4.0,3.0
86,CLBP,1211,False,8.0,8.0,4.0,7.0,3.0,5.0
87,CLBP,1211,False,7.0,8.0,4.0,6.0,4.0,3.0
88,CLBP,1211,False,7.0,8.0,4.0,6.0,4.0,3.0
89,CLBP,1211,False,7.0,8.0,4.0,6.0,4.0,3.0
90,CLBP,1211,False,7.0,8.0,5.0,6.0,4.0,3.0
91,CLBP,1211,False,7.0,8.0,5.0,6.0,4.0,3.0
92,CLBP,1211,False,7.0,8.0,6.0,6.0,4.0,3.0
93,CLBP,1211,False,7.0,8.0,5.0,6.0,4.0,3.0
94,CLBP,1211,False,7.0,8.0,4.0,6.0,4.0,3.0
95,CLBP,1211,False,7.0,8.0,4.0,6.0,4.0,3.0
96,CLBP,1211,False,8.0,9.0,6.0,7.0,4.0,5.0
97,CLBP,1211,False,7.0,8.0,4.0,6.0,4.0,3.0
98,CLBP,1211,False,7.0,8.0,5.0,6.0,4.0,3.0
99,CLBP,1211,False,6.0,7.0,5.0,8.0,4.0,3.0
0,CLBP,1212,False,6.0,7.0,4.0,2.0,6.0,3.0
1,CLBP,1212,False,6.0,7.0,3.0,2.0,7.0,2.0
2,CLBP,1212,False,6.0,7.0,3.0,2.0,6.0,4.0
3,CLBP,1212,False,6.0,7.0,3.0,2.0,6.0,3.0
4,CLBP,1212,False,6.0,7.0,3.0,2.0,6.0,2.0
5,CLBP,1212,False,6.0,7.0,3.0,2.0,6.0,2.0
6,CLBP,1212,False,6.0,7.0,3.0,2.0,6.0,4.0
7,CLBP,1212,False,6.0,7.0,4.0,3.0,6.0,2.0
8,CLBP,1212,False,6.0,7.0,3.0,2.0,6.0,4.0
9,CLBP,1212,False,6.0,7.0,3.0,2.0,6.0,2.0
10,CLBP,1212,False,6.0,7.0,3.0,2.0,6.0,3.0
11,CLBP,1212,False,6.0,7.0,3.0,2.0,6.0,4.0
12,CLBP,1212,False,7.0,8.0,4.0,2.0,6.0,3.0
13,CLBP,1212,False,6.0,7.0,3.0,2.0,6.0,2.0
14,CLBP,1212,False,6.0,7.0,4.0,3.0,6.0,4.0
15,CLBP,1212,False,6.0,7.0,3.0,2.0,7.0,3.0
16,CLBP,1212,False,6.0,7.0,4.0,3.0,6.0,2.0
17,CLBP,1212,False,7.0,8.0,3.0,2.0,6.0,4.0
18,CLBP,1212,False,6.0,7.0,3.0,2.0,6.0,4.0
19,CLBP,1212,False,6.0,7.0,3.0,2.0,6.0,4.0
20,CLBP,1212,False,7.0,8.0,4.0,2.0,6.0,3.0
21,CLBP,1212,False,6.0,7.0,4.0,3.0,7.0,2.0
22,CLBP,1212,False,6.0,7.0,4.0,3.0,6.0,2.0
23,CLBP,1212,False,6.0,7.0,3.0,2.0,6.0,2.0
24,CLBP,1212,False,6.0,7.0,4.0,2.0,6.0,3.0
25,CLBP,1212,False,7.0,8.0,4.0,2.0,6.0,3.0
26,CLBP,1212,False,6.0,7.0,4.0,2.0,6.0,3.0
27,CLBP,1212,False,6.0,7.0,3.0,2.0,6.0,2.0
28,CLBP,1212,False,6.0,7.0,4.0,2.0,7.0,3.0
29,CLBP,1212,False,6.0,7.0,3.0,2.0,6.0,2.0
30,CLBP,1212,False,7.0,8.0,4.0,3.0,6.0,4.0
31,CLBP,1212,False,6.0,7.0,3.0,2.0,6.0,4.0
32,CLBP,1212,False,7.0,8.0,4.0,2.0,6.0,3.0
33,CLBP,1212,False,6.0,7.0,4.0,3.0,7.0,2.0
34,CLBP,1212,False,6.0,7.0,3.0,2.0,6.0,3.0
35,CLBP,1212,False,6.0,7.0,3.0,2.0,6.0,4.0
36,CLBP,1212,False,6.0,7.0,3.0,2.0,6.0,4.0
37,CLBP,1212,False,6.0,7.0,3.0,2.0,6.0,4.0
38,CLBP,1212,False,6.0,7.0,3.0,2.0,6.0,4.0
39,CLBP,1212,False,6.0,7.0,3.0,2.0,6.0,4.0
40,CLBP,1212,False,6.0,7.0,3.0,2.0,6.0,3.0
41,CLBP,1212,False,6.0,7.0,4.0,3.0,6.0,4.0
42,CLBP,1212,False,6.0,7.0,3.0,2.0,6.0,2.0
43,CLBP,1212,False,6.0,7.0,3.0,2.0,6.0,4.0
44,CLBP,1212,False,6.0,7.0,3.0,2.0,6.0,4.0
45,CLBP,1212,False,6.0,7.0,3.0,2.0,7.0,4.0
46,CLBP,1212,False,6.0,7.0,4.0,2.0,7.0,3.0
47,CLBP,1212,True,,,,,,
48,CLBP,1212,False,6.0,7.0,3.0,2.0,6.0,2.0
49,CLBP,1212,False,6.0,7.0,4.0,2.0,7.0,3.0
50,CLBP,1212,False,7.0,8.0,3.0,2.0,6.0,4.0
51,CLBP,1212,False,7.0,8.0,4.0,2.0,6.0,3.0
52,CLBP,1212,False,6.0,7.0,4.0,3.0,7.0,2.0
53,CLBP,1212,False,6.0,7.0,3.0,2.0,6.0,4.0
54,CLBP,1212,False,6.0,7.0,3.0,2.0,6.0,4.0
55,CLBP,1212,False,6.0,7.0,4.0,2.0,6.0,3.0
56,CLBP,1212,False,6.0,7.0,3.0,2.0,6.0,4.0
57,CLBP,1212,False,6.0,7.0,3.0,2.0,7.0,4.0
58,CLBP,1212,False,6.0,7.0,4.0,3.0,6.0,2.0
59,CLBP,1212,False,6.0,7.0,3.0,2.0,6.0,4.0
60,CLBP,1212,False,6.0,7.0,3.0,2.0,6.0,4.0
61,CLBP,1212,False,7.0,8.0,3.0,2.0,6.0,4.0
62,CLBP,1212,False,6.0,7.0,4.0,3.0,6.0,2.0
63,CLBP,1212,False,6.0,7.0,3.0,2.0,6.0,2.0
64,CLBP,1212,False,7.0,8.0,4.0,3.0,6.0,2.0
65,CLBP,1212,False,6.0,7.0,3.0,2.0,6.0,4.0
66,CLBP,1212,False,6.0,7.0,4.0,2.0,6.0,3.0
67,CLBP,1212,False,6.0,7.0,3.0,2.0,6.0,4.0
68,CLBP,1212,False,7.0,8.0,3.0,2.0,6.0,4.0
69,CLBP,1212,False,6.0,7.0,3.0,2.0,6.0,4.0
70,CLBP,1212,False,6.0,7.0,4.0,2.0,6.0,3.0
71,CLBP,1212,False,6.0,7.0,3.0,2.0,7.0,4.0
72,CLBP,1212,False,6.0,7.0,4.0,2.0,6.0,3.0
73,CLBP,1212,False,6.0,7.0,3.0,2.0,6.0,3.0
74,CLBP,1212,False,6.0,7.0,3.0,2.0,7.0,2.0
75,CLBP,1212,False,6.0,7.0,4.0,2.0,6.0,3.0
76,CLBP,1212,False,6.0,7.0,3.0,2.0,7.0,4.0
77,CLBP,1212,False,6.0,7.0,3.0,2.0,7.0,4.0
78,CLBP,1212,False,6.0,7.0,3.0,2.0,6.0,2.0
79,CLBP,1212,False,6.0,7.0,4.0,2.0,7.0,3.0
80,CLBP,1212,False,7.0,8.0,4.0,3.0,6.0,4.0
81,CLBP,1212,False,6.0,7.0,4.0,2.0,6.0,3.0
82,CLBP,1212,False,6.0,7.0,3.0,2.0,6.0,4.0
83,CLBP,1212,False,6.0,7.0,4.0,2.0,6.0,3.0
84,CLBP,1212,False,6.0,7.0,3.0,2.0,7.0,4.0
85,CLBP,1212,False,6.0,7.0,4.0,2.0,6.0,3.0
86,CLBP,1212,False,6.0,7.0,3.0,2.0,6.0,4.0
87,CLBP,1212,False,6.0,7.0,3.0,2.0,6.0,4.0
88,CLBP,1212,False,6.0,7.0,4.0,2.0,6.0,3.0
89,CLBP,1212,False,7.0,8.0,4.0,2.0,6.0,3.0
90,CLBP,1212,False,6.0,7.0,4.0,2.0,6.0,3.0
91,CLBP,1212,False,6.0,7.0,3.0,2.0,7.0,4.0
92,CLBP,1212,False,6.0,7.0,3.0,2.0,7.0,2.0
93,CLBP,1212,False,6.0,7.0,3.0,2.0,7.0,4.0
94,CLBP,1212,False,7.0,8.0,3.0,2.0,6.0,4.0
95,CLBP,1212,False,6.0,7.0,3.0,2.0,7.0,4.0
96,CLBP,1212,False,6.0,7.0,3.0,2.0,7.0,2.0
97,CLBP,1212,False,6.0,7.0,3.0,2.0,7.0,4.0
98,CLBP,1212,False,6.0,7.0,3.0,2.0,6.0,2.0
99,CLBP,1212,False,6.0,7.0,3.0,2.0,6.0,2.0
0,CLBP,1213,False,6.0,5.0,7.0,4.0,6.0,3.0
1,CLBP,1213,False,6.0,7.0,5.0,4.0,6.0,3.0
2,CLBP,1213,False,6.0,7.0,5.0,4.0,7.0,3.0
3,CLBP,1213,False,6.0,5.0,7.0,4.0,6.0,3.0
4,CLBP,1213,False,6.0,5.0,7.0,4.0,6.0,3.0
5,CLBP,1213,False,6.0,7.0,4.0,3.0,7.0,2.0
6,CLBP,1213,False,6.0,5.0,7.0,4.0,7.0,3.0
7,CLBP,1213,False,6.0,5.0,7.0,4.0,7.0,3.0
8,CLBP,1213,False,6.0,5.0,7.0,4.0,6.0,3.0
9,CLBP,1213,False,6.0,5.0,7.0,4.0,6.0,3.0
10,CLBP,1213,False,6.0,5.0,7.0,4.0,6.0,3.0
11,CLBP,1213,False,6.0,7.0,5.0,4.0,6.0,3.0
12,CLBP,1213,False,6.0,5.0,7.0,4.0,6.0,3.0
13,CLBP,1213,False,6.0,5.0,7.0,4.0,6.0,3.0
14,CLBP,1213,False,6.0,5.0,7.0,4.0,6.0,3.0
15,CLBP,1213,False,6.0,5.0,7.0,4.0,6.0,3.0
16,CLBP,1213,False,6.0,5.0,7.0,4.0,7.0,3.0
17,CLBP,1213,False,6.0,5.0,7.0,4.0,6.0,3.0
18,CLBP,1213,False,6.0,5.0,7.0,4.0,6.0,3.0
19,CLBP,1213,False,6.0,7.0,5.0,4.0,7.0,3.0
20,CLBP,1213,False,6.0,5.0,7.0,4.0,7.0,3.0
21,CLBP,1213,False,6.0,5.0,7.0,4.0,6.0,3.0
22,CLBP,1213,False,6.0,5.0,7.0,4.0,6.0,3.0
23,CLBP,1213,False,6.0,7.0,4.0,4.0,6.0,3.0
24,CLBP,1213,False,6.0,5.0,7.0,4.0,6.0,3.0
25,CLBP,1213,False,6.0,5.0,7.0,4.0,7.0,3.0
26,CLBP,1213,False,6.0,5.0,7.0,4.0,6.0,3.0
27,CLBP,1213,False,6.0,5.0,7.0,4.0,6.0,3.0
28,CLBP,1213,False,6.0,7.0,5.0,4.0,6.0,3.0
29,CLBP,1213,False,6.0,5.0,7.0,4.0,6.0,3.0
30,CLBP,1213,False,6.0,5.0,7.0,4.0,6.0,3.0
31,CLBP,1213,False,6.0,7.0,4.0,3.0,7.0,2.0
32,CLBP,1213,False,6.0,5.0,7.0,4.0,6.0,3.0
33,CLBP,1213,False,6.0,5.0,7.0,4.0,7.0,3.0
34,CLBP,1213,False,6.0,7.0,5.0,4.0,7.0,3.0
35,CLBP,1213,False,6.0,5.0,7.0,4.0,7.0,3.0
36,CLBP,1213,False,6.0,7.0,5.0,4.0,7.0,3.0
37,CLBP,1213,False,6.0,5.0,7.0,4.0,6.0,3.0
38,CLBP,1213,False,6.0,5.0,7.0,4.0,6.0,3.0
39,CLBP,1213,False,6.0,5.0,7.0,4.0,6.0,3.0
40,CLBP,1213,False,6.0,5.0,7.0,4.0,7.0,3.0
41,CLBP,1213,False,6.0,5.0,7.0,4.0,7.0,3.0
42,CLBP,1213,False,6.0,7.0,4.0,3.0,6.0,2.0
43,CLBP,1213,False,6.0,5.0,7.0,4.0,6.0,3.0
44,CLBP,1213,False,6.0,5.0,7.0,4.0,7.0,3.0
45,CLBP,1213,False,6.0,5.0,7.0,4.0,6.0,3.0
46,CLBP,1213,False,6.0,5.0,7.0,4.0,6.0,3.0
47,CLBP,1213,True,,,,,,
48,CLBP,1213,False,6.0,7.0,5.0,4.0,6.0,3.0
49,CLBP,1213,False,6.0,5.0,7.0,4.0,7.0,3.0
50,CLBP,1213,False,6.0,5.0,7.0,4.0,7.0,3.0
51,CLBP,1213,False,6.0,5.0,7.0,4.0,6.0,3.0
52,CLBP,1213,False,6.0,5.0,7.0,4.0,6.0,3.0
53,CLBP,1213,False,6.0,5.0,7.0,4.0,6.0,3.0
54,CLBP,1213,False,6.0,5.0,7.0,4.0,6.0,3.0
55,CLBP,1213,False,6.0,5.0,7.0,4.0,7.0,3.0
56,CLBP,1213,False,6.0,7.0,4.0,3.0,6.0,2.0
57,CLBP,1213,False,6.0,7.0,4.0,3.0,6.0,2.0
58,CLBP,1213,False,6.0,5.0,7.0,4.0,7.0,3.0
59,CLBP,1213,False,6.0,5.0,7.0,4.0,6.0,3.0
60,CLBP,1213,False,6.0,5.0,7.0,4.0,7.0,3.0
61,CLBP,1213,False,6.0,5.0,7.0,4.0,6.0,3.0
62,CLBP,1213,False,6.0,5.0,7.0,4.0,6.0,3.0
63,CLBP,1213,False,6.0,5.0,7.0,4.0,7.0,3.0
64,CLBP,1213,False,6.0,5.0,7.0,4.0,7.0,3.0
65,CLBP,1213,False,6.0,5.0,7.0,4.0,6.0,3.0
66,CLBP,1213,False,6.0,5.0,7.0,4.0,6.0,3.0
67,CLBP,1213,False,6.0,5.0,7.0,4.0,6.0,3.0
68,CLBP,1213,False,6.0,5.0,7.0,4.0,6.0,3.0
69,CLBP,1213,False,6.0,5.0,7.0,4.0,6.0,3.0
70,CLBP,1213,False,6.0,5.0,7.0,4.0,6.0,3.0
71,CLBP,1213,False,6.0,5.0,7.0,4.0,7.0,3.0
72,CLBP,1213,False,6.0,5.0,7.0,4.0,7.0,3.0
73,CLBP,1213,False,6.0,5.0,7.0,4.0,7.0,3.0
74,CLBP,1213,False,6.0,5.0,7.0,4.0,6.0,3.0
75,CLBP,1213,False,6.0,5.0,7.0,4.0,6.0,3.0
76,CLBP,1213,False,6.0,5.0,7.0,4.0,6.0,3.0
77,CLBP,1213,False,6.0,5.0,7.0,4.0,6.0,3.0
78,CLBP,1213,False,6.0,5.0,7.0,4.0,6.0,3.0
79,CLBP,1213,False,6.0,5.0,7.0,4.0,7.0,3.0
80,CLBP,1213,False,6.0,5.0,7.0,4.0,6.0,3.0
81,CLBP,1213,False,6.0,5.0,7.0,4.0,7.0,3.0
82,CLBP,1213,False,6.0,7.0,5.0,4.0,6.0,3.0
83,CLBP,1213,False,6.0,5.0,7.0,4.0,6.0,3.0
84,CLBP,1213,False,6.0,5.0,7.0,4.0,7.0,3.0
85,CLBP,1213,False,6.0,5.0,7.0,4.0,7.0,3.0
86,CLBP,1213,False,6.0,7.0,5.0,4.0,6.0,3.0
87,CLBP,1213,False,6.0,5.0,7.0,4.0,7.0,3.0
88,CLBP,1213,False,6.0,5.0,7.0,4.0,6.0,3.0
89,CLBP,1213,False,6.0,5.0,7.0,4.0,7.0,3.0
90,CLBP,1213,False,6.0,5.0,7.0,4.0,6.0,3.0
91,CLBP,1213,False,6.0,5.0,7.0,4.0,6.0,3.0
92,CLBP,1213,False,6.0,5.0,7.0,4.0,6.0,3.0
93,CLBP,1213,False,6.0,5.0,7.0,4.0,6.0,3.0
94,CLBP,1213,False,6.0,7.0,5.0,4.0,7.0,3.0
95,CLBP,1213,False,6.0,7.0,4.0,3.0,6.0,2.0
96,CLBP,1213,False,6.0,5.0,7.0,4.0,6.0,3.0
97,CLBP,1213,False,6.0,5.0,7.0,4.0,7.0,3.0
98,CLBP,1213,False,6.0,5.0,7.0,4.0,6.0,3.0
99,CLBP,1213,False,6.0,5.0,7.0,4.0,6.0,3.0
0,CLBP,1215,False,6.0,5.0,7.0,2.0,7.0,3.0
1,CLBP,1215,False,4.0,4.0,2.0,1.0,7.0,2.0
2,CLBP,1215,False,6.0,7.0,4.0,3.0,7.0,2.0
3,CLBP,1215,False,4.0,4.0,2.0,2.0,7.0,3.0
4,CLBP,1215,False,6.0,5.0,7.0,3.0,7.0,4.0
5,CLBP,1215,False,4.0,5.0,3.0,2.0,7.0,2.0
6,CLBP,1215,False,6.0,5.0,7.0,2.0,7.0,3.0
7,CLBP,1215,False,6.0,5.0,2.0,2.0,7.0,3.0
8,CLBP,1215,False,6.0,7.0,4.0,2.0,7.0,3.0
9,CLBP,1215,False,6.0,7.0,4.0,3.0,7.0,2.0
10,CLBP,1215,False,4.0,4.0,2.0,2.0,7.0,3.0
11,CLBP,1215,False,6.0,5.0,4.0,2.0,7.0,3.0
12,CLBP,1215,False,6.0,7.0,4.0,3.0,7.0,2.0
13,CLBP,1215,False,6.0,5.0,4.0,2.0,7.0,3.0
14,CLBP,1215,False,6.0,7.0,4.0,3.0,7.0,2.0
15,CLBP,1215,False,6.0,5.0,7.0,2.0,7.0,3.0
16,CLBP,1215,False,6.0,5.0,4.0,2.0,7.0,3.0
17,CLBP,1215,False,6.0,7.0,4.0,2.0,7.0,3.0
18,CLBP,1215,False,6.0,5.0,4.0,2.0,7.0,3.0
19,CLBP,1215,False,6.0,7.0,4.0,3.0,7.0,2.0
20,CLBP,1215,False,4.0,5.0,3.0,2.0,7.0,3.0
21,CLBP,1215,False,6.0,5.0,4.0,2.0,7.0,3.0
22,CLBP,1215,False,6.0,7.0,4.0,2.0,7.0,3.0
23,CLBP,1215,False,6.0,5.0,4.0,2.0,7.0,3.0
24,CLBP,1215,False,4.0,5.0,3.0,2.0,7.0,2.0
25,CLBP,1215,False,6.0,5.0,4.0,3.0,7.0,2.0
26,CLBP,1215,False,6.0,5.0,1.0,2.0,7.0,3.0
27,CLBP,1215,False,6.0,5.0,1.0,2.0,7.0,1.0
28,CLBP,1215,False,4.0,3.0,5.0,2.0,7.0,3.0
29,CLBP,1215,False,4.0,3.0,1.0,2.0,7.0,1.0
30,CLBP,1215,False,6.0,5.0,4.0,2.0,7.0,3.0
31,CLBP,1215,False,6.0,5.0,1.0,2.0,7.0,3.0
32,CLBP,1215,False,6.0,7.0,4.0,3.0,7.0,2.0
33,CLBP,1215,False,6.0,5.0,1.0,2.0,7.0,1.0
34,CLBP,1215,False,6.0,7.0,4.0,2.0,7.0,3.0
35,CLBP,1215,False,6.0,5.0,7.0,2.0,7.0,3.0
36,CLBP,1215,False,6.0,5.0,4.0,2.0,7.0,3.0
37,CLBP,1215,False,6.0,7.0,4.0,2.0,7.0,3.0
38,CLBP,1215,False,4.0,5.0,2.0,2.0,7.0,3.0
39,CLBP,1215,False,6.0,5.0,4.0,2.0,7.0,3.0
40,CLBP,1215,False,6.0,7.0,4.0,3.0,7.0,2.0
41,CLBP,1215,False,6.0,5.0,1.0,2.0,7.0,1.0
42,CLBP,1215,False,6.0,7.0,4.0,2.0,7.0,3.0
43,CLBP,1215,False,6.0,5.0,1.0,2.0,7.0,3.0
44,CLBP,1215,False,6.0,5.0,2.0,2.0,7.0,3.0
45,CLBP,1215,False,6.0,5.0,1.0,2.0,7.0,3.0
46,CLBP,1215,False,4.0,5.0,3.0,2.0,7.0,1.0
47,CLBP,1215,True,,,,,,
48,CLBP,1215,False,6.0,5.0,4.0,2.0,7.0,3.0
49,CLBP,1215,False,6.0,7.0,4.0,2.0,7.0,3.0
50,CLBP,1215,False,4.0,5.0,3.0,2.0,7.0,2.0
51,CLBP,1215,False,6.0,5.0,4.0,2.0,7.0,3.0
52,CLBP,1215,False,6.0,5.0,4.0,2.0,7.0,3.0
53,CLBP,1215,False,6.0,7.0,4.0,2.0,7.0,3.0
54,CLBP,1215,False,4.0,4.0,2.0,2.0,7.0,3.0
55,CLBP,1215,False,4.0,5.0,3.0,2.0,7.0,2.0
56,CLBP,1215,False,6.0,5.0,4.0,2.0,7.0,3.0
57,CLBP,1215,False,4.0,6.0,2.0,2.0,7.0,1.0
58,CLBP,1215,False,6.0,5.0,4.0,2.0,7.0,3.0
59,CLBP,1215,False,6.0,5.0,4.0,2.0,7.0,3.0
60,CLBP,1215,False,6.0,7.0,4.0,2.0,7.0,3.0
61,CLBP,1215,False,6.0,5.0,4.0,3.0,7.0,2.0
62,CLBP,1215,False,6.0,5.0,4.0,2.0,7.0,3.0
63,CLBP,1215,False,6.0,5.0,4.0,3.0,7.0,2.0
64,CLBP,1215,False,6.0,5.0,4.0,2.0,7.0,3.0
65,CLBP,1215,False,6.0,5.0,4.0,2.0,7.0,3.0
66,CLBP,1215,False,4.0,4.0,2.0,2.0,7.0,3.0
67,CLBP,1215,False,6.0,5.0,4.0,2.0,7.0,3.0
68,CLBP,1215,False,6.0,5.0,1.0,2.0,7.0,3.0
69,CLBP,1215,False,4.0,3.0,2.0,2.0,7.0,1.0
70,CLBP,1215,False,6.0,5.0,7.0,2.0,7.0,3.0
71,CLBP,1215,False,6.0,5.0,4.0,2.0,7.0,3.0
72,CLBP,1215,False,6.0,5.0,7.0,2.0,7.0,3.0
73,CLBP,1215,False,6.0,7.0,4.0,2.0,7.0,3.0
74,CLBP,1215,False,6.0,5.0,2.0,2.0,7.0,1.0
75,CLBP,1215,False,6.0,5.0,4.0,2.0,7.0,3.0
76,CLBP,1215,False,6.0,5.0,4.0,2.0,7.0,3.0
77,CLBP,1215,False,6.0,5.0,7.0,2.0,7.0,3.0
78,CLBP,1215,False,6.0,7.0,4.0,3.0,7.0,2.0
79,CLBP,1215,False,6.0,5.0,1.0,2.0,7.0,1.0
80,CLBP,1215,False,4.0,5.0,3.0,2.0,7.0,1.0
81,CLBP,1215,False,6.0,7.0,4.0,2.0,7.0,3.0
82,CLBP,1215,False,6.0,7.0,4.0,2.0,7.0,3.0
83,CLBP,1215,False,6.0,5.0,4.0,2.0,7.0,3.0
84,CLBP,1215,False,6.0,7.0,4.0,2.0,7.0,3.0
85,CLBP,1215,False,6.0,5.0,7.0,2.0,7.0,3.0
86,CLBP,1215,False,6.0,7.0,4.0,3.0,7.0,2.0
87,CLBP,1215,False,6.0,7.0,4.0,3.0,7.0,2.0
88,CLBP,1215,False,4.0,5.0,2.0,2.0,7.0,3.0
89,CLBP,1215,False,4.0,6.0,2.0,2.0,7.0,1.0
90,CLBP,1215,False,4.0,5.0,2.0,2.0,7.0,1.0
91,CLBP,1215,False,6.0,5.0,2.0,2.0,7.0,1.0
92,CLBP,1215,False,6.0,5.0,4.0,2.0,7.0,3.0
93,CLBP,1215,False,6.0,5.0,2.0,2.0,7.0,3.0
94,CLBP,1215,False,4.0,5.0,3.0,2.0,7.0,1.0
95,CLBP,1215,False,6.0,7.0,4.0,3.0,7.0,2.0
96,CLBP,1215,False,6.0,5.0,4.0,2.0,7.0,3.0
97,CLBP,1215,False,4.0,3.0,1.0,2.0,7.0,1.0
98,CLBP,1215,False,4.0,3.0,1.0,2.0,7.0,2.0
99,CLBP,1215,False,6.0,5.0,4.0,2.0,7.0,3.0
0,CLBP,1216,False,6.0,7.0,2.0,1.0,8.0,1.0
1,CLBP,1216,False,6.0,7.0,3.0,1.0,8.0,2.0
2,CLBP,1216,False,6.0,7.0,2.0,2.0,8.0,1.0
3,CLBP,1216,False,6.0,7.0,2.0,1.0,8.0,2.0
4,CLBP,1216,False,4.0,6.0,2.0,1.0,8.0,1.0
5,CLBP,1216,False,6.0,7.0,2.0,1.0,8.0,2.0
6,CLBP,1216,False,6.0,7.0,2.0,2.0,8.0,1.0
7,CLBP,1216,False,4.0,5.0,2.0,1.0,8.0,1.0
8,CLBP,1216,False,6.0,7.0,2.0,2.0,8.0,1.0
9,CLBP,1216,False,6.0,7.0,2.0,1.0,8.0,2.0
10,CLBP,1216,False,4.0,6.0,2.0,1.0,8.0,1.0
11,CLBP,1216,False,6.0,7.0,2.0,1.0,8.0,2.0
12,CLBP,1216,False,6.0,7.0,2.0,1.0,8.0,2.0
13,CLBP,1216,False,6.0,7.0,2.0,2.0,8.0,1.0
14,CLBP,1216,False,6.0,7.0,2.0,2.0,8.0,1.0
15,CLBP,1216,False,6.0,7.0,2.0,1.0,8.0,2.0
16,CLBP,1216,False,6.0,7.0,2.0,2.0,8.0,1.0
17,CLBP,1216,False,6.0,7.0,2.0,1.0,8.0,2.0
18,CLBP,1216,False,6.0,7.0,2.0,1.0,8.0,2.0
19,CLBP,1216,False,6.0,7.0,2.0,1.0,8.0,2.0
20,CLBP,1216,False,6.0,7.0,2.0,1.0,8.0,1.0
21,CLBP,1216,False,6.0,7.0,2.0,1.0,8.0,2.0
22,CLBP,1216,False,4.0,6.0,2.0,1.0,8.0,2.0
23,CLBP,1216,False,6.0,7.0,2.0,1.0,8.0,1.0
24,CLBP,1216,False,6.0,7.0,2.0,2.0,8.0,1.0
25,CLBP,1216,False,6.0,7.0,2.0,2.0,8.0,1.0
26,CLBP,1216,False,4.0,6.0,2.0,1.0,8.0,2.0
27,CLBP,1216,False,6.0,7.0,3.0,2.0,8.0,1.0
28,CLBP,1216,False,6.0,7.0,2.0,1.0,8.0,2.0
29,CLBP,1216,False,6.0,7.0,2.0,2.0,8.0,1.0
30,CLBP,1216,False,6.0,7.0,2.0,1.0,8.0,2.0
31,CLBP,1216,False,6.0,7.0,2.0,2.0,8.0,1.0
32,CLBP,1216,False,6.0,7.0,3.0,2.0,8.0,1.0
33,CLBP,1216,False,6.0,7.0,3.0,2.0,8.0,2.0
34,CLBP,1216,False,6.0,7.0,3.0,2.0,8.0,2.0
35,CLBP,1216,False,6.0,7.0,2.0,1.0,8.0,2.0
36,CLBP,1216,False,6.0,7.0,3.0,2.0,8.0,1.0
37,CLBP,1216,False,6.0,7.0,2.0,1.0,8.0,2.0
38,CLBP,1216,False,6.0,7.0,2.0,2.0,8.0,1.0
39,CLBP,1216,False,6.0,7.0,2.0,1.0,8.0,2.0
40,CLBP,1216,False,6.0,7.0,2.0,1.0,8.0,2.0
41,CLBP,1216,False,6.0,7.0,2.0,1.0,8.0,2.0
42,CLBP,1216,False,6.0,7.0,3.0,2.0,8.0,1.0
43,CLBP,1216,False,4.0,6.0,2.0,1.0,8.0,2.0
44,CLBP,1216,False,6.0,7.0,2.0,1.0,8.0,2.0
45,CLBP,1216,False,6.0,7.0,2.0,1.0,8.0,2.0
46,CLBP,1216,False,6.0,7.0,2.0,1.0,8.0,1.0
47,CLBP,1216,True,,,,,,
48,CLBP,1216,False,6.0,7.0,3.0,2.0,8.0,2.0
49,CLBP,1216,False,6.0,7.0,2.0,1.0,8.0,2.0
50,CLBP,1216,False,6.0,7.0,3.0,2.0,8.0,1.0
51,CLBP,1216,False,6.0,7.0,2.0,1.0,8.0,2.0
52,CLBP,1216,False,6.0,7.0,2.0,1.0,8.0,2.0
53,CLBP,1216,False,6.0,7.0,2.0,1.0,8.0,2.0
54,CLBP,1216,False,6.0,7.0,2.0,1.0,8.0,2.0
55,CLBP,1216,False,6.0,7.0,2.0,2.0,8.0,1.0
56,CLBP,1216,False,6.0,7.0,2.0,1.0,8.0,2.0
57,CLBP,1216,False,6.0,7.0,3.0,2.0,8.0,1.0
58,CLBP,1216,False,6.0,7.0,2.0,1.0,8.0,2.0
59,CLBP,1216,False,6.0,7.0,2.0,2.0,8.0,1.0
60,CLBP,1216,False,6.0,7.0,2.0,2.0,8.0,1.0
61,CLBP,1216,False,6.0,7.0,2.0,1.0,8.0,2.0
62,CLBP,1216,False,6.0,7.0,2.0,1.0,8.0,1.0
63,CLBP,1216,False,6.0,7.0,2.0,1.0,8.0,2.0
64,CLBP,1216,False,6.0,7.0,2.0,2.0,8.0,1.0
65,CLBP,1216,False,6.0,7.0,2.0,1.0,8.0,1.0
66,CLBP,1216,False,6.0,7.0,2.0,1.0,8.0,2.0
67,CLBP,1216,False,6.0,7.0,2.0,1.0,8.0,2.0
68,CLBP,1216,False,4.0,5.0,2.0,1.0,8.0,1.0
69,CLBP,1216,False,4.0,5.0,2.0,1.0,8.0,2.0
70,CLBP,1216,False,6.0,7.0,2.0,1.0,8.0,1.0
71,CLBP,1216,False,6.0,7.0,2.0,2.0,8.0,1.0
72,CLBP,1216,False,6.0,7.0,2.0,1.0,8.0,2.0
73,CLBP,1216,False,6.0,7.0,2.0,1.0,8.0,2.0
74,CLBP,1216,False,6.0,7.0,2.0,2.0,8.0,1.0
75,CLBP,1216,False,6.0,7.0,3.0,2.0,8.0,1.0
76,CLBP,1216,False,4.0,6.0,2.0,1.0,8.0,2.0
77,CLBP,1216,False,6.0,7.0,2.0,1.0,8.0,2.0
78,CLBP,1216,False,6.0,7.0,3.0,2.0,8.0,2.0
79,CLBP,1216,False,6.0,7.0,2.0,1.0,8.0,2.0
80,CLBP,1216,False,6.0,7.0,2.0,1.0,8.0,2.0
81,CLBP,1216,False,6.0,7.0,3.0,2.0,8.0,2.0
82,CLBP,1216,False,6.0,7.0,3.0,1.0,8.0,2.0
83,CLBP,1216,False,6.0,7.0,3.0,2.0,8.0,1.0
84,CLBP,1216,False,6.0,7.0,2.0,1.0,8.0,2.0
85,CLBP,1216,False,6.0,7.0,2.0,2.0,8.0,1.0
86,CLBP,1216,False,6.0,7.0,2.0,1.0,8.0,2.0
87,CLBP,1216,False,6.0,7.0,2.0,1.0,8.0,2.0
88,CLBP,1216,False,6.0,7.0,2.0,2.0,8.0,1.0
89,CLBP,1216,False,6.0,7.0,2.0,2.0,8.0,1.0
90,CLBP,1216,False,6.0,7.0,2.0,1.0,8.0,2.0
91,CLBP,1216,False,6.0,7.0,2.0,1.0,8.0,2.0
92,CLBP,1216,False,6.0,7.0,3.0,2.0,8.0,1.0
93,CLBP,1216,False,6.0,7.0,2.0,1.0,8.0,2.0
94,CLBP,1216,False,6.0,7.0,2.0,1.0,8.0,1.0
95,CLBP,1216,False,6.0,7.0,2.0,1.0,8.0,2.0
96,CLBP,1216,False,6.0,7.0,2.0,2.0,8.0,1.0
97,CLBP,1216,False,6.0,7.0,2.0,1.0,8.0,2.0
98,CLBP,1216,False,4.0,5.0,2.0,1.0,8.0,1.0
99,CLBP,1216,False,6.0,7.0,2.0,1.0,8.0,2.0
0,CLBP,1217,False,6.0,7.0,4.0,2.0,7.0,3.0
1,CLBP,1217,False,6.0,7.0,4.0,2.0,7.0,3.0
2,CLBP,1217,False,6.0,7.0,4.0,2.0,7.0,3.0
3,CLBP,1217,False,6.0,7.0,4.0,2.0,7.0,3.0
4,CLBP,1217,False,6.0,7.0,4.0,2.0,7.0,3.0
5,CLBP,1217,False,6.0,7.0,4.0,3.0,7.0,2.0
6,CLBP,1217,False,6.0,7.0,4.0,2.0,7.0,3.0
7,CLBP,1217,False,6.0,7.0,3.0,2.0,7.0,1.0
8,CLBP,1217,False,6.0,7.0,4.0,2.0,7.0,3.0
9,CLBP,1217,False,6.0,7.0,3.0,2.0,7.0,1.0
10,CLBP,1217,False,6.0,7.0,4.0,2.0,7.0,3.0
11,CLBP,1217,False,6.0,7.0,3.0,2.0,7.0,1.0
12,CLBP,1217,False,6.0,7.0,4.0,2.0,7.0,3.0
13,CLBP,1217,False,6.0,7.0,4.0,2.0,7.0,3.0
14,CLBP,1217,False,6.0,7.0,3.0,2.0,7.0,1.0
15,CLBP,1217,False,6.0,7.0,4.0,2.0,7.0,3.0
16,CLBP,1217,False,6.0,7.0,4.0,2.0,7.0,3.0
17,CLBP,1217,False,6.0,7.0,4.0,2.0,7.0,3.0
18,CLBP,1217,False,6.0,7.0,3.0,2.0,7.0,1.0
19,CLBP,1217,False,6.0,7.0,4.0,2.0,6.0,3.0
20,CLBP,1217,False,6.0,7.0,4.0,3.0,7.0,2.0
21,CLBP,1217,False,6.0,7.0,4.0,2.0,7.0,3.0
22,CLBP,1217,False,6.0,7.0,4.0,2.0,7.0,3.0
23,CLBP,1217,False,6.0,7.0,4.0,2.0,7.0,3.0
24,CLBP,1217,False,6.0,7.0,4.0,2.0,7.0,3.0
25,CLBP,1217,False,6.0,7.0,3.0,2.0,7.0,1.0
26,CLBP,1217,False,6.0,7.0,4.0,3.0,7.0,2.0
27,CLBP,1217,False,6.0,7.0,4.0,2.0,7.0,3.0
28,CLBP,1217,False,6.0,7.0,4.0,2.0,7.0,3.0
29,CLBP,1217,False,6.0,7.0,4.0,3.0,7.0,2.0
30,CLBP,1217,False,6.0,7.0,4.0,2.0,7.0,3.0
31,CLBP,1217,False,6.0,7.0,4.0,2.0,7.0,3.0
32,CLBP,1217,False,6.0,7.0,4.0,2.0,7.0,3.0
33,CLBP,1217,False,6.0,7.0,4.0,2.0,7.0,3.0
34,CLBP,1217,False,6.0,7.0,4.0,2.0,7.0,3.0
35,CLBP,1217,False,6.0,7.0,4.0,2.0,7.0,3.0
36,CLBP,1217,False,6.0,7.0,3.0,2.0,7.0,2.0
37,CLBP,1217,False,6.0,7.0,4.0,2.0,7.0,3.0
38,CLBP,1217,False,6.0,7.0,4.0,2.0,7.0,3.0
39,CLBP,1217,False,6.0,7.0,4.0,2.0,7.0,3.0
40,CLBP,1217,False,6.0,7.0,4.0,2.0,7.0,3.0
41,CLBP,1217,False,6.0,7.0,4.0,3.0,7.0,2.0
42,CLBP,1217,False,6.0,7.0,4.0,2.0,7.0,3.0
43,CLBP,1217,False,6.0,7.0,4.0,3.0,7.0,2.0
44,CLBP,1217,False,6.0,7.0,4.0,2.0,7.0,3.0
45,CLBP,1217,False,6.0,7.0,3.0,2.0,7.0,1.0
46,CLBP,1217,False,6.0,7.0,3.0,2.0,7.0,2.0
47,CLBP,1217,True,,,,,,
48,CLBP,1217,False,6.0,7.0,4.0,2.0,7.0,3.0
49,CLBP,1217,False,6.0,7.0,4.0,2.0,7.0,3.0
50,CLBP,1217,False,6.0,7.0,3.0,2.0,7.0,1.0
51,CLBP,1217,False,6.0,7.0,4.0,2.0,7.0,3.0
52,CLBP,1217,False,6.0,7.0,4.0,2.0,7.0,3.0
53,CLBP,1217,False,6.0,7.0,4.0,2.0,7.0,3.0
54,CLBP,1217,False,6.0,7.0,4.0,2.0,7.0,3.0
55,CLBP,1217,False,6.0,7.0,4.0,2.0,7.0,3.0
56,CLBP,1217,False,6.0,7.0,4.0,2.0,7.0,3.0
57,CLBP,1217,False,6.0,7.0,4.0,2.0,7.0,3.0
58,CLBP,1217,False,6.0,7.0,4.0,2.0,7.0,3.0
59,CLBP,1217,False,6.0,7.0,3.0,2.0,7.0,1.0
60,CLBP,1217,False,6.0,7.0,3.0,2.0,7.0,2.0
61,CLBP,1217,False,6.0,7.0,4.0,2.0,7.0,3.0
62,CLBP,1217,False,6.0,7.0,4.0,2.0,7.0,3.0
63,CLBP,1217,False,6.0,7.0,4.0,2.0,7.0,3.0
64,CLBP,1217,False,6.0,7.0,4.0,2.0,7.0,3.0
65,CLBP,1217,False,6.0,7.0,4.0,2.0,7.0,3.0
66,CLBP,1217,False,6.0,7.0,3.0,2.0,7.0,2.0
67,CLBP,1217,False,6.0,7.0,4.0,2.0,7.0,3.0
68,CLBP,1217,False,6.0,7.0,4.0,2.0,7.0,3.0
69,CLBP,1217,False,6.0,7.0,3.0,2.0,7.0,2.0
70,CLBP,1217,False,6.0,7.0,4.0,2.0,7.0,3.0
71,CLBP,1217,False,6.0,7.0,4.0,2.0,6.0,3.0
72,CLBP,1217,False,6.0,7.0,3.0,2.0,7.0,1.0
73,CLBP,1217,False,6.0,7.0,4.0,3.0,7.0,2.0
74,CLBP,1217,False,6.0,7.0,4.0,2.0,7.0,3.0
75,CLBP,1217,False,6.0,7.0,4.0,2.0,7.0,3.0
76,CLBP,1217,False,6.0,7.0,4.0,2.0,7.0,3.0
77,CLBP,1217,False,6.0,7.0,4.0,2.0,7.0,3.0
78,CLBP,1217,False,6.0,7.0,4.0,2.0,7.0,3.0
79,CLBP,1217,False,6.0,7.0,4.0,2.0,7.0,3.0
80,CLBP,1217,False,6.0,7.0,4.0,3.0,7.0,2.0
81,CLBP,1217,False,6.0,7.0,3.0,2.0,7.0,1.0
82,CLBP,1217,False,6.0,7.0,4.0,2.0,7.0,3.0
83,CLBP,1217,False,6.0,7.0,3.0,2.0,7.0,2.0
84,CLBP,1217,False,6.0,7.0,4.0,2.0,7.0,3.0
85,CLBP,1217,False,6.0,7.0,4.0,2.0,7.0,3.0
86,CLBP,1217,False,6.0,7.0,3.0,2.0,7.0,1.0
87,CLBP,1217,False,6.0,7.0,4.0,2.0,7.0,3.0
88,CLBP,1217,False,6.0,7.0,4.0,3.0,7.0,2.0
89,CLBP,1217,False,6.0,7.0,4.0,2.0,7.0,3.0
90,CLBP,1217,False,6.0,7.0,4.0,2.0,7.0,3.0
91,CLBP,1217,False,6.0,7.0,4.0,2.0,7.0,3.0
92,CLBP,1217,False,6.0,7.0,4.0,2.0,7.0,3.0
93,CLBP,1217,False,6.0,7.0,4.0,2.0,7.0,3.0
94,CLBP,1217,False,6.0,7.0,4.0,2.0,7.0,3.0
95,CLBP,1217,False,6.0,7.0,4.0,2.0,7.0,3.0
96,CLBP,1217,False,6.0,7.0,4.0,2.0,7.0,3.0
97,CLBP,1217,False,6.0,7.0,4.0,2.0,7.0,3.0
98,CLBP,1217,False,6.0,7.0,4.0,2.0,7.0,3.0
99,CLBP,1217,False,6.0,7.0,4.0,3.0,7.0,2.0
0,CLBP,1218,False,8.0,7.0,8.0,6.0,4.0,5.0
1,CLBP,1218,False,7.0,8.0,4.0,6.0,4.0,5.0
2,CLBP,1218,False,8.0,9.0,6.0,4.0,3.0,5.0
3,CLBP,1218,False,8.0,9.0,6.0,4.0,3.0,5.0
4,CLBP,1218,False,7.0,8.0,6.0,4.0,3.0,5.0
5,CLBP,1218,False,8.0,9.0,7.0,6.0,4.0,5.0
6,CLBP,1218,False,7.0,8.0,5.0,4.0,3.0,2.0
7,CLBP,1218,False,7.0,8.0,5.0,4.0,3.0,2.0
8,CLBP,1218,False,8.0,9.0,6.0,4.0,3.0,5.0
9,CLBP,1218,False,7.0,8.0,6.0,4.0,3.0,5.0
10,CLBP,1218,False,8.0,9.0,6.0,5.0,4.0,4.0
11,CLBP,1218,False,7.0,8.0,5.0,4.0,3.0,2.0
12,CLBP,1218,False,8.0,9.0,6.0,4.0,3.0,5.0
13,CLBP,1218,False,8.0,7.0,6.0,4.0,3.0,5.0
14,CLBP,1218,False,8.0,9.0,6.0,4.0,3.0,2.0
15,CLBP,1218,False,8.0,9.0,6.0,4.0,3.0,5.0
16,CLBP,1218,False,8.0,9.0,6.0,4.0,3.0,5.0
17,CLBP,1218,False,7.0,8.0,6.0,5.0,4.0,4.0
18,CLBP,1218,False,8.0,9.0,6.0,4.0,3.0,5.0
19,CLBP,1218,False,7.0,8.0,5.0,4.0,3.0,3.0
20,CLBP,1218,False,7.0,8.0,6.0,5.0,4.0,3.0
21,CLBP,1218,False,7.0,8.0,4.0,5.0,4.0,3.0
22,CLBP,1218,False,7.0,8.0,6.0,4.0,3.0,5.0
23,CLBP,1218,False,8.0,9.0,6.0,5.0,4.0,4.0
24,CLBP,1218,False,8.0,9.0,6.0,4.0,3.0,5.0
25,CLBP,1218,False,8.0,9.0,6.0,4.0,3.0,2.0
26,CLBP,1218,False,7.0,8.0,6.0,4.0,5.0,3.0
27,CLBP,1218,False,7.0,8.0,6.0,4.0,3.0,5.0
28,CLBP,1218,False,8.0,7.0,5.0,6.0,4.0,3.0
29,CLBP,1218,False,8.0,9.0,6.0,5.0,4.0,4.0
30,CLBP,1218,False,7.0,8.0,6.0,4.0,3.0,5.0
31,CLBP,1218,False,8.0,9.0,6.0,5.0,4.0,3.0
32,CLBP,1218,False,8.0,9.0,6.0,4.0,3.0,5.0
33,CLBP,1218,False,7.0,8.0,6.0,4.0,3.0,5.0
34,CLBP,1218,False,8.0,9.0,6.0,4.0,3.0,5.0
35,CLBP,1218,False,8.0,9.0,6.0,4.0,3.0,5.0
36,CLBP,1218,False,7.0,8.0,5.0,4.0,3.0,2.0
37,CLBP,1218,False,8.0,9.0,6.0,4.0,3.0,5.0
38,CLBP,1218,False,7.0,8.0,5.0,4.0,3.0,6.0
39,CLBP,1218,False,8.0,7.0,6.0,4.0,3.0,5.0
40,CLBP,1218,False,8.0,9.0,6.0,5.0,4.0,3.0
41,CLBP,1218,False,7.0,8.0,5.0,4.0,3.0,6.0
42,CLBP,1218,False,8.0,9.0,6.0,4.0,3.0,5.0
43,CLBP,1218,False,8.0,9.0,6.0,4.0,3.0,5.0
44,CLBP,1218,False,7.0,8.0,6.0,5.0,4.0,4.0
45,CLBP,1218,False,8.0,9.0,6.0,4.0,3.0,5.0
46,CLBP,1218,False,8.0,9.0,6.0,4.0,3.0,5.0
47,CLBP,1218,True,,,,,,
48,CLBP,1218,False,8.0,9.0,6.0,4.0,3.0,5.0
49,CLBP,1218,False,7.0,8.0,5.0,4.0,3.0,6.0
50,CLBP,1218,False,8.0,9.0,6.0,4.0,3.0,5.0
51,CLBP,1218,False,8.0,9.0,7.0,6.0,4.0,5.0
52,CLBP,1218,False,8.0,9.0,6.0,4.0,3.0,5.0
53,CLBP,1218,False,8.0,9.0,6.0,4.0,3.0,5.0
54,CLBP,1218,False,7.0,8.0,4.0,3.0,4.0,2.0
55,CLBP,1218,False,7.0,8.0,4.0,6.0,3.0,5.0
56,CLBP,1218,False,7.0,8.0,6.0,4.0,5.0,3.0
57,CLBP,1218,False,7.0,8.0,4.0,6.0,4.0,5.0
58,CLBP,1218,False,7.0,8.0,5.0,4.0,3.0,6.0
59,CLBP,1218,False,8.0,9.0,6.0,4.0,3.0,5.0
60,CLBP,1218,False,8.0,9.0,7.0,6.0,4.0,5.0
61,CLBP,1218,False,7.0,8.0,5.0,4.0,3.0,3.0
62,CLBP,1218,False,8.0,7.0,6.0,4.0,3.0,5.0
63,CLBP,1218,False,7.0,8.0,4.0,3.0,5.0,2.0
64,CLBP,1218,False,8.0,7.0,6.0,4.0,3.0,5.0
65,CLBP,1218,False,8.0,7.0,6.0,4.0,3.0,5.0
66,CLBP,1218,False,8.0,9.0,6.0,4.0,3.0,5.0
67,CLBP,1218,False,8.0,9.0,6.0,4.0,3.0,5.0
68,CLBP,1218,False,8.0,9.0,6.0,4.0,3.0,5.0
69,CLBP,1218,False,8.0,9.0,6.0,5.0,4.0,4.0
70,CLBP,1218,False,7.0,8.0,6.0,5.0,4.0,4.0
71,CLBP,1218,False,8.0,9.0,6.0,4.0,3.0,5.0
72,CLBP,1218,False,8.0,9.0,6.0,4.0,3.0,5.0
73,CLBP,1218,False,8.0,9.0,6.0,4.0,3.0,5.0
74,CLBP,1218,False,8.0,9.0,7.0,4.0,3.0,5.0
75,CLBP,1218,False,7.0,8.0,4.0,6.0,4.0,5.0
76,CLBP,1218,False,8.0,9.0,6.0,4.0,3.0,5.0
77,CLBP,1218,False,8.0,9.0,6.0,4.0,3.0,5.0
78,CLBP,1218,False,7.0,8.0,4.0,6.0,4.0,5.0
79,CLBP,1218,False,8.0,7.0,5.0,6.0,4.0,5.0
80,CLBP,1218,False,7.0,8.0,4.0,3.0,4.0,2.0
81,CLBP,1218,False,8.0,9.0,6.0,4.0,3.0,5.0
82,CLBP,1218,False,7.0,8.0,5.0,4.0,3.0,2.0
83,CLBP,1218,False,7.0,8.0,4.0,6.0,4.0,5.0
84,CLBP,1218,False,8.0,7.0,6.0,4.0,3.0,5.0
85,CLBP,1218,False,8.0,9.0,6.0,4.0,3.0,5.0
86,CLBP,1218,False,8.0,9.0,6.0,4.0,3.0,5.0
87,CLBP,1218,False,7.0,8.0,6.0,4.0,3.0,5.0
88,CLBP,1218,False,7.0,8.0,4.0,5.0,4.0,3.0
89,CLBP,1218,False,7.0,8.0,4.0,6.0,3.0,5.0
90,CLBP,1218,False,7.0,8.0,6.0,5.0,4.0,3.0
91,CLBP,1218,False,8.0,9.0,6.0,4.0,3.0,5.0
92,CLBP,1218,False,8.0,9.0,6.0,4.0,3.0,5.0
93,CLBP,1218,False,7.0,8.0,6.0,4.0,3.0,5.0
94,CLBP,1218,False,8.0,9.0,7.0,6.0,4.0,5.0
95,CLBP,1218,False,8.0,9.0,6.0,4.0,3.0,2.0
96,CLBP,1218,False,7.0,8.0,4.0,6.0,4.0,5.0
97,CLBP,1218,False,8.0,9.0,6.0,4.0,3.0,5.0
98,CLBP,1218,False,8.0,9.0,6.0,4.0,3.0,5.0
99,CLBP,1218,False,8.0,9.0,6.0,4.0,3.0,5.0
0,CLBP,1219,False,8.0,7.0,6.0,5.0,4.0,3.0
1,CLBP,1219,False,7.0,6.0,8.0,5.0,4.0,3.0
2,CLBP,1219,False,7.0,6.0,8.0,5.0,4.0,3.0
3,CLBP,1219,False,7.0,6.0,8.0,5.0,4.0,3.0
4,CLBP,1219,False,7.0,6.0,8.0,5.0,4.0,3.0
5,CLBP,1219,False,7.0,6.0,4.0,5.0,4.0,3.0
6,CLBP,1219,False,7.0,8.0,5.0,6.0,4.0,3.0
7,CLBP,1219,False,7.0,6.0,8.0,5.0,4.0,3.0
8,CLBP,1219,False,7.0,6.0,8.0,4.0,5.0,3.0
9,CLBP,1219,False,7.0,6.0,8.0,6.0,4.0,3.0
10,CLBP,1219,False,8.0,7.0,5.0,6.0,4.0,3.0
11,CLBP,1219,False,8.0,7.0,5.0,6.0,4.0,3.0
12,CLBP,1219,False,8.0,7.0,6.0,4.0,5.0,3.0
13,CLBP,1219,False,7.0,8.0,4.0,6.0,4.0,3.0
14,CLBP,1219,False,7.0,6.0,8.0,5.0,4.0,3.0
15,CLBP,1219,False,8.0,7.0,6.0,5.0,4.0,3.0
16,CLBP,1219,False,7.0,6.0,8.0,6.0,4.0,3.0
17,CLBP,1219,False,7.0,6.0,8.0,6.0,5.0,4.0
18,CLBP,1219,False,7.0,6.0,8.0,5.0,4.0,3.0
19,CLBP,1219,False,7.0,6.0,8.0,5.0,4.0,3.0
20,CLBP,1219,False,7.0,6.0,8.0,6.0,4.0,5.0
21,CLBP,1219,False,7.0,8.0,6.0,4.0,5.0,3.0
22,CLBP,1219,False,7.0,6.0,4.0,5.0,4.0,3.0
23,CLBP,1219,False,7.0,6.0,8.0,5.0,4.0,3.0
24,CLBP,1219,False,6.0,5.0,7.0,4.0,5.0,3.0
25,CLBP,1219,False,7.0,6.0,8.0,6.0,5.0,4.0
26,CLBP,1219,False,7.0,6.0,8.0,4.0,5.0,3.0
27,CLBP,1219,False,6.0,7.0,5.0,4.0,5.0,3.0
28,CLBP,1219,False,7.0,6.0,8.0,4.0,5.0,3.0
29,CLBP,1219,False,6.0,5.0,7.0,4.0,5.0,3.0
30,CLBP,1219,False,8.0,7.0,9.0,6.0,4.0,3.0
31,CLBP,1219,False,7.0,6.0,8.0,5.0,4.0,3.0
32,CLBP,1219,False,8.0,7.0,9.0,6.0,4.0,5.0
33,CLBP,1219,False,6.0,7.0,4.0,5.0,6.0,3.0
34,CLBP,1219,False,7.0,8.0,4.0,6.0,5.0,3.0
35,CLBP,1219,False,7.0,6.0,8.0,6.0,4.0,3.0
36,CLBP,1219,False,8.0,7.0,6.0,5.0,4.0,3.0
37,CLBP,1219,False,8.0,7.0,6.0,5.0,4.0,3.0
38,CLBP,1219,False,7.0,6.0,8.0,5.0,4.0,3.0
39,CLBP,1219,False,7.0,6.0,8.0,4.0,5.0,3.0
40,CLBP,1219,False,8.0,7.0,8.0,6.0,4.0,3.0
41,CLBP,1219,False,8.0,7.0,5.0,6.0,4.0,3.0
42,CLBP,1219,False,6.0,5.0,7.0,4.0,5.0,3.0
43,CLBP,1219,False,7.0,6.0,8.0,6.0,4.0,3.0
44,CLBP,1219,False,7.0,6.0,8.0,5.0,4.0,3.0
45,CLBP,1219,False,6.0,5.0,7.0,4.0,5.0,3.0
46,CLBP,1219,False,6.0,7.0,4.0,5.0,4.0,3.0
47,CLBP,1219,True,,,,,,
48,CLBP,1219,False,7.0,6.0,8.0,6.0,4.0,5.0
49,CLBP,1219,False,6.0,7.0,4.0,5.0,4.0,3.0
50,CLBP,1219,False,7.0,6.0,8.0,4.0,5.0,3.0
51,CLBP,1219,False,6.0,7.0,5.0,4.0,5.0,3.0
52,CLBP,1219,False,7.0,6.0,8.0,4.0,5.0,3.0
53,CLBP,1219,False,7.0,8.0,4.0,6.0,5.0,3.0
54,CLBP,1219,False,7.0,6.0,8.0,4.0,5.0,3.0
55,CLBP,1219,False,7.0,6.0,4.0,6.0,4.0,3.0
56,CLBP,1219,False,7.0,8.0,5.0,6.0,4.0,3.0
57,CLBP,1219,False,7.0,8.0,4.0,6.0,5.0,3.0
58,CLBP,1219,False,7.0,8.0,4.0,6.0,5.0,3.0
59,CLBP,1219,False,7.0,6.0,8.0,4.0,5.0,3.0
60,CLBP,1219,False,6.0,7.0,4.0,5.0,4.0,3.0
61,CLBP,1219,False,7.0,8.0,5.0,6.0,4.0,3.0
62,CLBP,1219,False,7.0,6.0,8.0,4.0,5.0,3.0
63,CLBP,1219,False,7.0,6.0,8.0,6.0,5.0,4.0
64,CLBP,1219,False,7.0,6.0,8.0,6.0,4.0,3.0
65,CLBP,1219,False,7.0,8.0,6.0,4.0,6.0,3.0
66,CLBP,1219,False,8.0,7.0,6.0,5.0,4.0,3.0
67,CLBP,1219,False,8.0,7.0,6.0,4.0,6.0,3.0
68,CLBP,1219,False,6.0,7.0,4.0,5.0,4.0,3.0
69,CLBP,1219,False,6.0,7.0,4.0,5.0,4.0,3.0
70,CLBP,1219,False,7.0,6.0,8.0,4.0,5.0,3.0
71,CLBP,1219,False,7.0,6.0,8.0,6.0,5.0,4.0
72,CLBP,1219,False,7.0,8.0,4.0,6.0,4.0,3.0
73,CLBP,1219,False,7.0,6.0,8.0,5.0,4.0,3.0
74,CLBP,1219,False,8.0,7.0,6.0,5.0,4.0,3.0
75,CLBP,1219,False,8.0,7.0,6.0,4.0,5.0,3.0
76,CLBP,1219,False,7.0,6.0,8.0,6.0,4.0,3.0
77,CLBP,1219,False,7.0,6.0,8.0,5.0,4.0,3.0
78,CLBP,1219,False,7.0,8.0,4.0,6.0,5.0,3.0
79,CLBP,1219,False,7.0,6.0,8.0,4.0,5.0,3.0
80,CLBP,1219,False,6.0,7.0,5.0,4.0,5.0,3.0
81,CLBP,1219,False,7.0,6.0,8.0,6.0,5.0,4.0
82,CLBP,1219,False,7.0,6.0,8.0,4.0,5.0,3.0
83,CLBP,1219,False,8.0,7.0,6.0,4.0,5.0,3.0
84,CLBP,1219,False,8.0,7.0,6.0,5.0,4.0,3.0
85,CLBP,1219,False,8.0,7.0,6.0,5.0,4.0,3.0
86,CLBP,1219,False,6.0,7.0,5.0,4.0,6.0,3.0
87,CLBP,1219,False,7.0,6.0,8.0,6.0,4.0,3.0
88,CLBP,1219,False,7.0,6.0,8.0,5.0,4.0,3.0
89,CLBP,1219,False,7.0,6.0,8.0,5.0,4.0,3.0
90,CLBP,1219,False,7.0,6.0,8.0,4.0,5.0,3.0
91,CLBP,1219,False,8.0,7.0,6.0,4.0,5.0,3.0
92,CLBP,1219,False,7.0,6.0,8.0,4.0,6.0,3.0
93,CLBP,1219,False,7.0,6.0,8.0,6.0,5.0,4.0
94,CLBP,1219,False,6.0,7.0,4.0,5.0,4.0,3.0
95,CLBP,1219,False,7.0,6.0,8.0,6.0,4.0,5.0
96,CLBP,1219,False,7.0,6.0,4.0,6.0,5.0,3.0
97,CLBP,1219,False,7.0,8.0,6.0,4.0,5.0,3.0
98,CLBP,1219,False,7.0,6.0,8.0,5.0,4.0,3.0
99,CLBP,1219,False,7.0,6.0,8.0,4.0,5.0,3.0
0,CLBP,1221,False,8.0,9.0,6.0,4.0,5.0,3.0
1,CLBP,1221,False,8.0,9.0,4.0,3.0,6.0,2.0
2,CLBP,1221,False,8.0,9.0,4.0,3.0,6.0,2.0
3,CLBP,1221,False,8.0,8.0,2.0,2.0,6.0,3.0
4,CLBP,1221,False,8.0,9.0,4.0,3.0,6.0,2.0
5,CLBP,1221,False,8.0,7.0,5.0,3.0,6.0,4.0
6,CLBP,1221,False,8.0,7.0,6.0,4.0,6.0,3.0
7,CLBP,1221,False,8.0,9.0,4.0,2.0,6.0,3.0
8,CLBP,1221,False,8.0,9.0,4.0,3.0,6.0,2.0
9,CLBP,1221,False,8.0,7.0,6.0,4.0,6.0,3.0
10,CLBP,1221,False,8.0,8.0,4.0,2.0,6.0,3.0
11,CLBP,1221,False,8.0,7.0,5.0,2.0,6.0,3.0
12,CLBP,1221,False,8.0,8.0,4.0,2.0,6.0,3.0
13,CLBP,1221,False,8.0,9.0,6.0,4.0,6.0,5.0
14,CLBP,1221,False,8.0,7.0,4.0,2.0,6.0,3.0
15,CLBP,1221,False,8.0,8.0,4.0,2.0,6.0,3.0
16,CLBP,1221,False,8.0,9.0,5.0,3.0,6.0,4.0
17,CLBP,1221,False,8.0,7.0,4.0,3.0,6.0,2.0
18,CLBP,1221,False,8.0,8.0,4.0,3.0,6.0,4.0
19,CLBP,1221,False,8.0,9.0,4.0,3.0,6.0,2.0
20,CLBP,1221,False,8.0,9.0,4.0,2.0,6.0,3.0
21,CLBP,1221,False,8.0,9.0,4.0,3.0,6.0,2.0
22,CLBP,1221,False,8.0,9.0,4.0,3.0,6.0,5.0
23,CLBP,1221,False,8.0,9.0,5.0,3.0,6.0,4.0
24,CLBP,1221,False,8.0,7.0,4.0,3.0,6.0,2.0
25,CLBP,1221,False,8.0,9.0,4.0,3.0,6.0,2.0
26,CLBP,1221,False,8.0,9.0,4.0,3.0,6.0,2.0
27,CLBP,1221,False,8.0,8.0,4.0,2.0,6.0,3.0
28,CLBP,1221,False,8.0,9.0,4.0,3.0,6.0,2.0
29,CLBP,1221,False,8.0,7.0,4.0,2.0,6.0,3.0
30,CLBP,1221,False,8.0,9.0,4.0,3.0,6.0,2.0
31,CLBP,1221,False,8.0,7.0,6.0,4.0,6.0,3.0
32,CLBP,1221,False,8.0,9.0,4.0,3.0,6.0,2.0
33,CLBP,1221,False,8.0,9.0,4.0,3.0,6.0,2.0
34,CLBP,1221,False,8.0,8.0,2.0,2.0,6.0,1.0
35,CLBP,1221,False,8.0,9.0,4.0,3.0,6.0,2.0
36,CLBP,1221,False,8.0,9.0,4.0,3.0,6.0,2.0
37,CLBP,1221,False,8.0,7.0,6.0,4.0,6.0,3.0
38,CLBP,1221,False,8.0,7.0,6.0,3.0,6.0,4.0
39,CLBP,1221,False,8.0,9.0,4.0,2.0,6.0,3.0
40,CLBP,1221,False,8.0,9.0,4.0,2.0,6.0,3.0
41,CLBP,1221,False,8.0,9.0,4.0,3.0,6.0,2.0
42,CLBP,1221,False,8.0,7.0,5.0,3.0,6.0,2.0
43,CLBP,1221,False,8.0,9.0,4.0,2.0,6.0,3.0
44,CLBP,1221,False,8.0,8.0,4.0,3.0,6.0,4.0
45,CLBP,1221,False,8.0,9.0,4.0,3.0,6.0,2.0
46,CLBP,1221,False,8.0,9.0,5.0,4.0,6.0,3.0
47,CLBP,1221,True,,,,,,
48,CLBP,1221,False,8.0,7.0,6.0,4.0,6.0,3.0
49,CLBP,1221,False,8.0,8.0,4.0,3.0,6.0,2.0
50,CLBP,1221,False,8.0,9.0,4.0,3.0,6.0,2.0
51,CLBP,1221,False,8.0,9.0,4.0,2.0,6.0,3.0
52,CLBP,1221,False,8.0,9.0,4.0,3.0,6.0,2.0
53,CLBP,1221,False,8.0,8.0,4.0,2.0,6.0,3.0
54,CLBP,1221,False,8.0,9.0,4.0,2.0,6.0,3.0
55,CLBP,1221,False,8.0,9.0,4.0,2.0,6.0,3.0
56,CLBP,1221,False,8.0,7.0,4.0,3.0,6.0,2.0
57,CLBP,1221,False,8.0,9.0,4.0,3.0,6.0,4.0
58,CLBP,1221,False,8.0,7.0,6.0,4.0,6.0,5.0
59,CLBP,1221,False,8.0,7.0,6.0,4.0,5.0,3.0
60,CLBP,1221,False,8.0,7.0,6.0,4.0,6.0,5.0
61,CLBP,1221,False,8.0,7.0,4.0,3.0,6.0,2.0
62,CLBP,1221,False,8.0,8.0,4.0,2.0,6.0,3.0
63,CLBP,1221,False,8.0,9.0,4.0,2.0,6.0,3.0
64,CLBP,1221,False,8.0,8.0,4.0,3.0,6.0,2.0
65,CLBP,1221,False,8.0,9.0,4.0,3.0,6.0,2.0
66,CLBP,1221,False,8.0,9.0,6.0,4.0,5.0,3.0
67,CLBP,1221,False,8.0,9.0,4.0,3.0,6.0,2.0
68,CLBP,1221,False,8.0,7.0,6.0,4.0,6.0,3.0
69,CLBP,1221,False,8.0,9.0,6.0,4.0,6.0,5.0
70,CLBP,1221,False,8.0,7.0,4.0,3.0,6.0,2.0
71,CLBP,1221,False,8.0,7.0,4.0,2.0,6.0,3.0
72,CLBP,1221,False,8.0,9.0,4.0,3.0,6.0,2.0
73,CLBP,1221,False,8.0,9.0,4.0,2.0,6.0,3.0
74,CLBP,1221,False,8.0,9.0,4.0,3.0,6.0,2.0
75,CLBP,1221,False,8.0,9.0,4.0,2.0,6.0,3.0
76,CLBP,1221,False,8.0,9.0,5.0,4.0,6.0,3.0
77,CLBP,1221,False,8.0,9.0,4.0,2.0,6.0,3.0
78,CLBP,1221,False,8.0,9.0,4.0,3.0,6.0,2.0
79,CLBP,1221,False,8.0,9.0,4.0,3.0,6.0,2.0
80,CLBP,1221,False,8.0,9.0,4.0,3.0,6.0,2.0
81,CLBP,1221,False,8.0,9.0,4.0,3.0,6.0,2.0
82,CLBP,1221,False,8.0,8.0,4.0,3.0,6.0,2.0
83,CLBP,1221,False,8.0,7.0,4.0,3.0,6.0,2.0
84,CLBP,1221,False,8.0,9.0,4.0,2.0,6.0,3.0
85,CLBP,1221,False,8.0,9.0,6.0,4.0,6.0,3.0
86,CLBP,1221,False,8.0,9.0,4.0,2.0,6.0,3.0
87,CLBP,1221,False,8.0,9.0,4.0,3.0,6.0,2.0
88,CLBP,1221,False,8.0,9.0,4.0,3.0,6.0,2.0
89,CLBP,1221,False,8.0,8.0,4.0,3.0,6.0,2.0
90,CLBP,1221,False,8.0,7.0,6.0,4.0,6.0,5.0
91,CLBP,1221,False,8.0,8.0,4.0,3.0,6.0,2.0
92,CLBP,1221,False,8.0,8.0,4.0,2.0,6.0,3.0
93,CLBP,1221,False,8.0,9.0,6.0,4.0,6.0,5.0
94,CLBP,1221,False,8.0,7.0,4.0,2.0,6.0,3.0
95,CLBP,1221,False,8.0,8.0,2.0,2.0,6.0,3.0
96,CLBP,1221,False,8.0,8.0,2.0,2.0,6.0,3.0
97,CLBP,1221,False,8.0,9.0,4.0,3.0,6.0,2.0
98,CLBP,1221,False,8.0,7.0,4.0,2.0,6.0,3.0
99,CLBP,1221,False,8.0,7.0,4.0,3.0,6.0,2.0
0,CLBP,1222,False,6.0,7.0,4.0,3.0,5.0,2.0
1,CLBP,1222,False,6.0,7.0,4.0,3.0,5.0,2.0
2,CLBP,1222,False,6.0,7.0,4.0,3.0,5.0,2.0
3,CLBP,1222,False,6.0,7.0,4.0,3.0,5.0,2.0
4,CLBP,1222,False,6.0,7.0,4.0,3.0,5.0,2.0
5,CLBP,1222,False,6.0,7.0,4.0,3.0,5.0,2.0
6,CLBP,1222,False,6.0,7.0,4.0,3.0,5.0,2.0
7,CLBP,1222,False,6.0,7.0,4.0,3.0,5.0,2.0
8,CLBP,1222,False,6.0,7.0,4.0,3.0,5.0,2.0
9,CLBP,1222,False,6.0,7.0,4.0,3.0,5.0,2.0
10,CLBP,1222,False,6.0,7.0,4.0,3.0,5.0,2.0
11,CLBP,1222,False,6.0,7.0,4.0,3.0,5.0,2.0
12,CLBP,1222,False,6.0,7.0,4.0,3.0,5.0,2.0
13,CLBP,1222,False,6.0,7.0,4.0,3.0,5.0,2.0
14,CLBP,1222,False,6.0,7.0,4.0,3.0,5.0,2.0
15,CLBP,1222,False,6.0,7.0,4.0,3.0,5.0,2.0
16,CLBP,1222,False,6.0,7.0,4.0,3.0,5.0,2.0
17,CLBP,1222,False,6.0,7.0,4.0,2.0,5.0,3.0
18,CLBP,1222,False,6.0,7.0,4.0,3.0,5.0,2.0
19,CLBP,1222,False,6.0,7.0,4.0,3.0,5.0,2.0
20,CLBP,1222,False,6.0,7.0,4.0,3.0,5.0,2.0
21,CLBP,1222,False,6.0,7.0,4.0,3.0,5.0,2.0
22,CLBP,1222,False,6.0,7.0,4.0,3.0,5.0,2.0
23,CLBP,1222,False,6.0,7.0,4.0,3.0,5.0,2.0
24,CLBP,1222,False,6.0,7.0,4.0,3.0,5.0,2.0
25,CLBP,1222,False,6.0,7.0,4.0,3.0,5.0,2.0
26,CLBP,1222,False,6.0,7.0,4.0,3.0,5.0,2.0
27,CLBP,1222,False,6.0,7.0,4.0,3.0,5.0,2.0
28,CLBP,1222,False,6.0,7.0,4.0,3.0,5.0,2.0
29,CLBP,1222,False,6.0,7.0,4.0,3.0,5.0,2.0
30,CLBP,1222,False,6.0,7.0,4.0,3.0,5.0,2.0
31,CLBP,1222,False,6.0,7.0,4.0,2.0,6.0,3.0
32,CLBP,1222,False,6.0,7.0,4.0,3.0,5.0,2.0
33,CLBP,1222,False,6.0,7.0,4.0,3.0,5.0,2.0
34,CLBP,1222,False,6.0,7.0,4.0,3.0,5.0,2.0
35,CLBP,1222,False,6.0,7.0,4.0,2.0,5.0,3.0
36,CLBP,1222,False,6.0,7.0,4.0,3.0,5.0,2.0
37,CLBP,1222,False,6.0,7.0,4.0,3.0,5.0,2.0
38,CLBP,1222,False,6.0,7.0,4.0,3.0,5.0,2.0
39,CLBP,1222,False,6.0,7.0,4.0,3.0,5.0,2.0
40,CLBP,1222,False,6.0,7.0,4.0,3.0,5.0,2.0
41,CLBP,1222,False,6.0,7.0,4.0,3.0,5.0,2.0
42,CLBP,1222,False,6.0,7.0,4.0,3.0,5.0,2.0
43,CLBP,1222,False,6.0,7.0,4.0,2.0,5.0,3.0
44,CLBP,1222,False,6.0,7.0,4.0,3.0,5.0,2.0
45,CLBP,1222,False,6.0,7.0,4.0,3.0,5.0,2.0
46,CLBP,1222,False,6.0,7.0,4.0,3.0,5.0,2.0
47,CLBP,1222,True,,,,,,
48,CLBP,1222,False,6.0,7.0,4.0,3.0,5.0,2.0
49,CLBP,1222,False,6.0,7.0,4.0,3.0,5.0,2.0
50,CLBP,1222,False,6.0,7.0,4.0,3.0,5.0,2.0
51,CLBP,1222,False,6.0,7.0,4.0,3.0,5.0,2.0
52,CLBP,1222,False,6.0,7.0,4.0,3.0,5.0,2.0
53,CLBP,1222,False,6.0,7.0,4.0,3.0,5.0,2.0
54,CLBP,1222,False,6.0,7.0,4.0,3.0,5.0,2.0
55,CLBP,1222,False,6.0,7.0,4.0,3.0,5.0,2.0
56,CLBP,1222,False,6.0,7.0,4.0,3.0,5.0,2.0
57,CLBP,1222,False,6.0,7.0,4.0,3.0,5.0,2.0
58,CLBP,1222,False,6.0,7.0,4.0,3.0,5.0,2.0
59,CLBP,1222,False,6.0,7.0,4.0,3.0,5.0,2.0
60,CLBP,1222,False,6.0,7.0,4.0,3.0,5.0,2.0
61,CLBP,1222,False,6.0,7.0,4.0,3.0,5.0,2.0
62,CLBP,1222,False,6.0,7.0,4.0,3.0,5.0,2.0
63,CLBP,1222,False,6.0,7.0,4.0,3.0,5.0,2.0
64,CLBP,1222,False,6.0,7.0,4.0,3.0,5.0,2.0
65,CLBP,1222,False,6.0,7.0,4.0,3.0,5.0,2.0
66,CLBP,1222,False,6.0,7.0,4.0,3.0,5.0,2.0
67,CLBP,1222,False,6.0,7.0,4.0,3.0,5.0,2.0
68,CLBP,1222,False,6.0,7.0,4.0,3.0,5.0,2.0
69,CLBP,1222,False,6.0,7.0,4.0,3.0,5.0,2.0
70,CLBP,1222,False,6.0,7.0,4.0,3.0,5.0,2.0
71,CLBP,1222,False,6.0,7.0,4.0,3.0,5.0,2.0
72,CLBP,1222,False,6.0,7.0,4.0,3.0,5.0,2.0
73,CLBP,1222,False,6.0,7.0,4.0,3.0,5.0,2.0
74,CLBP,1222,False,6.0,7.0,4.0,3.0,5.0,2.0
75,CLBP,1222,False,6.0,7.0,4.0,3.0,5.0,2.0
76,CLBP,1222,False,6.0,7.0,4.0,3.0,5.0,2.0
77,CLBP,1222,False,6.0,7.0,4.0,2.0,5.0,3.0
78,CLBP,1222,False,6.0,7.0,4.0,3.0,5.0,2.0
79,CLBP,1222,False,6.0,7.0,4.0,3.0,5.0,2.0
80,CLBP,1222,False,6.0,7.0,4.0,3.0,5.0,2.0
81,CLBP,1222,False,6.0,7.0,4.0,3.0,5.0,2.0
82,CLBP,1222,False,6.0,7.0,4.0,3.0,5.0,2.0
83,CLBP,1222,False,6.0,7.0,4.0,3.0,5.0,2.0
84,CLBP,1222,False,6.0,7.0,4.0,3.0,5.0,2.0
85,CLBP,1222,False,6.0,7.0,4.0,3.0,5.0,2.0
86,CLBP,1222,False,6.0,7.0,4.0,3.0,5.0,2.0
87,CLBP,1222,False,6.0,7.0,4.0,2.0,5.0,3.0
88,CLBP,1222,False,6.0,7.0,4.0,3.0,5.0,2.0
89,CLBP,1222,False,6.0,7.0,4.0,3.0,5.0,2.0
90,CLBP,1222,False,6.0,7.0,4.0,3.0,5.0,2.0
91,CLBP,1222,False,6.0,7.0,4.0,2.0,5.0,3.0
92,CLBP,1222,False,6.0,7.0,4.0,3.0,5.0,2.0
93,CLBP,1222,False,6.0,7.0,4.0,3.0,5.0,2.0
94,CLBP,1222,False,6.0,7.0,4.0,3.0,5.0,2.0
95,CLBP,1222,False,6.0,7.0,4.0,3.0,5.0,2.0
96,CLBP,1222,False,6.0,7.0,4.0,3.0,5.0,2.0
97,CLBP,1222,False,6.0,7.0,4.0,3.0,5.0,2.0
98,CLBP,1222,False,6.0,7.0,4.0,3.0,5.0,2.0
99,CLBP,1222,False,6.0,7.0,4.0,3.0,5.0,2.0
0,CLBP,1223,False,6.0,7.0,2.0,2.0,8.0,1.0
1,CLBP,1223,False,6.0,7.0,2.0,2.0,8.0,1.0
2,CLBP,1223,False,6.0,7.0,2.0,2.0,8.0,1.0
3,CLBP,1223,False,6.0,7.0,3.0,2.0,8.0,2.0
4,CLBP,1223,False,6.0,7.0,2.0,1.0,8.0,2.0
5,CLBP,1223,False,6.0,7.0,3.0,2.0,8.0,2.0
6,CLBP,1223,False,6.0,7.0,2.0,2.0,8.0,1.0
7,CLBP,1223,False,6.0,7.0,3.0,2.0,8.0,1.0
8,CLBP,1223,False,6.0,7.0,2.0,2.0,8.0,1.0
9,CLBP,1223,False,4.0,6.0,2.0,1.0,8.0,2.0
10,CLBP,1223,False,6.0,7.0,2.0,2.0,8.0,1.0
11,CLBP,1223,False,6.0,7.0,2.0,2.0,8.0,1.0
12,CLBP,1223,False,6.0,7.0,2.0,2.0,8.0,1.0
13,CLBP,1223,False,6.0,7.0,2.0,2.0,8.0,1.0
14,CLBP,1223,False,6.0,7.0,2.0,1.0,8.0,2.0
15,CLBP,1223,False,6.0,7.0,2.0,1.0,8.0,2.0
16,CLBP,1223,False,6.0,7.0,3.0,2.0,8.0,1.0
17,CLBP,1223,False,4.0,5.0,2.0,1.0,8.0,1.0
18,CLBP,1223,False,6.0,7.0,2.0,2.0,8.0,1.0
19,CLBP,1223,False,6.0,7.0,3.0,2.0,8.0,2.0
20,CLBP,1223,False,6.0,7.0,2.0,2.0,8.0,1.0
21,CLBP,1223,False,6.0,7.0,2.0,2.0,8.0,1.0
22,CLBP,1223,False,6.0,7.0,3.0,2.0,8.0,1.0
23,CLBP,1223,False,6.0,7.0,2.0,1.0,8.0,2.0
24,CLBP,1223,False,6.0,7.0,2.0,1.0,8.0,2.0
25,CLBP,1223,False,6.0,7.0,2.0,2.0,8.0,1.0
26,CLBP,1223,False,6.0,7.0,3.0,2.0,8.0,2.0
27,CLBP,1223,False,6.0,7.0,3.0,2.0,8.0,1.0
28,CLBP,1223,False,6.0,7.0,3.0,2.0,8.0,1.0
29,CLBP,1223,False,6.0,7.0,2.0,2.0,8.0,1.0
30,CLBP,1223,False,6.0,7.0,3.0,2.0,8.0,1.0
31,CLBP,1223,False,6.0,7.0,2.0,1.0,8.0,2.0
32,CLBP,1223,False,6.0,7.0,2.0,1.0,8.0,2.0
33,CLBP,1223,False,6.0,7.0,2.0,1.0,8.0,2.0
34,CLBP,1223,False,6.0,7.0,2.0,2.0,8.0,1.0
35,CLBP,1223,False,6.0,7.0,2.0,2.0,8.0,1.0
36,CLBP,1223,False,6.0,7.0,2.0,1.0,8.0,2.0
37,CLBP,1223,False,6.0,7.0,2.0,1.0,8.0,2.0
38,CLBP,1223,False,4.0,6.0,2.0,1.0,8.0,2.0
39,CLBP,1223,False,4.0,6.0,2.0,1.0,8.0,2.0
40,CLBP,1223,False,6.0,7.0,2.0,2.0,8.0,1.0
41,CLBP,1223,False,6.0,7.0,2.0,2.0,8.0,1.0
42,CLBP,1223,False,6.0,7.0,2.0,1.0,8.0,2.0
43,CLBP,1223,False,6.0,7.0,2.0,2.0,8.0,1.0
44,CLBP,1223,False,6.0,7.0,2.0,1.0,8.0,2.0
45,CLBP,1223,False,6.0,7.0,2.0,2.0,8.0,1.0
46,CLBP,1223,False,6.0,7.0,2.0,1.0,8.0,2.0
47,CLBP,1223,True,,,,,,
48,CLBP,1223,False,6.0,7.0,2.0,2.0,8.0,1.0
49,CLBP,1223,False,6.0,7.0,2.0,1.0,8.0,2.0
50,CLBP,1223,False,4.0,5.0,2.0,1.0,8.0,2.0
51,CLBP,1223,False,6.0,7.0,2.0,1.0,8.0,2.0
52,CLBP,1223,False,6.0,7.0,3.0,2.0,8.0,1.0
53,CLBP,1223,False,6.0,7.0,2.0,1.0,8.0,2.0
54,CLBP,1223,False,6.0,7.0,2.0,2.0,8.0,1.0
55,CLBP,1223,False,4.0,6.0,2.0,2.0,8.0,1.0
56,CLBP,1223,False,6.0,7.0,2.0,1.0,8.0,2.0
57,CLBP,1223,False,4.0,6.0,2.0,1.0,8.0,2.0
58,CLBP,1223,False,4.0,6.0,2.0,1.0,8.0,2.0
59,CLBP,1223,False,6.0,7.0,2.0,1.0,8.0,2.0
60,CLBP,1223,False,6.0,7.0,2.0,1.0,8.0,2.0
61,CLBP,1223,False,6.0,7.0,2.0,2.0,8.0,1.0
62,CLBP,1223,False,6.0,7.0,2.0,2.0,8.0,1.0
63,CLBP,1223,False,6.0,7.0,2.0,1.0,8.0,2.0
64,CLBP,1223,False,6.0,7.0,2.0,2.0,8.0,1.0
65,CLBP,1223,False,6.0,7.0,3.0,2.0,8.0,2.0
66,CLBP,1223,False,6.0,7.0,2.0,2.0,8.0,1.0
67,CLBP,1223,False,4.0,6.0,2.0,1.0,8.0,2.0
68,CLBP,1223,False,6.0,7.0,3.0,2.0,8.0,1.0
69,CLBP,1223,False,6.0,7.0,2.0,1.0,8.0,2.0
70,CLBP,1223,False,6.0,7.0,3.0,2.0,8.0,1.0
71,CLBP,1223,False,6.0,7.0,2.0,1.0,8.0,2.0
72,CLBP,1223,False,4.0,6.0,2.0,1.0,8.0,2.0
73,CLBP,1223,False,6.0,7.0,2.0,1.0,8.0,2.0
74,CLBP,1223,False,6.0,7.0,3.0,2.0,8.0,1.0
75,CLBP,1223,False,6.0,7.0,2.0,2.0,8.0,1.0
76,CLBP,1223,False,6.0,7.0,2.0,2.0,8.0,1.0
77,CLBP,1223,False,6.0,7.0,3.0,2.0,8.0,2.0
78,CLBP,1223,False,6.0,7.0,2.0,2.0,8.0,1.0
79,CLBP,1223,False,6.0,7.0,3.0,2.0,8.0,2.0
80,CLBP,1223,False,6.0,7.0,3.0,2.0,8.0,1.0
81,CLBP,1223,False,4.0,6.0,2.0,1.0,8.0,2.0
82,CLBP,1223,False,4.0,6.0,2.0,2.0,8.0,1.0
83,CLBP,1223,False,6.0,7.0,2.0,1.0,8.0,2.0
84,CLBP,1223,False,6.0,7.0,3.0,2.0,8.0,1.0
85,CLBP,1223,False,6.0,7.0,2.0,1.0,8.0,2.0
86,CLBP,1223,False,6.0,7.0,3.0,2.0,8.0,1.0
87,CLBP,1223,False,6.0,7.0,2.0,1.0,8.0,2.0
88,CLBP,1223,False,4.0,6.0,2.0,2.0,8.0,1.0
89,CLBP,1223,False,4.0,6.0,2.0,1.0,8.0,2.0
90,CLBP,1223,False,6.0,7.0,2.0,2.0,8.0,1.0
91,CLBP,1223,False,4.0,6.0,2.0,2.0,8.0,1.0
92,CLBP,1223,False,6.0,7.0,2.0,2.0,8.0,1.0
93,CLBP,1223,False,6.0,7.0,3.0,2.0,8.0,1.0
94,CLBP,1223,False,6.0,7.0,2.0,1.0,8.0,2.0
95,CLBP,1223,False,6.0,7.0,2.0,1.0,8.0,2.0
96,CLBP,1223,False,6.0,7.0,2.0,2.0,8.0,1.0
97,CLBP,1223,False,6.0,7.0,3.0,2.0,8.0,1.0
98,CLBP,1223,False,6.0,7.0,2.0,1.0,8.0,2.0
99,CLBP,1223,False,6.0,7.0,2.0,1.0,8.0,2.0
0,CLBP,1224,False,6.0,4.0,2.0,3.0,7.0,2.0
1,CLBP,1224,False,4.0,4.0,2.0,2.0,7.0,1.0
2,CLBP,1224,False,6.0,4.0,2.0,3.0,7.0,2.0
3,CLBP,1224,False,4.0,4.0,2.0,3.0,7.0,2.0
4,CLBP,1224,False,4.0,4.0,2.0,3.0,7.0,2.0
5,CLBP,1224,False,6.0,4.0,2.0,2.0,8.0,1.0
6,CLBP,1224,False,4.0,4.0,2.0,2.0,7.0,1.0
7,CLBP,1224,False,4.0,4.0,2.0,3.0,7.0,2.0
8,CLBP,1224,False,6.0,4.0,2.0,2.0,7.0,1.0
9,CLBP,1224,False,6.0,4.0,2.0,2.0,7.0,1.0
10,CLBP,1224,False,4.0,4.0,2.0,2.0,7.0,1.0
11,CLBP,1224,False,4.0,4.0,2.0,2.0,7.0,1.0
12,CLBP,1224,False,6.0,4.0,2.0,2.0,7.0,1.0
13,CLBP,1224,False,6.0,4.0,2.0,2.0,7.0,1.0
14,CLBP,1224,False,6.0,4.0,2.0,2.0,7.0,1.0
15,CLBP,1224,False,4.0,4.0,2.0,3.0,7.0,2.0
16,CLBP,1224,False,4.0,4.0,2.0,3.0,7.0,2.0
17,CLBP,1224,False,6.0,4.0,2.0,2.0,8.0,1.0
18,CLBP,1224,False,6.0,4.0,2.0,2.0,8.0,1.0
19,CLBP,1224,False,4.0,4.0,2.0,3.0,7.0,2.0
20,CLBP,1224,False,4.0,4.0,2.0,3.0,7.0,2.0
21,CLBP,1224,False,6.0,4.0,2.0,3.0,7.0,2.0
22,CLBP,1224,False,4.0,4.0,2.0,3.0,7.0,2.0
23,CLBP,1224,False,4.0,4.0,2.0,3.0,7.0,2.0
24,CLBP,1224,False,4.0,4.0,2.0,2.0,7.0,1.0
25,CLBP,1224,False,6.0,4.0,2.0,3.0,7.0,2.0
26,CLBP,1224,False,4.0,4.0,2.0,2.0,7.0,1.0
27,CLBP,1224,False,6.0,4.0,2.0,2.0,7.0,1.0
28,CLBP,1224,False,4.0,4.0,2.0,2.0,7.0,1.0
29,CLBP,1224,False,4.0,4.0,2.0,2.0,7.0,1.0
30,CLBP,1224,False,4.0,4.0,2.0,2.0,7.0,1.0
31,CLBP,1224,False,4.0,4.0,2.0,2.0,7.0,1.0
32,CLBP,1224,False,6.0,4.0,2.0,2.0,7.0,1.0
33,CLBP,1224,False,6.0,4.0,2.0,3.0,7.0,2.0
34,CLBP,1224,False,4.0,4.0,2.0,3.0,7.0,2.0
35,CLBP,1224,False,4.0,4.0,2.0,3.0,7.0,2.0
36,CLBP,1224,False,4.0,4.0,2.0,3.0,7.0,2.0
37,CLBP,1224,False,4.0,4.0,2.0,3.0,7.0,2.0
38,CLBP,1224,False,6.0,4.0,2.0,2.0,8.0,1.0
39,CLBP,1224,False,6.0,4.0,2.0,2.0,8.0,1.0
40,CLBP,1224,False,6.0,4.0,2.0,2.0,7.0,1.0
41,CLBP,1224,False,4.0,4.0,2.0,3.0,7.0,2.0
42,CLBP,1224,False,6.0,4.0,2.0,3.0,7.0,2.0
43,CLBP,1224,False,6.0,4.0,2.0,2.0,7.0,1.0
44,CLBP,1224,False,6.0,4.0,2.0,2.0,7.0,1.0
45,CLBP,1224,False,4.0,4.0,2.0,2.0,7.0,1.0
46,CLBP,1224,False,4.0,4.0,2.0,3.0,7.0,2.0
47,CLBP,1224,True,,,,,,
48,CLBP,1224,False,4.0,4.0,2.0,3.0,7.0,2.0
49,CLBP,1224,False,4.0,4.0,2.0,3.0,7.0,2.0
50,CLBP,1224,False,6.0,4.0,2.0,2.0,8.0,1.0
51,CLBP,1224,False,6.0,4.0,2.0,2.0,7.0,1.0
52,CLBP,1224,False,6.0,4.0,2.0,2.0,8.0,1.0
53,CLBP,1224,False,6.0,4.0,2.0,3.0,7.0,2.0
54,CLBP,1224,False,6.0,4.0,2.0,2.0,7.0,1.0
55,CLBP,1224,False,4.0,4.0,2.0,2.0,7.0,1.0
56,CLBP,1224,False,6.0,4.0,2.0,3.0,7.0,2.0
57,CLBP,1224,False,4.0,4.0,2.0,2.0,7.0,1.0
58,CLBP,1224,False,6.0,4.0,2.0,2.0,8.0,1.0
59,CLBP,1224,False,4.0,4.0,2.0,2.0,7.0,1.0
60,CLBP,1224,False,6.0,4.0,2.0,2.0,7.0,1.0
61,CLBP,1224,False,6.0,4.0,2.0,3.0,7.0,2.0
62,CLBP,1224,False,4.0,4.0,2.0,3.0,7.0,2.0
63,CLBP,1224,False,6.0,4.0,2.0,2.0,8.0,1.0
64,CLBP,1224,False,6.0,4.0,2.0,2.0,7.0,1.0
65,CLBP,1224,False,6.0,4.0,2.0,2.0,7.0,1.0
66,CLBP,1224,False,6.0,4.0,2.0,3.0,7.0,2.0
67,CLBP,1224,False,6.0,4.0,2.0,2.0,8.0,1.0
68,CLBP,1224,False,6.0,4.0,2.0,2.0,8.0,1.0
69,CLBP,1224,False,6.0,4.0,2.0,2.0,7.0,1.0
70,CLBP,1224,False,4.0,4.0,2.0,2.0,7.0,1.0
71,CLBP,1224,False,4.0,4.0,2.0,3.0,7.0,2.0
72,CLBP,1224,False,6.0,4.0,2.0,2.0,8.0,1.0
73,CLBP,1224,False,4.0,4.0,2.0,3.0,7.0,2.0
74,CLBP,1224,False,4.0,4.0,2.0,3.0,7.0,2.0
75,CLBP,1224,False,4.0,4.0,2.0,2.0,7.0,1.0
76,CLBP,1224,False,4.0,4.0,2.0,2.0,7.0,1.0
77,CLBP,1224,False,6.0,4.0,2.0,3.0,7.0,2.0
78,CLBP,1224,False,6.0,4.0,2.0,2.0,7.0,1.0
79,CLBP,1224,False,4.0,4.0,2.0,2.0,7.0,1.0
80,CLBP,1224,False,4.0,4.0,2.0,2.0,7.0,1.0
81,CLBP,1224,False,6.0,4.0,2.0,2.0,7.0,1.0
82,CLBP,1224,False,6.0,4.0,2.0,2.0,7.0,1.0
83,CLBP,1224,False,4.0,4.0,2.0,3.0,7.0,2.0
84,CLBP,1224,False,6.0,4.0,2.0,3.0,7.0,2.0
85,CLBP,1224,False,6.0,4.0,2.0,2.0,7.0,1.0
86,CLBP,1224,False,6.0,4.0,2.0,2.0,7.0,1.0
87,CLBP,1224,False,4.0,4.0,2.0,3.0,7.0,2.0
88,CLBP,1224,False,4.0,4.0,2.0,3.0,7.0,2.0
89,CLBP,1224,False,6.0,4.0,2.0,2.0,7.0,1.0
90,CLBP,1224,False,6.0,4.0,2.0,2.0,7.0,1.0
91,CLBP,1224,False,6.0,4.0,2.0,3.0,7.0,2.0
92,CLBP,1224,False,4.0,4.0,2.0,2.0,7.0,1.0
93,CLBP,1224,False,4.0,4.0,2.0,3.0,7.0,2.0
94,CLBP,1224,False,6.0,4.0,2.0,3.0,7.0,2.0
95,CLBP,1224,False,6.0,4.0,2.0,2.0,7.0,1.0
96,CLBP,1224,False,6.0,4.0,2.0,2.0,8.0,1.0
97,CLBP,1224,False,4.0,4.0,2.0,3.0,7.0,2.0
98,CLBP,1224,False,4.0,4.0,2.0,2.0,7.0,1.0
99,CLBP,1224,False,6.0,4.0,2.0,2.0,8.0,1.0
0,CLBP,1225,False,6.0,6.0,4.0,3.0,7.0,6.0
1,CLBP,1225,False,6.0,5.0,7.0,4.0,7.0,6.0
2,CLBP,1225,False,6.0,5.0,4.0,3.0,7.0,6.0
3,CLBP,1225,False,6.0,6.0,4.0,3.0,7.0,5.0
4,CLBP,1225,False,6.0,6.0,4.0,4.0,7.0,6.0
5,CLBP,1225,False,6.0,5.0,7.0,4.0,7.0,6.0
6,CLBP,1225,False,6.0,7.0,4.0,3.0,7.0,5.0
7,CLBP,1225,False,6.0,5.0,7.0,4.0,7.0,6.0
8,CLBP,1225,False,6.0,5.0,7.0,4.0,7.0,6.0
9,CLBP,1225,False,6.0,5.0,7.0,4.0,7.0,6.0
10,CLBP,1225,False,6.0,5.0,7.0,4.0,7.0,6.0
11,CLBP,1225,False,6.0,5.0,7.0,4.0,7.0,6.0
12,CLBP,1225,False,6.0,7.0,4.0,4.0,7.0,6.0
13,CLBP,1225,False,6.0,5.0,7.0,4.0,7.0,6.0
14,CLBP,1225,False,6.0,5.0,7.0,4.0,7.0,6.0
15,CLBP,1225,False,6.0,7.0,4.0,4.0,6.0,7.0
16,CLBP,1225,False,6.0,5.0,7.0,4.0,7.0,6.0
17,CLBP,1225,False,6.0,7.0,4.0,3.0,7.0,5.0
18,CLBP,1225,False,6.0,5.0,7.0,4.0,7.0,6.0
19,CLBP,1225,False,6.0,5.0,7.0,4.0,7.0,6.0
20,CLBP,1225,False,6.0,6.0,4.0,3.0,7.0,5.0
21,CLBP,1225,False,6.0,6.0,4.0,4.0,7.0,6.0
22,CLBP,1225,False,6.0,5.0,7.0,4.0,7.0,6.0
23,CLBP,1225,False,6.0,5.0,7.0,4.0,7.0,6.0
24,CLBP,1225,False,6.0,6.0,4.0,3.0,7.0,5.0
25,CLBP,1225,False,6.0,5.0,4.0,3.0,7.0,6.0
26,CLBP,1225,False,6.0,5.0,7.0,4.0,7.0,6.0
27,CLBP,1225,False,6.0,7.0,4.0,3.0,7.0,5.0
28,CLBP,1225,False,6.0,5.0,7.0,4.0,7.0,6.0
29,CLBP,1225,False,6.0,5.0,4.0,4.0,7.0,6.0
30,CLBP,1225,False,6.0,6.0,4.0,3.0,7.0,5.0
31,CLBP,1225,False,6.0,5.0,4.0,3.0,7.0,6.0
32,CLBP,1225,False,6.0,7.0,4.0,3.0,7.0,5.0
33,CLBP,1225,False,6.0,5.0,7.0,4.0,7.0,6.0
34,CLBP,1225,False,6.0,5.0,7.0,4.0,7.0,6.0
35,CLBP,1225,False,6.0,5.0,7.0,4.0,7.0,6.0
36,CLBP,1225,False,6.0,5.0,7.0,4.0,6.0,7.0
37,CLBP,1225,False,6.0,6.0,4.0,3.0,7.0,6.0
38,CLBP,1225,False,6.0,6.0,4.0,3.0,7.0,5.0
39,CLBP,1225,False,6.0,7.0,4.0,3.0,7.0,5.0
40,CLBP,1225,False,6.0,6.0,4.0,3.0,7.0,5.0
41,CLBP,1225,False,6.0,6.0,4.0,3.0,7.0,5.0
42,CLBP,1225,False,6.0,7.0,4.0,3.0,7.0,6.0
43,CLBP,1225,False,6.0,5.0,7.0,4.0,7.0,6.0
44,CLBP,1225,False,6.0,6.0,4.0,4.0,7.0,6.0
45,CLBP,1225,False,6.0,6.0,4.0,4.0,7.0,6.0
46,CLBP,1225,False,6.0,5.0,7.0,4.0,7.0,6.0
47,CLBP,1225,True,,,,,,
48,CLBP,1225,False,6.0,7.0,5.0,4.0,7.0,6.0
49,CLBP,1225,False,6.0,5.0,7.0,4.0,7.0,6.0
50,CLBP,1225,False,6.0,5.0,7.0,4.0,7.0,6.0
51,CLBP,1225,False,6.0,5.0,7.0,4.0,7.0,6.0
52,CLBP,1225,False,6.0,6.0,4.0,4.0,7.0,6.0
53,CLBP,1225,False,6.0,5.0,7.0,4.0,7.0,6.0
54,CLBP,1225,False,6.0,7.0,4.0,3.0,7.0,5.0
55,CLBP,1225,False,6.0,5.0,4.0,4.0,7.0,6.0
56,CLBP,1225,False,6.0,7.0,5.0,4.0,7.0,6.0
57,CLBP,1225,False,6.0,5.0,7.0,4.0,7.0,6.0
58,CLBP,1225,False,6.0,5.0,7.0,4.0,7.0,6.0
59,CLBP,1225,False,6.0,7.0,4.0,3.0,7.0,6.0
60,CLBP,1225,False,6.0,5.0,7.0,4.0,7.0,6.0
61,CLBP,1225,False,6.0,7.0,4.0,4.0,7.0,6.0
62,CLBP,1225,False,6.0,7.0,5.0,4.0,7.0,6.0
63,CLBP,1225,False,6.0,5.0,7.0,4.0,7.0,8.0
64,CLBP,1225,False,6.0,6.0,4.0,4.0,7.0,6.0
65,CLBP,1225,False,6.0,6.0,4.0,3.0,7.0,6.0
66,CLBP,1225,False,6.0,6.0,4.0,3.0,7.0,5.0
67,CLBP,1225,False,6.0,5.0,7.0,4.0,7.0,6.0
68,CLBP,1225,False,6.0,7.0,4.0,4.0,6.0,7.0
69,CLBP,1225,False,6.0,6.0,4.0,3.0,7.0,5.0
70,CLBP,1225,False,6.0,6.0,4.0,4.0,7.0,6.0
71,CLBP,1225,False,6.0,6.0,4.0,3.0,7.0,5.0
72,CLBP,1225,False,6.0,5.0,4.0,3.0,7.0,6.0
73,CLBP,1225,False,6.0,7.0,5.0,4.0,7.0,6.0
74,CLBP,1225,False,6.0,7.0,4.0,3.0,7.0,6.0
75,CLBP,1225,False,6.0,6.0,4.0,3.0,7.0,5.0
76,CLBP,1225,False,6.0,7.0,4.0,3.0,7.0,5.0
77,CLBP,1225,False,6.0,5.0,7.0,4.0,7.0,8.0
78,CLBP,1225,False,6.0,5.0,4.0,3.0,7.0,6.0
79,CLBP,1225,False,6.0,6.0,4.0,3.0,7.0,6.0
80,CLBP,1225,False,6.0,7.0,4.0,3.0,7.0,6.0
81,CLBP,1225,False,6.0,6.0,4.0,4.0,7.0,6.0
82,CLBP,1225,False,6.0,5.0,4.0,3.0,7.0,6.0
83,CLBP,1225,False,6.0,5.0,4.0,3.0,7.0,6.0
84,CLBP,1225,False,6.0,5.0,7.0,4.0,7.0,6.0
85,CLBP,1225,False,6.0,5.0,7.0,4.0,7.0,6.0
86,CLBP,1225,False,6.0,6.0,4.0,3.0,7.0,5.0
87,CLBP,1225,False,6.0,7.0,5.0,4.0,7.0,6.0
88,CLBP,1225,False,6.0,7.0,5.0,4.0,7.0,6.0
89,CLBP,1225,False,6.0,7.0,4.0,4.0,6.0,7.0
90,CLBP,1225,False,6.0,5.0,4.0,3.0,7.0,5.0
91,CLBP,1225,False,6.0,6.0,4.0,3.0,7.0,5.0
92,CLBP,1225,False,6.0,5.0,7.0,4.0,7.0,6.0
93,CLBP,1225,False,6.0,5.0,7.0,4.0,7.0,6.0
94,CLBP,1225,False,6.0,6.0,4.0,4.0,7.0,6.0
95,CLBP,1225,False,6.0,5.0,7.0,4.0,6.0,8.0
96,CLBP,1225,False,6.0,6.0,4.0,3.0,7.0,6.0
97,CLBP,1225,False,6.0,7.0,5.0,4.0,7.0,6.0
98,CLBP,1225,False,6.0,5.0,7.0,4.0,7.0,6.0
99,CLBP,1225,False,6.0,5.0,7.0,4.0,7.0,6.0
0,CLBP,1226,False,8.0,8.0,2.0,3.0,6.0,2.0
1,CLBP,1226,False,8.0,7.0,6.0,4.0,5.0,3.0
2,CLBP,1226,False,8.0,8.0,4.0,4.0,6.0,2.0
3,CLBP,1226,False,7.0,6.0,5.0,4.0,5.0,3.0
4,CLBP,1226,False,8.0,8.0,4.0,3.0,6.0,2.0
5,CLBP,1226,False,7.0,8.0,4.0,3.0,6.0,2.0
6,CLBP,1226,False,8.0,8.0,2.0,4.0,6.0,3.0
7,CLBP,1226,False,8.0,7.0,6.0,4.0,6.0,3.0
8,CLBP,1226,False,7.0,8.0,4.0,3.0,6.0,2.0
9,CLBP,1226,False,8.0,8.0,4.0,3.0,6.0,2.0
10,CLBP,1226,False,6.0,8.0,4.0,3.0,5.0,2.0
11,CLBP,1226,False,8.0,7.0,2.0,2.0,6.0,1.0
12,CLBP,1226,False,7.0,8.0,4.0,3.0,6.0,2.0
13,CLBP,1226,False,8.0,8.0,2.0,3.0,6.0,4.0
14,CLBP,1226,False,8.0,8.0,4.0,3.0,6.0,2.0
15,CLBP,1226,False,7.0,8.0,4.0,3.0,6.0,2.0
16,CLBP,1226,False,8.0,8.0,4.0,3.0,6.0,2.0
17,CLBP,1226,False,8.0,8.0,4.0,3.0,6.0,2.0
18,CLBP,1226,False,7.0,8.0,4.0,3.0,6.0,2.0
19,CLBP,1226,False,7.0,8.0,3.0,2.0,6.0,1.0
20,CLBP,1226,False,8.0,8.0,4.0,2.0,6.0,3.0
21,CLBP,1226,False,8.0,7.0,2.0,4.0,6.0,3.0
22,CLBP,1226,False,8.0,8.0,2.0,4.0,6.0,3.0
23,CLBP,1226,False,7.0,8.0,4.0,3.0,5.0,2.0
24,CLBP,1226,False,6.0,7.0,4.0,3.0,5.0,2.0
25,CLBP,1226,False,7.0,8.0,4.0,3.0,6.0,2.0
26,CLBP,1226,False,8.0,8.0,4.0,2.0,6.0,3.0
27,CLBP,1226,False,8.0,8.0,4.0,3.0,6.0,2.0
28,CLBP,1226,False,6.0,7.0,4.0,3.0,5.0,2.0
29,CLBP,1226,False,8.0,8.0,2.0,3.0,6.0,2.0
30,CLBP,1226,False,8.0,8.0,4.0,3.0,6.0,2.0
31,CLBP,1226,False,7.0,8.0,4.0,3.0,6.0,2.0
32,CLBP,1226,False,7.0,8.0,4.0,3.0,6.0,2.0
33,CLBP,1226,False,8.0,8.0,4.0,3.0,6.0,2.0
34,CLBP,1226,False,8.0,8.0,2.0,3.0,6.0,2.0
35,CLBP,1226,False,8.0,8.0,2.0,3.0,6.0,2.0
36,CLBP,1226,False,8.0,8.0,4.0,3.0,6.0,2.0
37,CLBP,1226,False,6.0,7.0,4.0,3.0,5.0,2.0
38,CLBP,1226,False,7.0,8.0,4.0,3.0,6.0,2.0
39,CLBP,1226,False,8.0,7.0,6.0,4.0,5.0,3.0
40,CLBP,1226,False,6.0,7.0,4.0,3.0,5.0,2.0
41,CLBP,1226,False,8.0,8.0,2.0,4.0,6.0,3.0
42,CLBP,1226,False,8.0,8.0,4.0,2.0,6.0,3.0
43,CLBP,1226,False,7.0,8.0,4.0,3.0,6.0,2.0
44,CLBP,1226,False,7.0,8.0,4.0,3.0,6.0,2.0
45,CLBP,1226,False,7.0,8.0,4.0,3.0,6.0,2.0
46,CLBP,1226,False,6.0,7.0,4.0,3.0,5.0,2.0
47,CLBP,1226,True,,,,,,
48,CLBP,1226,False,8.0,8.0,4.0,2.0,6.0,3.0
49,CLBP,1226,False,6.0,7.0,4.0,3.0,5.0,2.0
50,CLBP,1226,False,7.0,6.0,4.0,3.0,5.0,2.0
51,CLBP,1226,False,8.0,8.0,4.0,3.0,6.0,2.0
52,CLBP,1226,False,8.0,8.0,2.0,2.0,6.0,3.0
53,CLBP,1226,False,7.0,8.0,4.0,3.0,6.0,2.0
54,CLBP,1226,False,6.0,7.0,4.0,3.0,5.0,2.0
55,CLBP,1226,False,8.0,8.0,2.0,3.0,6.0,2.0
56,CLBP,1226,False,7.0,6.0,8.0,4.0,5.0,3.0
57,CLBP,1226,False,7.0,8.0,4.0,3.0,6.0,2.0
58,CLBP,1226,False,7.0,8.0,4.0,3.0,6.0,2.0
59,CLBP,1226,False,8.0,8.0,4.0,3.0,6.0,2.0
60,CLBP,1226,False,7.0,8.0,4.0,3.0,6.0,2.0
61,CLBP,1226,False,8.0,8.0,2.0,3.0,6.0,4.0
62,CLBP,1226,False,7.0,8.0,4.0,3.0,6.0,2.0
63,CLBP,1226,False,7.0,8.0,4.0,3.0,6.0,2.0
64,CLBP,1226,False,7.0,8.0,4.0,3.0,6.0,2.0
65,CLBP,1226,False,8.0,8.0,4.0,3.0,6.0,2.0
66,CLBP,1226,False,8.0,8.0,4.0,2.0,6.0,3.0
67,CLBP,1226,False,8.0,8.0,4.0,3.0,6.0,2.0
68,CLBP,1226,False,8.0,8.0,4.0,3.0,6.0,2.0
69,CLBP,1226,False,8.0,8.0,4.0,4.0,6.0,3.0
70,CLBP,1226,False,7.0,6.0,8.0,4.0,5.0,3.0
71,CLBP,1226,False,6.0,7.0,4.0,3.0,5.0,2.0
72,CLBP,1226,False,8.0,8.0,2.0,4.0,6.0,3.0
73,CLBP,1226,False,8.0,8.0,2.0,4.0,6.0,3.0
74,CLBP,1226,False,8.0,8.0,4.0,3.0,6.0,2.0
75,CLBP,1226,False,8.0,8.0,4.0,3.0,6.0,2.0
76,CLBP,1226,False,8.0,8.0,4.0,3.0,6.0,2.0
77,CLBP,1226,False,8.0,8.0,2.0,4.0,6.0,3.0
78,CLBP,1226,False,8.0,8.0,2.0,4.0,6.0,3.0
79,CLBP,1226,False,8.0,7.0,4.0,3.0,6.0,2.0
80,CLBP,1226,False,8.0,8.0,2.0,2.0,6.0,1.0
81,CLBP,1226,False,7.0,8.0,4.0,3.0,6.0,2.0
82,CLBP,1226,False,8.0,8.0,4.0,3.0,6.0,2.0
83,CLBP,1226,False,8.0,8.0,4.0,3.0,6.0,2.0
84,CLBP,1226,False,7.0,8.0,4.0,3.0,6.0,2.0
85,CLBP,1226,False,8.0,8.0,2.0,4.0,6.0,3.0
86,CLBP,1226,False,8.0,8.0,4.0,3.0,6.0,2.0
87,CLBP,1226,False,8.0,8.0,2.0,3.0,6.0,2.0
88,CLBP,1226,False,8.0,8.0,4.0,3.0,6.0,2.0
89,CLBP,1226,False,8.0,7.0,4.0,3.0,6.0,2.0
90,CLBP,1226,False,8.0,8.0,2.0,4.0,6.0,3.0
91,CLBP,1226,False,7.0,6.0,4.0,3.0,5.0,2.0
92,CLBP,1226,False,7.0,8.0,4.0,3.0,6.0,2.0
93,CLBP,1226,False,6.0,7.0,4.0,3.0,5.0,2.0
94,CLBP,1226,False,8.0,7.0,2.0,4.0,6.0,3.0
95,CLBP,1226,False,8.0,7.0,3.0,4.0,6.0,2.0
96,CLBP,1226,False,8.0,8.0,4.0,2.0,6.0,3.0
97,CLBP,1226,False,8.0,8.0,2.0,4.0,6.0,3.0
98,CLBP,1226,False,8.0,8.0,4.0,2.0,6.0,3.0
99,CLBP,1226,False,8.0,7.0,4.0,3.0,6.0,2.0
0,CLBP,1227,False,6.0,7.0,4.0,2.0,8.0,3.0
1,CLBP,1227,False,6.0,6.0,2.0,1.0,8.0,2.0
2,CLBP,1227,False,6.0,7.0,2.0,1.0,8.0,2.0
3,CLBP,1227,False,6.0,6.0,2.0,1.0,8.0,2.0
4,CLBP,1227,False,6.0,6.0,0.0,0.0,8.0,0.0
5,CLBP,1227,False,6.0,7.0,2.0,1.0,8.0,2.0
6,CLBP,1227,False,6.0,7.0,2.0,1.0,8.0,2.0
7,CLBP,1227,False,6.0,5.0,1.0,1.0,8.0,2.0
8,CLBP,1227,False,6.0,6.0,2.0,1.0,8.0,2.0
9,CLBP,1227,False,6.0,5.0,1.0,1.0,8.0,2.0
10,CLBP,1227,False,6.0,7.0,2.0,2.0,8.0,1.0
11,CLBP,1227,False,6.0,7.0,3.0,2.0,8.0,2.0
12,CLBP,1227,False,6.0,7.0,4.0,2.0,8.0,3.0
13,CLBP,1227,False,6.0,6.0,2.0,1.0,8.0,2.0
14,CLBP,1227,False,6.0,6.0,2.0,2.0,8.0,1.0
15,CLBP,1227,False,6.0,5.0,1.0,1.0,8.0,1.0
16,CLBP,1227,False,6.0,7.0,2.0,1.0,8.0,2.0
17,CLBP,1227,False,6.0,7.0,2.0,2.0,8.0,1.0
18,CLBP,1227,False,6.0,7.0,2.0,1.0,8.0,2.0
19,CLBP,1227,False,6.0,5.0,1.0,1.0,8.0,1.0
20,CLBP,1227,False,6.0,7.0,4.0,2.0,8.0,3.0
21,CLBP,1227,False,6.0,6.0,2.0,2.0,8.0,1.0
22,CLBP,1227,False,6.0,7.0,2.0,1.0,8.0,2.0
23,CLBP,1227,False,6.0,7.0,2.0,1.0,8.0,2.0
24,CLBP,1227,False,6.0,6.0,2.0,1.0,8.0,2.0
25,CLBP,1227,False,6.0,7.0,3.0,2.0,8.0,2.0
26,CLBP,1227,False,6.0,6.0,2.0,2.0,8.0,1.0
27,CLBP,1227,False,6.0,7.0,3.0,2.0,8.0,1.0
28,CLBP,1227,False,6.0,5.0,1.0,0.0,8.0,0.0
29,CLBP,1227,False,6.0,6.0,2.0,1.0,8.0,2.0
30,CLBP,1227,False,6.0,7.0,2.0,2.0,8.0,3.0
31,CLBP,1227,False,6.0,6.0,2.0,1.0,8.0,2.0
32,CLBP,1227,False,6.0,7.0,2.0,1.0,8.0,2.0
33,CLBP,1227,False,6.0,7.0,4.0,2.0,8.0,3.0
34,CLBP,1227,False,6.0,7.0,2.0,2.0,8.0,1.0
35,CLBP,1227,False,6.0,6.0,2.0,1.0,8.0,2.0
36,CLBP,1227,False,6.0,7.0,2.0,1.0,8.0,2.0
37,CLBP,1227,False,6.0,7.0,4.0,2.0,8.0,3.0
38,CLBP,1227,False,6.0,7.0,2.0,1.0,8.0,2.0
39,CLBP,1227,False,6.0,7.0,2.0,1.0,8.0,2.0
40,CLBP,1227,False,6.0,7.0,2.0,1.0,8.0,2.0
41,CLBP,1227,False,6.0,6.0,2.0,2.0,8.0,1.0
42,CLBP,1227,False,6.0,7.0,4.0,2.0,8.0,3.0
43,CLBP,1227,False,6.0,5.0,1.0,1.0,8.0,2.0
44,CLBP,1227,False,6.0,6.0,2.0,1.0,8.0,2.0
45,CLBP,1227,False,6.0,7.0,3.0,2.0,8.0,1.0
46,CLBP,1227,False,6.0,6.0,2.0,2.0,8.0,2.0
47,CLBP,1227,True,,,,,,
48,CLBP,1227,False,6.0,7.0,2.0,1.0,8.0,2.0
49,CLBP,1227,False,6.0,5.0,1.0,2.0,8.0,1.0
50,CLBP,1227,False,6.0,7.0,2.0,1.0,8.0,2.0
51,CLBP,1227,False,6.0,6.0,2.0,1.0,8.0,2.0
52,CLBP,1227,False,6.0,7.0,2.0,1.0,8.0,2.0
53,CLBP,1227,False,6.0,7.0,2.0,1.0,8.0,2.0
54,CLBP,1227,False,6.0,6.0,2.0,1.0,8.0,2.0
55,CLBP,1227,False,6.0,7.0,3.0,2.0,8.0,1.0
56,CLBP,1227,False,6.0,7.0,2.0,1.0,8.0,2.0
57,CLBP,1227,False,6.0,6.0,2.0,2.0,8.0,1.0
58,CLBP,1227,False,6.0,6.0,2.0,1.0,8.0,2.0
59,CLBP,1227,False,6.0,5.0,1.0,1.0,8.0,2.0
60,CLBP,1227,False,6.0,6.0,0.0,0.0,8.0,0.0
61,CLBP,1227,False,6.0,7.0,2.0,1.0,8.0,2.0
62,CLBP,1227,False,6.0,7.0,2.0,1.0,8.0,2.0
63,CLBP,1227,False,6.0,7.0,2.0,1.0,8.0,2.0
64,CLBP,1227,False,6.0,7.0,2.0,2.0,8.0,1.0
65,CLBP,1227,False,6.0,7.0,3.0,2.0,8.0,1.0
66,CLBP,1227,False,6.0,7.0,2.0,1.0,8.0,2.0
67,CLBP,1227,False,6.0,6.0,2.0,1.0,8.0,2.0
68,CLBP,1227,False,6.0,7.0,3.0,2.0,8.0,2.0
69,CLBP,1227,False,6.0,7.0,2.0,1.0,8.0,2.0
70,CLBP,1227,False,6.0,7.0,2.0,1.0,8.0,2.0
71,CLBP,1227,False,6.0,7.0,4.0,2.0,8.0,3.0
72,CLBP,1227,False,6.0,6.0,2.0,2.0,8.0,1.0
73,CLBP,1227,False,6.0,5.0,1.0,1.0,8.0,2.0
74,CLBP,1227,False,6.0,7.0,2.0,1.0,8.0,2.0
75,CLBP,1227,False,6.0,5.0,1.0,1.0,8.0,2.0
76,CLBP,1227,False,6.0,6.0,2.0,2.0,8.0,2.0
77,CLBP,1227,False,6.0,6.0,2.0,1.0,8.0,2.0
78,CLBP,1227,False,6.0,6.0,2.0,1.0,8.0,2.0
79,CLBP,1227,False,6.0,7.0,2.0,1.0,8.0,2.0
80,CLBP,1227,False,6.0,7.0,2.0,1.0,8.0,2.0
81,CLBP,1227,False,6.0,5.0,1.0,1.0,8.0,2.0
82,CLBP,1227,False,6.0,6.0,2.0,1.0,8.0,2.0
83,CLBP,1227,False,6.0,7.0,2.0,2.0,8.0,3.0
84,CLBP,1227,False,6.0,5.0,1.0,1.0,8.0,2.0
85,CLBP,1227,False,6.0,7.0,3.0,2.0,8.0,1.0
86,CLBP,1227,False,6.0,7.0,3.0,2.0,8.0,1.0
87,CLBP,1227,False,6.0,5.0,1.0,0.0,8.0,0.0
88,CLBP,1227,False,6.0,7.0,4.0,2.0,8.0,3.0
89,CLBP,1227,False,6.0,5.0,1.0,0.0,8.0,1.0
90,CLBP,1227,False,6.0,7.0,2.0,1.0,8.0,2.0
91,CLBP,1227,False,6.0,6.0,2.0,1.0,8.0,2.0
92,CLBP,1227,False,6.0,6.0,2.0,1.0,8.0,2.0
93,CLBP,1227,False,6.0,6.0,2.0,1.0,8.0,2.0
94,CLBP,1227,False,6.0,7.0,2.0,1.0,8.0,2.0
95,CLBP,1227,False,6.0,6.0,2.0,1.0,8.0,2.0
96,CLBP,1227,False,6.0,6.0,2.0,1.0,8.0,2.0
97,CLBP,1227,False,6.0,7.0,2.0,1.0,8.0,2.0
98,CLBP,1227,False,6.0,5.0,1.0,0.0,8.0,1.0
99,CLBP,1227,False,6.0,6.0,2.0,1.0,8.0,2.0
0,CLBP,1228,False,7.0,8.0,3.0,2.0,6.0,1.0
1,CLBP,1228,False,6.0,7.0,4.0,2.0,6.0,3.0
2,CLBP,1228,False,6.0,6.0,2.0,2.0,7.0,1.0
3,CLBP,1228,False,7.0,8.0,4.0,2.0,6.0,3.0
4,CLBP,1228,False,6.0,6.0,2.0,2.0,7.0,1.0
5,CLBP,1228,False,7.0,6.0,4.0,3.0,6.0,2.0
6,CLBP,1228,False,6.0,7.0,3.0,2.0,6.0,2.0
7,CLBP,1228,False,6.0,7.0,4.0,3.0,7.0,2.0
8,CLBP,1228,False,7.0,6.0,4.0,3.0,6.0,2.0
9,CLBP,1228,False,6.0,7.0,3.0,2.0,6.0,4.0
10,CLBP,1228,False,7.0,8.0,2.0,2.0,6.0,1.0
11,CLBP,1228,False,6.0,6.0,2.0,2.0,7.0,1.0
12,CLBP,1228,False,6.0,7.0,4.0,3.0,6.0,2.0
13,CLBP,1228,False,6.0,7.0,3.0,2.0,7.0,2.0
14,CLBP,1228,False,6.0,7.0,3.0,2.0,6.0,2.0
15,CLBP,1228,False,6.0,7.0,3.0,2.0,7.0,2.0
16,CLBP,1228,False,7.0,6.0,2.0,3.0,6.0,2.0
17,CLBP,1228,False,6.0,7.0,4.0,2.0,7.0,3.0
18,CLBP,1228,False,7.0,8.0,4.0,3.0,6.0,2.0
19,CLBP,1228,False,7.0,6.0,4.0,3.0,6.0,2.0
20,CLBP,1228,False,6.0,7.0,4.0,2.0,7.0,3.0
21,CLBP,1228,False,6.0,7.0,3.0,2.0,7.0,4.0
22,CLBP,1228,False,6.0,7.0,3.0,2.0,7.0,1.0
23,CLBP,1228,False,7.0,8.0,4.0,3.0,6.0,2.0
24,CLBP,1228,False,6.0,7.0,4.0,3.0,7.0,2.0
25,CLBP,1228,False,6.0,6.0,2.0,2.0,7.0,1.0
26,CLBP,1228,False,7.0,8.0,2.0,2.0,6.0,1.0
27,CLBP,1228,False,7.0,8.0,4.0,3.0,6.0,2.0
28,CLBP,1228,False,6.0,7.0,4.0,3.0,6.0,2.0
29,CLBP,1228,False,6.0,7.0,3.0,2.0,7.0,1.0
30,CLBP,1228,False,7.0,8.0,3.0,2.0,6.0,1.0
31,CLBP,1228,False,6.0,7.0,4.0,3.0,7.0,2.0
32,CLBP,1228,False,6.0,7.0,4.0,2.0,7.0,3.0
33,CLBP,1228,False,6.0,7.0,4.0,2.0,6.0,3.0
34,CLBP,1228,False,6.0,7.0,4.0,2.0,7.0,3.0
35,CLBP,1228,False,6.0,7.0,4.0,2.0,6.0,3.0
36,CLBP,1228,False,6.0,7.0,4.0,2.0,6.0,3.0
37,CLBP,1228,False,6.0,7.0,4.0,2.0,7.0,3.0
38,CLBP,1228,False,6.0,7.0,4.0,2.0,6.0,3.0
39,CLBP,1228,False,7.0,8.0,3.0,2.0,6.0,1.0
40,CLBP,1228,False,6.0,7.0,4.0,2.0,7.0,3.0
41,CLBP,1228,False,6.0,7.0,4.0,2.0,7.0,3.0
42,CLBP,1228,False,6.0,7.0,3.0,2.0,6.0,1.0
43,CLBP,1228,False,6.0,7.0,3.0,2.0,7.0,1.0
44,CLBP,1228,False,6.0,6.0,2.0,2.0,7.0,3.0
45,CLBP,1228,False,6.0,7.0,3.0,2.0,6.0,2.0
46,CLBP,1228,False,6.0,7.0,4.0,3.0,6.0,2.0
47,CLBP,1228,True,,,,,,
48,CLBP,1228,False,6.0,6.0,2.0,2.0,7.0,3.0
49,CLBP,1228,False,6.0,6.0,2.0,2.0,7.0,1.0
50,CLBP,1228,False,6.0,7.0,4.0,3.0,7.0,2.0
51,CLBP,1228,False,6.0,6.0,2.0,3.0,7.0,2.0
52,CLBP,1228,False,6.0,7.0,4.0,2.0,6.0,3.0
53,CLBP,1228,False,6.0,7.0,4.0,2.0,7.0,3.0
54,CLBP,1228,False,7.0,8.0,2.0,2.0,6.0,1.0
55,CLBP,1228,False,6.0,7.0,3.0,2.0,7.0,2.0
56,CLBP,1228,False,6.0,6.0,2.0,2.0,7.0,1.0
57,CLBP,1228,False,6.0,6.0,2.0,2.0,7.0,3.0
58,CLBP,1228,False,6.0,7.0,4.0,3.0,7.0,2.0
59,CLBP,1228,False,6.0,7.0,3.0,2.0,7.0,1.0
60,CLBP,1228,False,6.0,7.0,3.0,2.0,7.0,1.0
61,CLBP,1228,False,6.0,7.0,4.0,2.0,6.0,3.0
62,CLBP,1228,False,6.0,7.0,3.0,2.0,6.0,4.0
63,CLBP,1228,False,6.0,7.0,4.0,2.0,7.0,3.0
64,CLBP,1228,False,6.0,7.0,4.0,3.0,6.0,2.0
65,CLBP,1228,False,6.0,7.0,3.0,2.0,6.0,2.0
66,CLBP,1228,False,6.0,7.0,3.0,2.0,7.0,2.0
67,CLBP,1228,False,6.0,7.0,4.0,3.0,6.0,2.0
68,CLBP,1228,False,6.0,7.0,4.0,3.0,6.0,2.0
69,CLBP,1228,False,6.0,6.0,2.0,2.0,7.0,3.0
70,CLBP,1228,False,6.0,7.0,4.0,2.0,7.0,3.0
71,CLBP,1228,False,6.0,7.0,4.0,3.0,6.0,2.0
72,CLBP,1228,False,6.0,7.0,4.0,3.0,7.0,2.0
73,CLBP,1228,False,6.0,7.0,4.0,2.0,7.0,3.0
74,CLBP,1228,False,6.0,7.0,3.0,2.0,7.0,1.0
75,CLBP,1228,False,6.0,7.0,4.0,2.0,6.0,3.0
76,CLBP,1228,False,6.0,7.0,2.0,2.0,6.0,1.0
77,CLBP,1228,False,6.0,7.0,4.0,3.0,6.0,2.0
78,CLBP,1228,False,6.0,7.0,4.0,2.0,6.0,3.0
79,CLBP,1228,False,7.0,8.0,4.0,3.0,6.0,2.0
80,CLBP,1228,False,6.0,7.0,4.0,2.0,6.0,3.0
81,CLBP,1228,False,7.0,8.0,3.0,2.0,6.0,1.0
82,CLBP,1228,False,7.0,6.0,1.0,2.0,6.0,3.0
83,CLBP,1228,False,6.0,7.0,3.0,2.0,6.0,2.0
84,CLBP,1228,False,7.0,8.0,4.0,3.0,6.0,2.0
85,CLBP,1228,False,6.0,7.0,4.0,2.0,7.0,3.0
86,CLBP,1228,False,7.0,8.0,4.0,2.0,6.0,3.0
87,CLBP,1228,False,6.0,7.0,4.0,3.0,7.0,2.0
88,CLBP,1228,False,6.0,7.0,3.0,2.0,6.0,1.0
89,CLBP,1228,False,7.0,6.0,4.0,2.0,6.0,3.0
90,CLBP,1228,False,7.0,8.0,3.0,2.0,6.0,4.0
91,CLBP,1228,False,6.0,6.0,2.0,2.0,7.0,1.0
92,CLBP,1228,False,6.0,7.0,3.0,2.0,6.0,2.0
93,CLBP,1228,False,6.0,7.0,4.0,2.0,7.0,3.0
94,CLBP,1228,False,6.0,7.0,3.0,2.0,7.0,1.0
95,CLBP,1228,False,7.0,6.0,4.0,2.0,6.0,3.0
96,CLBP,1228,False,6.0,7.0,3.0,2.0,7.0,2.0
97,CLBP,1228,False,7.0,8.0,4.0,2.0,6.0,3.0
98,CLBP,1228,False,6.0,7.0,4.0,2.0,7.0,3.0
99,CLBP,1228,False,6.0,7.0,4.0,3.0,7.0,2.0
0,CLBP,1229,False,6.0,7.0,4.0,3.0,5.0,2.0
1,CLBP,1229,False,6.0,7.0,4.0,3.0,5.0,2.0
2,CLBP,1229,False,6.0,7.0,4.0,3.0,5.0,2.0
3,CLBP,1229,False,6.0,7.0,4.0,3.0,5.0,2.0
4,CLBP,1229,False,6.0,7.0,4.0,3.0,5.0,2.0
5,CLBP,1229,False,6.0,7.0,4.0,3.0,5.0,2.0
6,CLBP,1229,False,6.0,7.0,4.0,3.0,5.0,2.0
7,CLBP,1229,False,6.0,7.0,4.0,3.0,5.0,2.0
8,CLBP,1229,False,6.0,7.0,4.0,3.0,5.0,2.0
9,CLBP,1229,False,6.0,7.0,4.0,3.0,5.0,2.0
10,CLBP,1229,False,6.0,7.0,4.0,3.0,5.0,2.0
11,CLBP,1229,False,6.0,7.0,4.0,3.0,5.0,2.0
12,CLBP,1229,False,6.0,7.0,4.0,3.0,5.0,2.0
13,CLBP,1229,False,6.0,7.0,4.0,3.0,5.0,2.0
14,CLBP,1229,False,6.0,7.0,4.0,3.0,5.0,2.0
15,CLBP,1229,False,6.0,7.0,4.0,3.0,5.0,2.0
16,CLBP,1229,False,6.0,7.0,4.0,3.0,5.0,2.0
17,CLBP,1229,False,6.0,7.0,4.0,3.0,5.0,2.0
18,CLBP,1229,False,6.0,7.0,4.0,3.0,5.0,2.0
19,CLBP,1229,False,6.0,7.0,4.0,3.0,5.0,2.0
20,CLBP,1229,False,6.0,7.0,4.0,3.0,5.0,2.0
21,CLBP,1229,False,6.0,7.0,4.0,3.0,5.0,2.0
22,CLBP,1229,False,6.0,7.0,4.0,3.0,5.0,2.0
23,CLBP,1229,False,6.0,7.0,4.0,3.0,5.0,2.0
24,CLBP,1229,False,6.0,7.0,4.0,3.0,5.0,2.0
25,CLBP,1229,False,6.0,7.0,4.0,3.0,5.0,2.0
26,CLBP,1229,False,6.0,7.0,4.0,3.0,5.0,2.0
27,CLBP,1229,False,6.0,7.0,4.0,3.0,5.0,2.0
28,CLBP,1229,False,6.0,7.0,4.0,3.0,5.0,2.0
29,CLBP,1229,False,6.0,7.0,4.0,3.0,5.0,2.0
30,CLBP,1229,False,6.0,7.0,4.0,3.0,5.0,2.0
31,CLBP,1229,False,6.0,7.0,4.0,3.0,5.0,2.0
32,CLBP,1229,False,6.0,7.0,4.0,3.0,5.0,2.0
33,CLBP,1229,False,6.0,7.0,4.0,3.0,5.0,2.0
34,CLBP,1229,False,6.0,7.0,4.0,3.0,5.0,2.0
35,CLBP,1229,False,6.0,7.0,4.0,3.0,5.0,2.0
36,CLBP,1229,False,6.0,7.0,4.0,3.0,5.0,2.0
37,CLBP,1229,False,6.0,7.0,4.0,3.0,5.0,2.0
38,CLBP,1229,False,6.0,7.0,4.0,3.0,5.0,2.0
39,CLBP,1229,False,6.0,7.0,4.0,3.0,5.0,2.0
40,CLBP,1229,False,6.0,7.0,4.0,3.0,5.0,2.0
41,CLBP,1229,False,6.0,7.0,4.0,3.0,5.0,2.0
42,CLBP,1229,False,6.0,7.0,4.0,3.0,5.0,2.0
43,CLBP,1229,False,6.0,7.0,4.0,3.0,5.0,2.0
44,CLBP,1229,False,6.0,7.0,4.0,3.0,5.0,2.0
45,CLBP,1229,False,6.0,7.0,4.0,3.0,5.0,2.0
46,CLBP,1229,False,6.0,7.0,4.0,3.0,5.0,2.0
47,CLBP,1229,True,,,,,,
48,CLBP,1229,False,6.0,7.0,4.0,3.0,5.0,2.0
49,CLBP,1229,False,6.0,7.0,4.0,3.0,5.0,2.0
50,CLBP,1229,False,6.0,7.0,4.0,3.0,5.0,2.0
51,CLBP,1229,False,6.0,7.0,4.0,3.0,5.0,2.0
52,CLBP,1229,False,6.0,7.0,4.0,3.0,5.0,2.0
53,CLBP,1229,False,6.0,7.0,4.0,3.0,5.0,2.0
54,CLBP,1229,False,6.0,7.0,4.0,3.0,5.0,2.0
55,CLBP,1229,False,6.0,7.0,4.0,3.0,5.0,2.0
56,CLBP,1229,False,6.0,7.0,4.0,3.0,5.0,2.0
57,CLBP,1229,False,6.0,7.0,4.0,3.0,5.0,2.0
58,CLBP,1229,False,6.0,7.0,4.0,3.0,5.0,2.0
59,CLBP,1229,False,6.0,7.0,4.0,3.0,5.0,2.0
60,CLBP,1229,False,6.0,7.0,4.0,3.0,5.0,2.0
61,CLBP,1229,False,6.0,7.0,4.0,3.0,5.0,2.0
62,CLBP,1229,False,6.0,7.0,4.0,3.0,5.0,2.0
63,CLBP,1229,False,6.0,7.0,4.0,3.0,5.0,2.0
64,CLBP,1229,False,6.0,7.0,4.0,3.0,5.0,2.0
65,CLBP,1229,False,6.0,7.0,4.0,3.0,5.0,2.0
66,CLBP,1229,False,6.0,7.0,4.0,3.0,5.0,2.0
67,CLBP,1229,False,6.0,7.0,4.0,3.0,5.0,2.0
68,CLBP,1229,False,6.0,7.0,4.0,3.0,5.0,2.0
69,CLBP,1229,False,6.0,7.0,4.0,3.0,5.0,2.0
70,CLBP,1229,False,6.0,7.0,4.0,3.0,5.0,2.0
71,CLBP,1229,False,6.0,7.0,4.0,3.0,5.0,2.0
72,CLBP,1229,False,6.0,7.0,4.0,3.0,5.0,2.0
73,CLBP,1229,False,6.0,7.0,4.0,3.0,5.0,2.0
74,CLBP,1229,False,6.0,7.0,4.0,3.0,5.0,2.0
75,CLBP,1229,False,6.0,7.0,4.0,3.0,5.0,2.0
76,CLBP,1229,False,6.0,7.0,4.0,3.0,5.0,2.0
77,CLBP,1229,False,6.0,7.0,4.0,3.0,5.0,2.0
78,CLBP,1229,False,6.0,7.0,4.0,3.0,5.0,2.0
79,CLBP,1229,False,6.0,7.0,4.0,3.0,5.0,2.0
80,CLBP,1229,False,6.0,7.0,4.0,3.0,5.0,2.0
81,CLBP,1229,False,6.0,7.0,4.0,3.0,5.0,2.0
82,CLBP,1229,False,6.0,7.0,4.0,3.0,5.0,2.0
83,CLBP,1229,False,6.0,7.0,4.0,3.0,5.0,2.0
84,CLBP,1229,False,6.0,7.0,4.0,3.0,5.0,2.0
85,CLBP,1229,False,6.0,7.0,4.0,3.0,5.0,2.0
86,CLBP,1229,False,6.0,7.0,4.0,3.0,5.0,2.0
87,CLBP,1229,False,6.0,7.0,4.0,3.0,5.0,2.0
88,CLBP,1229,False,6.0,7.0,4.0,3.0,5.0,2.0
89,CLBP,1229,False,6.0,7.0,4.0,3.0,5.0,2.0
90,CLBP,1229,False,6.0,7.0,4.0,3.0,5.0,2.0
91,CLBP,1229,False,6.0,7.0,4.0,3.0,5.0,2.0
92,CLBP,1229,False,6.0,7.0,4.0,3.0,5.0,2.0
93,CLBP,1229,False,6.0,7.0,4.0,3.0,5.0,2.0
94,CLBP,1229,False,6.0,7.0,4.0,3.0,5.0,2.0
95,CLBP,1229,False,6.0,7.0,4.0,3.0,5.0,2.0
96,CLBP,1229,False,6.0,7.0,4.0,3.0,5.0,2.0
97,CLBP,1229,False,6.0,7.0,4.0,3.0,5.0,2.0
98,CLBP,1229,False,6.0,7.0,4.0,3.0,5.0,2.0
99,CLBP,1229,False,6.0,7.0,4.0,3.0,5.0,2.0
0,CLBP,1230,False,8.0,9.0,4.0,3.0,6.0,2.0
1,CLBP,1230,False,7.0,8.0,4.0,3.0,5.0,2.0
2,CLBP,1230,False,8.0,9.0,4.0,3.0,6.0,2.0
3,CLBP,1230,False,7.0,8.0,4.0,3.0,6.0,2.0
4,CLBP,1230,False,8.0,9.0,6.0,4.0,5.0,3.0
5,CLBP,1230,False,7.0,8.0,4.0,3.0,6.0,2.0
6,CLBP,1230,False,8.0,9.0,4.0,3.0,6.0,2.0
7,CLBP,1230,False,7.0,8.0,4.0,3.0,6.0,2.0
8,CLBP,1230,False,8.0,9.0,4.0,3.0,6.0,2.0
9,CLBP,1230,False,7.0,8.0,4.0,3.0,6.0,2.0
10,CLBP,1230,False,8.0,9.0,4.0,3.0,6.0,2.0
11,CLBP,1230,False,8.0,9.0,4.0,3.0,6.0,2.0
12,CLBP,1230,False,7.0,8.0,4.0,3.0,6.0,2.0
13,CLBP,1230,False,8.0,9.0,4.0,3.0,6.0,2.0
14,CLBP,1230,False,8.0,9.0,6.0,4.0,6.0,5.0
15,CLBP,1230,False,8.0,9.0,4.0,2.0,6.0,3.0
16,CLBP,1230,False,7.0,8.0,4.0,3.0,6.0,2.0
17,CLBP,1230,False,8.0,9.0,4.0,3.0,6.0,2.0
18,CLBP,1230,False,8.0,9.0,4.0,3.0,6.0,2.0
19,CLBP,1230,False,7.0,8.0,4.0,3.0,5.0,2.0
20,CLBP,1230,False,7.0,8.0,4.0,3.0,6.0,2.0
21,CLBP,1230,False,7.0,8.0,4.0,3.0,6.0,2.0
22,CLBP,1230,False,7.0,8.0,4.0,3.0,6.0,2.0
23,CLBP,1230,False,8.0,9.0,4.0,3.0,5.0,2.0
24,CLBP,1230,False,8.0,9.0,4.0,3.0,5.0,2.0
25,CLBP,1230,False,7.0,8.0,4.0,3.0,6.0,2.0
26,CLBP,1230,False,8.0,9.0,6.0,4.0,5.0,3.0
27,CLBP,1230,False,7.0,8.0,4.0,3.0,6.0,2.0
28,CLBP,1230,False,8.0,9.0,6.0,4.0,5.0,3.0
29,CLBP,1230,False,8.0,9.0,4.0,2.0,6.0,3.0
30,CLBP,1230,False,7.0,8.0,4.0,3.0,6.0,2.0
31,CLBP,1230,False,8.0,9.0,6.0,4.0,5.0,3.0
32,CLBP,1230,False,8.0,9.0,4.0,3.0,6.0,2.0
33,CLBP,1230,False,7.0,8.0,4.0,3.0,6.0,2.0
34,CLBP,1230,False,8.0,9.0,4.0,3.0,6.0,2.0
35,CLBP,1230,False,7.0,8.0,4.0,3.0,5.0,2.0
36,CLBP,1230,False,8.0,9.0,4.0,3.0,5.0,2.0
37,CLBP,1230,False,8.0,9.0,4.0,3.0,6.0,2.0
38,CLBP,1230,False,7.0,8.0,4.0,3.0,6.0,2.0
39,CLBP,1230,False,8.0,9.0,4.0,3.0,6.0,2.0
40,CLBP,1230,False,7.0,8.0,4.0,3.0,6.0,2.0
41,CLBP,1230,False,8.0,9.0,6.0,4.0,6.0,5.0
42,CLBP,1230,False,7.0,8.0,4.0,3.0,6.0,2.0
43,CLBP,1230,False,8.0,9.0,4.0,3.0,6.0,2.0
44,CLBP,1230,False,8.0,9.0,4.0,3.0,5.0,2.0
45,CLBP,1230,False,8.0,9.0,6.0,4.0,5.0,3.0
46,CLBP,1230,False,8.0,9.0,4.0,3.0,6.0,2.0
47,CLBP,1230,True,,,,,,
48,CLBP,1230,False,8.0,9.0,4.0,3.0,5.0,2.0
49,CLBP,1230,False,8.0,9.0,6.0,4.0,6.0,3.0
50,CLBP,1230,False,8.0,9.0,4.0,3.0,6.0,2.0
51,CLBP,1230,False,8.0,9.0,4.0,3.0,6.0,2.0
52,CLBP,1230,False,8.0,9.0,6.0,4.0,5.0,3.0
53,CLBP,1230,False,7.0,8.0,4.0,3.0,5.0,2.0
54,CLBP,1230,False,8.0,9.0,4.0,3.0,6.0,2.0
55,CLBP,1230,False,8.0,9.0,4.0,3.0,6.0,2.0
56,CLBP,1230,False,8.0,9.0,4.0,3.0,6.0,2.0
57,CLBP,1230,False,8.0,9.0,6.0,4.0,6.0,3.0
58,CLBP,1230,False,8.0,9.0,6.0,4.0,5.0,3.0
59,CLBP,1230,False,7.0,8.0,4.0,3.0,6.0,2.0
60,CLBP,1230,False,7.0,8.0,4.0,3.0,5.0,2.0
61,CLBP,1230,False,8.0,9.0,4.0,3.0,6.0,2.0
62,CLBP,1230,False,7.0,8.0,4.0,3.0,6.0,2.0
63,CLBP,1230,False,7.0,8.0,4.0,3.0,6.0,2.0
64,CLBP,1230,False,8.0,9.0,4.0,3.0,6.0,2.0
65,CLBP,1230,False,7.0,8.0,4.0,3.0,6.0,2.0
66,CLBP,1230,False,8.0,9.0,4.0,3.0,6.0,2.0
67,CLBP,1230,False,8.0,9.0,6.0,4.0,6.0,3.0
68,CLBP,1230,False,8.0,9.0,4.0,3.0,6.0,2.0
69,CLBP,1230,False,7.0,8.0,4.0,3.0,6.0,2.0
70,CLBP,1230,False,8.0,9.0,4.0,3.0,6.0,2.0
71,CLBP,1230,False,8.0,9.0,6.0,4.0,5.0,3.0
72,CLBP,1230,False,8.0,9.0,4.0,3.0,6.0,2.0
73,CLBP,1230,False,8.0,9.0,4.0,3.0,6.0,2.0
74,CLBP,1230,False,7.0,8.0,4.0,3.0,6.0,2.0
75,CLBP,1230,False,8.0,9.0,4.0,3.0,6.0,2.0
76,CLBP,1230,False,8.0,9.0,4.0,3.0,6.0,2.0
77,CLBP,1230,False,7.0,8.0,4.0,3.0,6.0,2.0
78,CLBP,1230,False,7.0,8.0,4.0,3.0,6.0,2.0
79,CLBP,1230,False,8.0,9.0,4.0,3.0,6.0,2.0
80,CLBP,1230,False,8.0,9.0,6.0,4.0,6.0,5.0
81,CLBP,1230,False,8.0,9.0,4.0,3.0,6.0,2.0
82,CLBP,1230,False,8.0,9.0,4.0,3.0,6.0,2.0
83,CLBP,1230,False,8.0,9.0,6.0,4.0,6.0,3.0
84,CLBP,1230,False,8.0,9.0,6.0,4.0,5.0,3.0
85,CLBP,1230,False,8.0,9.0,4.0,2.0,6.0,3.0
86,CLBP,1230,False,8.0,9.0,4.0,3.0,5.0,2.0
87,CLBP,1230,False,8.0,9.0,4.0,3.0,6.0,2.0
88,CLBP,1230,False,8.0,9.0,6.0,4.0,5.0,3.0
89,CLBP,1230,False,7.0,8.0,4.0,3.0,6.0,2.0
90,CLBP,1230,False,8.0,9.0,4.0,3.0,6.0,2.0
91,CLBP,1230,False,8.0,9.0,4.0,3.0,6.0,2.0
92,CLBP,1230,False,8.0,9.0,6.0,4.0,6.0,3.0
93,CLBP,1230,False,8.0,9.0,4.0,3.0,6.0,2.0
94,CLBP,1230,False,7.0,8.0,4.0,3.0,6.0,2.0
95,CLBP,1230,False,8.0,9.0,6.0,4.0,6.0,3.0
96,CLBP,1230,False,8.0,9.0,4.0,3.0,6.0,2.0
97,CLBP,1230,False,8.0,9.0,4.0,3.0,6.0,2.0
98,CLBP,1230,False,7.0,8.0,4.0,3.0,6.0,2.0
99,CLBP,1230,False,8.0,9.0,4.0,3.0,6.0,2.0
0,CLBP,1231,False,4.0,4.0,2.0,2.0,7.0,4.0
1,CLBP,1231,False,4.0,4.0,2.0,2.0,8.0,4.0
2,CLBP,1231,False,4.0,4.0,2.0,2.0,7.0,3.0
3,CLBP,1231,False,4.0,4.0,2.0,2.0,7.0,4.0
4,CLBP,1231,False,4.0,4.0,2.0,2.0,7.0,4.0
5,CLBP,1231,False,4.0,4.0,2.0,2.0,7.0,3.0
6,CLBP,1231,False,4.0,4.0,2.0,2.0,7.0,3.0
7,CLBP,1231,False,4.0,4.0,2.0,3.0,7.0,5.0
8,CLBP,1231,False,4.0,4.0,2.0,2.0,7.0,4.0
9,CLBP,1231,False,4.0,4.0,2.0,2.0,7.0,4.0
10,CLBP,1231,False,4.0,4.0,2.0,2.0,7.0,4.0
11,CLBP,1231,False,4.0,4.0,2.0,2.0,7.0,4.0
12,CLBP,1231,False,4.0,4.0,2.0,2.0,7.0,4.0
13,CLBP,1231,False,4.0,4.0,2.0,3.0,7.0,4.0
14,CLBP,1231,False,4.0,4.0,2.0,3.0,7.0,5.0
15,CLBP,1231,False,4.0,4.0,2.0,3.0,7.0,5.0
16,CLBP,1231,False,4.0,4.0,2.0,2.0,7.0,3.0
17,CLBP,1231,False,4.0,4.0,2.0,2.0,7.0,3.0
18,CLBP,1231,False,4.0,4.0,2.0,2.0,8.0,6.0
19,CLBP,1231,False,4.0,4.0,2.0,2.0,8.0,3.0
20,CLBP,1231,False,4.0,4.0,2.0,2.0,8.0,4.0
21,CLBP,1231,False,4.0,4.0,2.0,2.0,7.0,3.0
22,CLBP,1231,False,4.0,4.0,2.0,3.0,7.0,6.0
23,CLBP,1231,False,4.0,4.0,2.0,2.0,8.0,3.0
24,CLBP,1231,False,4.0,4.0,2.0,2.0,7.0,3.0
25,CLBP,1231,False,4.0,4.0,2.0,3.0,7.0,6.0
26,CLBP,1231,False,4.0,4.0,2.0,3.0,7.0,6.0
27,CLBP,1231,False,4.0,4.0,2.0,2.0,7.0,4.0
28,CLBP,1231,False,4.0,4.0,2.0,3.0,7.0,4.0
29,CLBP,1231,False,4.0,4.0,2.0,2.0,7.0,3.0
30,CLBP,1231,False,4.0,4.0,2.0,2.0,7.0,4.0
31,CLBP,1231,False,4.0,4.0,2.0,2.0,7.0,6.0
32,CLBP,1231,False,4.0,4.0,2.0,2.0,7.0,3.0
33,CLBP,1231,False,4.0,4.0,2.0,2.0,7.0,4.0
34,CLBP,1231,False,4.0,4.0,2.0,2.0,7.0,3.0
35,CLBP,1231,False,4.0,4.0,2.0,2.0,7.0,3.0
36,CLBP,1231,False,4.0,4.0,2.0,2.0,7.0,4.0
37,CLBP,1231,False,4.0,4.0,2.0,2.0,7.0,4.0
38,CLBP,1231,False,4.0,4.0,2.0,2.0,7.0,3.0
39,CLBP,1231,False,4.0,4.0,2.0,2.0,7.0,4.0
40,CLBP,1231,False,4.0,4.0,2.0,2.0,7.0,4.0
41,CLBP,1231,False,4.0,4.0,2.0,2.0,7.0,3.0
42,CLBP,1231,False,4.0,4.0,2.0,2.0,7.0,3.0
43,CLBP,1231,False,4.0,4.0,2.0,3.0,7.0,5.0
44,CLBP,1231,False,4.0,4.0,2.0,3.0,7.0,4.0
45,CLBP,1231,False,4.0,4.0,2.0,2.0,7.0,6.0
46,CLBP,1231,False,4.0,4.0,2.0,3.0,7.0,4.0
47,CLBP,1231,True,,,,,,
48,CLBP,1231,False,4.0,4.0,2.0,2.0,8.0,3.0
49,CLBP,1231,False,4.0,4.0,2.0,3.0,7.0,6.0
50,CLBP,1231,False,4.0,4.0,2.0,3.0,7.0,5.0
51,CLBP,1231,False,4.0,4.0,2.0,2.0,7.0,4.0
52,CLBP,1231,False,4.0,4.0,2.0,2.0,8.0,4.0
53,CLBP,1231,False,4.0,4.0,2.0,2.0,7.0,4.0
54,CLBP,1231,False,4.0,4.0,2.0,2.0,7.0,3.0
55,CLBP,1231,False,4.0,4.0,2.0,2.0,7.0,3.0
56,CLBP,1231,False,4.0,4.0,2.0,3.0,7.0,5.0
57,CLBP,1231,False,4.0,4.0,2.0,2.0,7.0,4.0
58,CLBP,1231,False,4.0,4.0,2.0,2.0,7.0,3.0
59,CLBP,1231,False,4.0,4.0,2.0,2.0,7.0,3.0
60,CLBP,1231,False,4.0,4.0,2.0,2.0,7.0,6.0
61,CLBP,1231,False,4.0,4.0,2.0,2.0,8.0,6.0
62,CLBP,1231,False,4.0,4.0,2.0,2.0,7.0,3.0
63,CLBP,1231,False,4.0,4.0,2.0,2.0,7.0,4.0
64,CLBP,1231,False,4.0,4.0,2.0,2.0,7.0,4.0
65,CLBP,1231,False,4.0,4.0,2.0,3.0,7.0,5.0
66,CLBP,1231,False,4.0,4.0,2.0,2.0,7.0,4.0
67,CLBP,1231,False,4.0,4.0,2.0,2.0,7.0,4.0
68,CLBP,1231,False,4.0,4.0,2.0,2.0,7.0,4.0
69,CLBP,1231,False,4.0,4.0,2.0,2.0,8.0,6.0
70,CLBP,1231,False,4.0,4.0,2.0,2.0,7.0,4.0
71,CLBP,1231,False,4.0,4.0,2.0,2.0,7.0,4.0
72,CLBP,1231,False,4.0,4.0,2.0,2.0,7.0,4.0
73,CLBP,1231,False,4.0,4.0,2.0,2.0,7.0,4.0
74,CLBP,1231,False,4.0,4.0,2.0,2.0,7.0,4.0
75,CLBP,1231,False,4.0,4.0,2.0,3.0,7.0,6.0
76,CLBP,1231,False,4.0,4.0,2.0,2.0,7.0,3.0
77,CLBP,1231,False,4.0,4.0,2.0,2.0,8.0,4.0
78,CLBP,1231,False,4.0,4.0,2.0,2.0,7.0,4.0
79,CLBP,1231,False,4.0,4.0,2.0,2.0,7.0,4.0
80,CLBP,1231,False,4.0,4.0,2.0,3.0,7.0,5.0
81,CLBP,1231,False,4.0,4.0,2.0,2.0,8.0,3.0
82,CLBP,1231,False,4.0,4.0,2.0,3.0,7.0,5.0
83,CLBP,1231,False,4.0,4.0,2.0,2.0,7.0,4.0
84,CLBP,1231,False,4.0,4.0,2.0,2.0,7.0,3.0
85,CLBP,1231,False,4.0,4.0,2.0,2.0,7.0,4.0
86,CLBP,1231,False,4.0,4.0,2.0,2.0,7.0,4.0
87,CLBP,1231,False,4.0,4.0,2.0,3.0,7.0,5.0
88,CLBP,1231,False,4.0,4.0,2.0,2.0,7.0,3.0
89,CLBP,1231,False,4.0,4.0,2.0,2.0,8.0,3.0
90,CLBP,1231,False,4.0,4.0,2.0,2.0,7.0,6.0
91,CLBP,1231,False,4.0,4.0,2.0,2.0,7.0,3.0
92,CLBP,1231,False,4.0,4.0,2.0,2.0,8.0,4.0
93,CLBP,1231,False,4.0,4.0,2.0,2.0,7.0,4.0
94,CLBP,1231,False,4.0,4.0,2.0,3.0,7.0,6.0
95,CLBP,1231,False,4.0,4.0,2.0,2.0,7.0,6.0
96,CLBP,1231,False,4.0,4.0,2.0,3.0,7.0,6.0
97,CLBP,1231,False,4.0,4.0,2.0,3.0,7.0,5.0
98,CLBP,1231,False,4.0,4.0,2.0,3.0,7.0,4.0
99,CLBP,1231,False,4.0,4.0,2.0,3.0,7.0,5.0
0,CLBP,1232,False,6.0,7.0,4.0,2.0,7.0,3.0
1,CLBP,1232,False,6.0,7.0,4.0,3.0,7.0,2.0
2,CLBP,1232,False,6.0,5.0,7.0,3.0,7.0,4.0
3,CLBP,1232,False,6.0,7.0,4.0,3.0,7.0,2.0
4,CLBP,1232,False,6.0,7.0,4.0,3.0,7.0,2.0
5,CLBP,1232,False,6.0,7.0,4.0,3.0,7.0,4.0
6,CLBP,1232,False,6.0,7.0,4.0,2.0,7.0,3.0
7,CLBP,1232,False,6.0,5.0,4.0,3.0,7.0,2.0
8,CLBP,1232,False,6.0,7.0,4.0,3.0,7.0,2.0
9,CLBP,1232,False,6.0,7.0,4.0,3.0,7.0,4.0
10,CLBP,1232,False,6.0,7.0,4.0,3.0,7.0,2.0
11,CLBP,1232,False,6.0,5.0,4.0,3.0,7.0,2.0
12,CLBP,1232,False,6.0,5.0,7.0,3.0,7.0,4.0
13,CLBP,1232,False,6.0,5.0,4.0,3.0,7.0,2.0
14,CLBP,1232,False,6.0,5.0,7.0,4.0,6.0,3.0
15,CLBP,1232,False,6.0,7.0,4.0,3.0,7.0,4.0
16,CLBP,1232,False,6.0,5.0,4.0,2.0,7.0,3.0
17,CLBP,1232,False,6.0,6.0,2.0,2.0,7.0,3.0
18,CLBP,1232,False,6.0,7.0,4.0,3.0,7.0,2.0
19,CLBP,1232,False,6.0,6.0,2.0,2.0,7.0,3.0
20,CLBP,1232,False,6.0,7.0,4.0,2.0,7.0,3.0
21,CLBP,1232,False,6.0,7.0,4.0,3.0,7.0,2.0
22,CLBP,1232,False,6.0,7.0,4.0,3.0,7.0,2.0
23,CLBP,1232,False,6.0,7.0,4.0,2.0,7.0,3.0
24,CLBP,1232,False,6.0,7.0,4.0,3.0,7.0,4.0
25,CLBP,1232,False,6.0,7.0,4.0,3.0,7.0,2.0
26,CLBP,1232,False,6.0,5.0,4.0,3.0,7.0,2.0
27,CLBP,1232,False,6.0,6.0,4.0,3.0,7.0,2.0
28,CLBP,1232,False,6.0,7.0,4.0,3.0,7.0,2.0
29,CLBP,1232,False,6.0,6.0,4.0,3.0,7.0,4.0
30,CLBP,1232,False,6.0,7.0,3.0,2.0,7.0,4.0
31,CLBP,1232,False,6.0,7.0,4.0,3.0,7.0,2.0
32,CLBP,1232,False,6.0,6.0,4.0,2.0,7.0,3.0
33,CLBP,1232,False,6.0,7.0,4.0,3.0,7.0,2.0
34,CLBP,1232,False,6.0,7.0,4.0,3.0,7.0,2.0
35,CLBP,1232,False,6.0,7.0,4.0,3.0,7.0,4.0
36,CLBP,1232,False,6.0,5.0,1.0,2.0,7.0,3.0
37,CLBP,1232,False,6.0,5.0,4.0,3.0,7.0,2.0
38,CLBP,1232,False,6.0,5.0,1.0,2.0,7.0,3.0
39,CLBP,1232,False,6.0,7.0,4.0,3.0,7.0,2.0
40,CLBP,1232,False,6.0,5.0,7.0,3.0,7.0,4.0
41,CLBP,1232,False,6.0,7.0,4.0,3.0,7.0,4.0
42,CLBP,1232,False,6.0,7.0,4.0,2.0,7.0,3.0
43,CLBP,1232,False,6.0,7.0,3.0,2.0,7.0,4.0
44,CLBP,1232,False,6.0,7.0,3.0,2.0,7.0,4.0
45,CLBP,1232,False,6.0,7.0,3.0,2.0,7.0,4.0
46,CLBP,1232,False,6.0,5.0,4.0,2.0,7.0,3.0
47,CLBP,1232,True,,,,,,
48,CLBP,1232,False,6.0,7.0,3.0,2.0,7.0,4.0
49,CLBP,1232,False,6.0,7.0,4.0,3.0,7.0,2.0
50,CLBP,1232,False,6.0,7.0,4.0,2.0,7.0,3.0
51,CLBP,1232,False,6.0,7.0,4.0,3.0,7.0,4.0
52,CLBP,1232,False,6.0,7.0,4.0,3.0,7.0,2.0
53,CLBP,1232,False,6.0,7.0,4.0,3.0,7.0,4.0
54,CLBP,1232,False,6.0,5.0,4.0,3.0,7.0,2.0
55,CLBP,1232,False,6.0,7.0,4.0,3.0,7.0,2.0
56,CLBP,1232,False,6.0,5.0,4.0,3.0,7.0,2.0
57,CLBP,1232,False,6.0,5.0,7.0,4.0,7.0,3.0
58,CLBP,1232,False,6.0,5.0,4.0,3.0,7.0,2.0
59,CLBP,1232,False,6.0,5.0,4.0,3.0,7.0,2.0
60,CLBP,1232,False,6.0,7.0,4.0,3.0,7.0,2.0
61,CLBP,1232,False,6.0,6.0,4.0,3.0,7.0,2.0
62,CLBP,1232,False,6.0,7.0,4.0,3.0,7.0,2.0
63,CLBP,1232,False,6.0,5.0,4.0,2.0,7.0,3.0
64,CLBP,1232,False,6.0,5.0,4.0,2.0,7.0,3.0
65,CLBP,1232,False,6.0,7.0,4.0,3.0,7.0,2.0
66,CLBP,1232,False,6.0,7.0,4.0,2.0,7.0,3.0
67,CLBP,1232,False,6.0,7.0,4.0,3.0,7.0,2.0
68,CLBP,1232,False,6.0,5.0,4.0,3.0,7.0,2.0
69,CLBP,1232,False,6.0,5.0,7.0,3.0,7.0,4.0
70,CLBP,1232,False,6.0,7.0,4.0,3.0,7.0,2.0
71,CLBP,1232,False,6.0,5.0,1.0,2.0,7.0,3.0
72,CLBP,1232,False,6.0,5.0,7.0,4.0,7.0,3.0
73,CLBP,1232,False,6.0,6.0,2.0,2.0,7.0,3.0
74,CLBP,1232,False,6.0,7.0,4.0,3.0,7.0,2.0
75,CLBP,1232,False,6.0,5.0,4.0,3.0,7.0,2.0
76,CLBP,1232,False,6.0,5.0,2.0,3.0,7.0,4.0
77,CLBP,1232,False,6.0,5.0,7.0,3.0,7.0,4.0
78,CLBP,1232,False,6.0,7.0,4.0,2.0,7.0,3.0
79,CLBP,1232,False,6.0,7.0,4.0,3.0,7.0,2.0
80,CLBP,1232,False,6.0,5.0,7.0,3.0,7.0,4.0
81,CLBP,1232,False,6.0,7.0,4.0,3.0,7.0,2.0
82,CLBP,1232,False,6.0,5.0,4.0,3.0,7.0,2.0
83,CLBP,1232,False,6.0,5.0,4.0,3.0,7.0,2.0
84,CLBP,1232,False,6.0,6.0,2.0,3.0,7.0,2.0
85,CLBP,1232,False,6.0,7.0,4.0,3.0,7.0,2.0
86,CLBP,1232,False,6.0,7.0,4.0,3.0,7.0,4.0
87,CLBP,1232,False,6.0,7.0,3.0,2.0,7.0,4.0
88,CLBP,1232,False,6.0,7.0,4.0,3.0,7.0,4.0
89,CLBP,1232,False,6.0,7.0,4.0,3.0,7.0,4.0
90,CLBP,1232,False,6.0,7.0,4.0,3.0,7.0,2.0
91,CLBP,1232,False,6.0,5.0,7.0,3.0,7.0,4.0
92,CLBP,1232,False,6.0,7.0,4.0,3.0,7.0,4.0
93,CLBP,1232,False,6.0,7.0,3.0,2.0,7.0,4.0
94,CLBP,1232,False,6.0,7.0,4.0,3.0,7.0,2.0
95,CLBP,1232,False,6.0,7.0,4.0,3.0,7.0,2.0
96,CLBP,1232,False,6.0,5.0,4.0,3.0,7.0,2.0
97,CLBP,1232,False,6.0,5.0,7.0,4.0,7.0,5.0
98,CLBP,1232,False,6.0,7.0,4.0,3.0,7.0,2.0
99,CLBP,1232,False,6.0,5.0,1.0,2.0,7.0,3.0
0,CLBP,1233,False,6.0,5.0,4.0,2.0,7.0,3.0
1,CLBP,1233,False,6.0,5.0,4.0,2.0,7.0,3.0
2,CLBP,1233,False,6.0,4.0,2.0,2.0,7.0,3.0
3,CLBP,1233,False,6.0,7.0,4.0,2.0,8.0,3.0
4,CLBP,1233,False,6.0,7.0,4.0,2.0,7.0,3.0
5,CLBP,1233,False,6.0,5.0,4.0,2.0,7.0,3.0
6,CLBP,1233,False,4.0,4.0,2.0,2.0,7.0,3.0
7,CLBP,1233,False,6.0,5.0,7.0,2.0,7.0,3.0
8,CLBP,1233,False,6.0,5.0,4.0,2.0,7.0,3.0
9,CLBP,1233,False,6.0,5.0,7.0,2.0,7.0,3.0
10,CLBP,1233,False,6.0,5.0,7.0,2.0,7.0,3.0
11,CLBP,1233,False,6.0,5.0,7.0,3.0,7.0,4.0
12,CLBP,1233,False,6.0,5.0,4.0,2.0,7.0,3.0
13,CLBP,1233,False,4.0,3.0,5.0,2.0,7.0,3.0
14,CLBP,1233,False,6.0,7.0,4.0,2.0,7.0,3.0
15,CLBP,1233,False,4.0,3.0,1.0,2.0,7.0,1.0
16,CLBP,1233,False,6.0,5.0,7.0,3.0,7.0,4.0
17,CLBP,1233,False,6.0,5.0,4.0,2.0,7.0,3.0
18,CLBP,1233,False,6.0,5.0,4.0,2.0,7.0,3.0
19,CLBP,1233,False,6.0,5.0,4.0,2.0,7.0,3.0
20,CLBP,1233,False,4.0,3.0,5.0,2.0,7.0,3.0
21,CLBP,1233,False,6.0,5.0,4.0,2.0,7.0,3.0
22,CLBP,1233,False,6.0,5.0,7.0,2.0,7.0,3.0
23,CLBP,1233,False,6.0,5.0,4.0,2.0,7.0,3.0
24,CLBP,1233,False,6.0,5.0,4.0,2.0,7.0,3.0
25,CLBP,1233,False,6.0,7.0,4.0,2.0,7.0,3.0
26,CLBP,1233,False,6.0,5.0,4.0,2.0,7.0,3.0
27,CLBP,1233,False,6.0,5.0,2.0,2.0,7.0,3.0
28,CLBP,1233,False,6.0,5.0,7.0,2.0,7.0,3.0
29,CLBP,1233,False,4.0,3.0,5.0,2.0,7.0,3.0
30,CLBP,1233,False,6.0,5.0,7.0,2.0,8.0,3.0
31,CLBP,1233,False,6.0,5.0,7.0,2.0,7.0,3.0
32,CLBP,1233,False,6.0,5.0,7.0,2.0,7.0,3.0
33,CLBP,1233,False,4.0,6.0,2.0,2.0,7.0,3.0
34,CLBP,1233,False,6.0,5.0,7.0,2.0,7.0,3.0
35,CLBP,1233,False,6.0,5.0,2.0,2.0,7.0,3.0
36,CLBP,1233,False,6.0,5.0,7.0,2.0,8.0,3.0
37,CLBP,1233,False,6.0,5.0,4.0,2.0,7.0,3.0
38,CLBP,1233,False,6.0,5.0,7.0,2.0,7.0,3.0
39,CLBP,1233,False,6.0,5.0,7.0,2.0,7.0,3.0
40,CLBP,1233,False,6.0,5.0,4.0,2.0,7.0,3.0
41,CLBP,1233,False,4.0,3.0,1.0,2.0,7.0,1.0
42,CLBP,1233,False,6.0,4.0,2.0,2.0,7.0,3.0
43,CLBP,1233,False,6.0,5.0,7.0,2.0,7.0,3.0
44,CLBP,1233,False,6.0,7.0,4.0,2.0,7.0,3.0
45,CLBP,1233,False,4.0,3.0,5.0,2.0,7.0,3.0
46,CLBP,1233,False,4.0,3.0,5.0,2.0,7.0,3.0
47,CLBP,1233,True,,,,,,
48,CLBP,1233,False,6.0,5.0,7.0,2.0,7.0,3.0
49,CLBP,1233,False,6.0,4.0,2.0,2.0,7.0,3.0
50,CLBP,1233,False,6.0,5.0,4.0,2.0,7.0,3.0
51,CLBP,1233,False,6.0,5.0,2.0,2.0,7.0,3.0
52,CLBP,1233,False,4.0,4.0,2.0,2.0,7.0,3.0
53,CLBP,1233,False,4.0,3.0,5.0,2.0,7.0,3.0
54,CLBP,1233,False,6.0,5.0,7.0,2.0,7.0,3.0
55,CLBP,1233,False,6.0,5.0,7.0,3.0,7.0,4.0
56,CLBP,1233,False,6.0,5.0,7.0,2.0,7.0,3.0
57,CLBP,1233,False,6.0,4.0,2.0,2.0,7.0,3.0
58,CLBP,1233,False,6.0,5.0,7.0,2.0,7.0,3.0
59,CLBP,1233,False,4.0,3.0,5.0,2.0,7.0,3.0
60,CLBP,1233,False,4.0,3.0,5.0,2.0,7.0,3.0
61,CLBP,1233,False,6.0,7.0,4.0,2.0,7.0,3.0
62,CLBP,1233,False,6.0,5.0,4.0,2.0,7.0,3.0
63,CLBP,1233,False,6.0,7.0,4.0,2.0,7.0,3.0
64,CLBP,1233,False,6.0,5.0,2.0,2.0,7.0,3.0
65,CLBP,1233,False,6.0,5.0,7.0,2.0,7.0,3.0
66,CLBP,1233,False,4.0,3.0,5.0,2.0,7.0,3.0
67,CLBP,1233,False,6.0,4.0,2.0,2.0,7.0,3.0
68,CLBP,1233,False,6.0,5.0,7.0,2.0,7.0,3.0
69,CLBP,1233,False,4.0,3.0,5.0,2.0,7.0,3.0
70,CLBP,1233,False,6.0,5.0,4.0,2.0,7.0,3.0
71,CLBP,1233,False,6.0,5.0,2.0,2.0,7.0,3.0
72,CLBP,1233,False,6.0,5.0,2.0,2.0,7.0,3.0
73,CLBP,1233,False,6.0,7.0,4.0,2.0,7.0,3.0
74,CLBP,1233,False,6.0,7.0,4.0,2.0,7.0,3.0
75,CLBP,1233,False,4.0,3.0,5.0,2.0,7.0,3.0
76,CLBP,1233,False,4.0,3.0,5.0,2.0,7.0,3.0
77,CLBP,1233,False,6.0,7.0,4.0,2.0,7.0,3.0
78,CLBP,1233,False,6.0,7.0,4.0,2.0,7.0,3.0
79,CLBP,1233,False,6.0,5.0,7.0,2.0,7.0,3.0
80,CLBP,1233,False,6.0,5.0,7.0,3.0,7.0,4.0
81,CLBP,1233,False,6.0,5.0,7.0,3.0,7.0,4.0
82,CLBP,1233,False,4.0,4.0,2.0,2.0,7.0,3.0
83,CLBP,1233,False,4.0,4.0,2.0,2.0,7.0,3.0
84,CLBP,1233,False,4.0,3.0,5.0,2.0,7.0,3.0
85,CLBP,1233,False,6.0,5.0,4.0,2.0,7.0,3.0
86,CLBP,1233,False,6.0,5.0,4.0,2.0,7.0,3.0
87,CLBP,1233,False,6.0,4.0,2.0,2.0,7.0,3.0
88,CLBP,1233,False,6.0,5.0,4.0,2.0,7.0,3.0
89,CLBP,1233,False,6.0,5.0,4.0,2.0,7.0,3.0
90,CLBP,1233,False,4.0,4.0,2.0,2.0,7.0,3.0
91,CLBP,1233,False,6.0,7.0,4.0,2.0,7.0,3.0
92,CLBP,1233,False,6.0,5.0,7.0,2.0,7.0,3.0
93,CLBP,1233,False,6.0,5.0,4.0,2.0,7.0,3.0
94,CLBP,1233,False,6.0,4.0,2.0,2.0,7.0,3.0
95,CLBP,1233,False,6.0,5.0,4.0,2.0,7.0,3.0
96,CLBP,1233,False,6.0,5.0,4.0,2.0,7.0,3.0
97,CLBP,1233,False,6.0,5.0,7.0,2.0,7.0,3.0
98,CLBP,1233,False,4.0,4.0,2.0,2.0,7.0,3.0
99,CLBP,1233,False,6.0,5.0,7.0,2.0,7.0,3.0
0,CLBP,1234,False,6.0,7.0,4.0,5.0,7.0,3.0
1,CLBP,1234,False,6.0,7.0,4.0,5.0,7.0,3.0
2,CLBP,1234,False,6.0,6.0,2.0,3.0,7.0,2.0
3,CLBP,1234,False,6.0,7.0,4.0,3.0,7.0,2.0
4,CLBP,1234,False,6.0,7.0,4.0,3.0,7.0,2.0
5,CLBP,1234,False,6.0,6.0,2.0,4.0,7.0,3.0
6,CLBP,1234,False,6.0,7.0,4.0,3.0,7.0,2.0
7,CLBP,1234,False,6.0,7.0,4.0,3.0,7.0,2.0
8,CLBP,1234,False,6.0,7.0,4.0,5.0,7.0,3.0
9,CLBP,1234,False,6.0,7.0,4.0,5.0,7.0,3.0
10,CLBP,1234,False,6.0,7.0,4.0,5.0,7.0,3.0
11,CLBP,1234,False,6.0,7.0,3.0,4.0,7.0,2.0
12,CLBP,1234,False,6.0,7.0,4.0,4.0,7.0,3.0
13,CLBP,1234,False,6.0,7.0,4.0,4.0,7.0,3.0
14,CLBP,1234,False,6.0,7.0,4.0,5.0,7.0,3.0
15,CLBP,1234,False,6.0,7.0,4.0,4.0,7.0,3.0
16,CLBP,1234,False,6.0,7.0,4.0,3.0,7.0,2.0
17,CLBP,1234,False,6.0,7.0,3.0,4.0,7.0,2.0
18,CLBP,1234,False,6.0,7.0,4.0,4.0,7.0,3.0
19,CLBP,1234,False,6.0,7.0,4.0,4.0,7.0,3.0
20,CLBP,1234,False,6.0,6.0,2.0,4.0,7.0,3.0
21,CLBP,1234,False,6.0,7.0,4.0,5.0,7.0,3.0
22,CLBP,1234,False,6.0,6.0,2.0,4.0,7.0,3.0
23,CLBP,1234,False,6.0,7.0,3.0,4.0,7.0,2.0
24,CLBP,1234,False,6.0,7.0,4.0,3.0,7.0,2.0
25,CLBP,1234,False,6.0,7.0,4.0,3.0,7.0,2.0
26,CLBP,1234,False,6.0,7.0,4.0,4.0,7.0,3.0
27,CLBP,1234,False,6.0,7.0,4.0,3.0,7.0,2.0
28,CLBP,1234,False,6.0,7.0,4.0,4.0,7.0,3.0
29,CLBP,1234,False,6.0,7.0,3.0,4.0,7.0,2.0
30,CLBP,1234,False,6.0,7.0,3.0,4.0,7.0,2.0
31,CLBP,1234,False,6.0,7.0,4.0,3.0,7.0,2.0
32,CLBP,1234,False,6.0,7.0,4.0,4.0,7.0,3.0
33,CLBP,1234,False,6.0,7.0,3.0,4.0,7.0,2.0
34,CLBP,1234,False,6.0,7.0,3.0,4.0,7.0,2.0
35,CLBP,1234,False,6.0,7.0,4.0,5.0,7.0,3.0
36,CLBP,1234,False,6.0,7.0,4.0,5.0,7.0,3.0
37,CLBP,1234,False,6.0,7.0,4.0,3.0,7.0,2.0
38,CLBP,1234,False,6.0,7.0,4.0,4.0,7.0,3.0
39,CLBP,1234,False,6.0,7.0,4.0,3.0,7.0,2.0
40,CLBP,1234,False,6.0,7.0,4.0,3.0,7.0,2.0
41,CLBP,1234,False,6.0,7.0,4.0,4.0,7.0,3.0
42,CLBP,1234,False,6.0,7.0,3.0,4.0,7.0,2.0
43,CLBP,1234,False,6.0,7.0,3.0,4.0,7.0,2.0
44,CLBP,1234,False,6.0,7.0,4.0,4.0,7.0,3.0
45,CLBP,1234,False,6.0,7.0,4.0,3.0,7.0,2.0
46,CLBP,1234,False,6.0,7.0,4.0,5.0,7.0,3.0
47,CLBP,1234,True,,,,,,
48,CLBP,1234,False,6.0,7.0,4.0,4.0,7.0,3.0
49,CLBP,1234,False,6.0,7.0,4.0,3.0,7.0,2.0
50,CLBP,1234,False,6.0,7.0,4.0,5.0,7.0,3.0
51,CLBP,1234,False,6.0,7.0,4.0,3.0,7.0,2.0
52,CLBP,1234,False,6.0,7.0,4.0,5.0,7.0,3.0
53,CLBP,1234,False,6.0,7.0,4.0,5.0,7.0,3.0
54,CLBP,1234,False,6.0,7.0,3.0,4.0,7.0,2.0
55,CLBP,1234,False,6.0,7.0,4.0,3.0,7.0,2.0
56,CLBP,1234,False,6.0,7.0,4.0,5.0,7.0,3.0
57,CLBP,1234,False,6.0,7.0,3.0,4.0,7.0,2.0
58,CLBP,1234,False,6.0,7.0,4.0,4.0,7.0,3.0
59,CLBP,1234,False,6.0,7.0,4.0,4.0,7.0,3.0
60,CLBP,1234,False,6.0,7.0,4.0,5.0,7.0,3.0
61,CLBP,1234,False,6.0,7.0,3.0,4.0,7.0,2.0
62,CLBP,1234,False,6.0,7.0,4.0,4.0,7.0,3.0
63,CLBP,1234,False,6.0,7.0,4.0,4.0,7.0,3.0
64,CLBP,1234,False,6.0,7.0,4.0,4.0,7.0,3.0
65,CLBP,1234,False,6.0,7.0,4.0,3.0,7.0,2.0
66,CLBP,1234,False,6.0,7.0,3.0,4.0,7.0,2.0
67,CLBP,1234,False,6.0,7.0,4.0,5.0,7.0,3.0
68,CLBP,1234,False,6.0,7.0,4.0,4.0,7.0,3.0
69,CLBP,1234,False,6.0,7.0,4.0,5.0,7.0,3.0
70,CLBP,1234,False,6.0,7.0,3.0,4.0,7.0,2.0
71,CLBP,1234,False,6.0,7.0,4.0,4.0,7.0,3.0
72,CLBP,1234,False,6.0,7.0,3.0,4.0,7.0,2.0
73,CLBP,1234,False,6.0,7.0,4.0,4.0,7.0,3.0
74,CLBP,1234,False,6.0,7.0,4.0,4.0,7.0,3.0
75,CLBP,1234,False,6.0,7.0,4.0,5.0,7.0,3.0
76,CLBP,1234,False,6.0,7.0,4.0,4.0,7.0,3.0
77,CLBP,1234,False,6.0,7.0,4.0,5.0,7.0,3.0
78,CLBP,1234,False,6.0,7.0,3.0,4.0,7.0,2.0
79,CLBP,1234,False,6.0,7.0,4.0,5.0,7.0,3.0
80,CLBP,1234,False,6.0,7.0,4.0,3.0,7.0,2.0
81,CLBP,1234,False,6.0,7.0,4.0,3.0,7.0,2.0
82,CLBP,1234,False,6.0,7.0,4.0,3.0,7.0,2.0
83,CLBP,1234,False,6.0,7.0,4.0,4.0,7.0,3.0
84,CLBP,1234,False,6.0,7.0,4.0,5.0,7.0,3.0
85,CLBP,1234,False,6.0,6.0,2.0,4.0,7.0,3.0
86,CLBP,1234,False,6.0,7.0,4.0,5.0,7.0,3.0
87,CLBP,1234,False,6.0,6.0,2.0,4.0,7.0,3.0
88,CLBP,1234,False,6.0,7.0,3.0,4.0,7.0,2.0
89,CLBP,1234,False,6.0,7.0,4.0,3.0,7.0,2.0
90,CLBP,1234,False,6.0,7.0,4.0,3.0,7.0,2.0
91,CLBP,1234,False,6.0,7.0,4.0,3.0,7.0,2.0
92,CLBP,1234,False,6.0,6.0,2.0,4.0,7.0,2.0
93,CLBP,1234,False,6.0,7.0,4.0,4.0,7.0,3.0
94,CLBP,1234,False,6.0,7.0,4.0,5.0,7.0,3.0
95,CLBP,1234,False,6.0,7.0,4.0,3.0,7.0,2.0
96,CLBP,1234,False,6.0,7.0,4.0,3.0,7.0,2.0
97,CLBP,1234,False,6.0,7.0,4.0,4.0,7.0,3.0
98,CLBP,1234,False,6.0,7.0,4.0,5.0,7.0,3.0
99,CLBP,1234,False,6.0,7.0,4.0,5.0,7.0,3.0
0,CLBP,1235,False,7.0,8.0,3.0,2.0,6.0,1.0
1,CLBP,1235,False,7.0,8.0,4.0,3.0,6.0,2.0
2,CLBP,1235,False,7.0,8.0,4.0,3.0,6.0,2.0
3,CLBP,1235,False,7.0,8.0,4.0,3.0,6.0,2.0
4,CLBP,1235,False,7.0,8.0,4.0,3.0,6.0,2.0
5,CLBP,1235,False,7.0,8.0,4.0,3.0,6.0,2.0
6,CLBP,1235,False,6.0,7.0,4.0,2.0,6.0,3.0
7,CLBP,1235,False,7.0,8.0,3.0,2.0,6.0,2.0
8,CLBP,1235,False,7.0,8.0,3.0,2.0,6.0,1.0
9,CLBP,1235,False,7.0,8.0,4.0,3.0,6.0,2.0
10,CLBP,1235,False,7.0,8.0,4.0,3.0,6.0,2.0
11,CLBP,1235,False,6.0,7.0,4.0,3.0,6.0,2.0
12,CLBP,1235,False,6.0,7.0,4.0,3.0,6.0,2.0
13,CLBP,1235,False,7.0,8.0,4.0,3.0,6.0,2.0
14,CLBP,1235,False,7.0,8.0,3.0,2.0,6.0,1.0
15,CLBP,1235,False,7.0,8.0,4.0,2.0,6.0,3.0
16,CLBP,1235,False,7.0,8.0,4.0,2.0,6.0,3.0
17,CLBP,1235,False,6.0,7.0,4.0,3.0,7.0,2.0
18,CLBP,1235,False,7.0,8.0,4.0,2.0,6.0,3.0
19,CLBP,1235,False,7.0,8.0,4.0,3.0,6.0,2.0
20,CLBP,1235,False,7.0,8.0,4.0,3.0,6.0,2.0
21,CLBP,1235,False,6.0,7.0,4.0,2.0,6.0,3.0
22,CLBP,1235,False,7.0,8.0,4.0,3.0,6.0,2.0
23,CLBP,1235,False,7.0,8.0,4.0,2.0,6.0,3.0
24,CLBP,1235,False,6.0,7.0,4.0,3.0,6.0,2.0
25,CLBP,1235,False,7.0,8.0,4.0,3.0,6.0,2.0
26,CLBP,1235,False,7.0,8.0,4.0,3.0,6.0,2.0
27,CLBP,1235,False,7.0,8.0,4.0,3.0,6.0,2.0
28,CLBP,1235,False,7.0,8.0,4.0,3.0,6.0,2.0
29,CLBP,1235,False,7.0,8.0,3.0,2.0,6.0,1.0
30,CLBP,1235,False,7.0,8.0,4.0,3.0,6.0,2.0
31,CLBP,1235,False,7.0,8.0,4.0,3.0,6.0,2.0
32,CLBP,1235,False,7.0,8.0,4.0,3.0,6.0,2.0
33,CLBP,1235,False,7.0,8.0,4.0,2.0,6.0,3.0
34,CLBP,1235,False,7.0,8.0,4.0,3.0,6.0,2.0
35,CLBP,1235,False,7.0,8.0,4.0,2.0,6.0,3.0
36,CLBP,1235,False,6.0,7.0,4.0,3.0,6.0,2.0
37,CLBP,1235,False,6.0,7.0,4.0,3.0,6.0,2.0
38,CLBP,1235,False,7.0,8.0,4.0,3.0,6.0,2.0
39,CLBP,1235,False,6.0,7.0,3.0,2.0,6.0,2.0
40,CLBP,1235,False,7.0,8.0,4.0,3.0,6.0,2.0
41,CLBP,1235,False,6.0,7.0,4.0,3.0,6.0,2.0
42,CLBP,1235,False,7.0,8.0,4.0,2.0,6.0,3.0
43,CLBP,1235,False,7.0,8.0,4.0,2.0,6.0,3.0
44,CLBP,1235,False,6.0,7.0,4.0,3.0,5.0,2.0
45,CLBP,1235,False,6.0,7.0,4.0,3.0,6.0,2.0
46,CLBP,1235,False,7.0,8.0,3.0,2.0,6.0,1.0
47,CLBP,1235,True,,,,,,
48,CLBP,1235,False,7.0,8.0,4.0,3.0,6.0,2.0
49,CLBP,1235,False,7.0,8.0,4.0,2.0,6.0,3.0
50,CLBP,1235,False,7.0,8.0,4.0,3.0,6.0,2.0
51,CLBP,1235,False,7.0,8.0,4.0,2.0,6.0,3.0
52,CLBP,1235,False,6.0,7.0,4.0,2.0,6.0,3.0
53,CLBP,1235,False,7.0,8.0,4.0,3.0,6.0,2.0
54,CLBP,1235,False,7.0,8.0,4.0,3.0,6.0,2.0
55,CLBP,1235,False,6.0,7.0,4.0,3.0,6.0,2.0
56,CLBP,1235,False,7.0,8.0,3.0,2.0,6.0,2.0
57,CLBP,1235,False,7.0,8.0,4.0,2.0,6.0,3.0
58,CLBP,1235,False,6.0,7.0,4.0,2.0,6.0,3.0
59,CLBP,1235,False,6.0,7.0,4.0,2.0,6.0,3.0
60,CLBP,1235,False,7.0,8.0,4.0,3.0,6.0,2.0
61,CLBP,1235,False,7.0,8.0,4.0,3.0,6.0,2.0
62,CLBP,1235,False,7.0,8.0,3.0,2.0,6.0,1.0
63,CLBP,1235,False,7.0,8.0,4.0,3.0,6.0,2.0
64,CLBP,1235,False,7.0,8.0,4.0,2.0,6.0,3.0
65,CLBP,1235,False,7.0,8.0,3.0,2.0,6.0,1.0
66,CLBP,1235,False,7.0,8.0,4.0,3.0,6.0,2.0
67,CLBP,1235,False,7.0,8.0,4.0,3.0,6.0,2.0
68,CLBP,1235,False,7.0,8.0,4.0,3.0,6.0,2.0
69,CLBP,1235,False,7.0,8.0,3.0,2.0,6.0,1.0
70,CLBP,1235,False,7.0,8.0,4.0,3.0,6.0,2.0
71,CLBP,1235,False,7.0,8.0,3.0,2.0,6.0,2.0
72,CLBP,1235,False,6.0,7.0,4.0,3.0,6.0,2.0
73,CLBP,1235,False,7.0,8.0,4.0,3.0,6.0,2.0
74,CLBP,1235,False,7.0,8.0,4.0,3.0,6.0,2.0
75,CLBP,1235,False,7.0,8.0,4.0,3.0,6.0,2.0
76,CLBP,1235,False,7.0,8.0,4.0,3.0,6.0,2.0
77,CLBP,1235,False,6.0,7.0,4.0,2.0,6.0,3.0
78,CLBP,1235,False,7.0,8.0,4.0,3.0,6.0,2.0
79,CLBP,1235,False,6.0,7.0,4.0,3.0,6.0,2.0
80,CLBP,1235,False,7.0,8.0,4.0,3.0,6.0,2.0
81,CLBP,1235,False,6.0,7.0,4.0,3.0,6.0,2.0
82,CLBP,1235,False,7.0,8.0,3.0,2.0,6.0,1.0
83,CLBP,1235,False,7.0,8.0,4.0,2.0,6.0,3.0
84,CLBP,1235,False,7.0,8.0,4.0,3.0,6.0,2.0
85,CLBP,1235,False,7.0,8.0,4.0,2.0,6.0,3.0
86,CLBP,1235,False,7.0,8.0,4.0,3.0,6.0,2.0
87,CLBP,1235,False,7.0,8.0,4.0,2.0,6.0,3.0
88,CLBP,1235,False,6.0,7.0,4.0,2.0,6.0,3.0
89,CLBP,1235,False,7.0,8.0,3.0,2.0,6.0,1.0
90,CLBP,1235,False,7.0,8.0,4.0,2.0,6.0,3.0
91,CLBP,1235,False,7.0,8.0,4.0,3.0,6.0,2.0
92,CLBP,1235,False,7.0,8.0,4.0,3.0,6.0,2.0
93,CLBP,1235,False,6.0,7.0,4.0,2.0,6.0,3.0
94,CLBP,1235,False,6.0,7.0,4.0,3.0,6.0,2.0
95,CLBP,1235,False,6.0,7.0,4.0,3.0,6.0,2.0
96,CLBP,1235,False,6.0,7.0,4.0,3.0,6.0,2.0
97,CLBP,1235,False,7.0,8.0,4.0,3.0,6.0,2.0
98,CLBP,1235,False,7.0,8.0,4.0,3.0,6.0,2.0
99,CLBP,1235,False,7.0,8.0,4.0,3.0,6.0,2.0
0,CLBP,1236,False,6.0,7.0,2.0,2.0,7.0,1.0
1,CLBP,1236,False,6.0,7.0,2.0,1.0,8.0,2.0
2,CLBP,1236,False,6.0,7.0,2.0,1.0,7.0,2.0
3,CLBP,1236,False,6.0,7.0,2.0,1.0,7.0,2.0
4,CLBP,1236,False,6.0,8.0,2.0,2.0,7.0,1.0
5,CLBP,1236,False,6.0,7.0,2.0,2.0,7.0,1.0
6,CLBP,1236,False,7.0,8.0,2.0,1.0,6.0,2.0
7,CLBP,1236,False,6.0,7.0,2.0,1.0,7.0,2.0
8,CLBP,1236,False,7.0,8.0,2.0,2.0,6.0,3.0
9,CLBP,1236,False,7.0,8.0,2.0,2.0,6.0,3.0
10,CLBP,1236,False,6.0,7.0,2.0,2.0,7.0,1.0
11,CLBP,1236,False,6.0,7.0,2.0,1.0,7.0,2.0
12,CLBP,1236,False,6.0,7.0,2.0,2.0,7.0,1.0
13,CLBP,1236,False,6.0,7.0,2.0,1.0,7.0,2.0
14,CLBP,1236,False,7.0,8.0,2.0,1.0,6.0,2.0
15,CLBP,1236,False,6.0,8.0,2.0,2.0,7.0,3.0
16,CLBP,1236,False,6.0,7.0,2.0,2.0,7.0,1.0
17,CLBP,1236,False,6.0,7.0,2.0,1.0,7.0,2.0
18,CLBP,1236,False,6.0,7.0,2.0,1.0,8.0,2.0
19,CLBP,1236,False,6.0,7.0,2.0,2.0,7.0,1.0
20,CLBP,1236,False,6.0,7.0,2.0,2.0,7.0,1.0
21,CLBP,1236,False,6.0,7.0,3.0,2.0,7.0,1.0
22,CLBP,1236,False,6.0,7.0,2.0,1.0,7.0,2.0
23,CLBP,1236,False,6.0,7.0,2.0,1.0,7.0,2.0
24,CLBP,1236,False,7.0,8.0,2.0,2.0,6.0,3.0
25,CLBP,1236,False,6.0,7.0,3.0,2.0,7.0,1.0
26,CLBP,1236,False,6.0,7.0,2.0,2.0,7.0,3.0
27,CLBP,1236,False,6.0,8.0,2.0,1.0,7.0,2.0
28,CLBP,1236,False,6.0,7.0,2.0,2.0,7.0,3.0
29,CLBP,1236,False,6.0,7.0,2.0,2.0,7.0,1.0
30,CLBP,1236,False,6.0,7.0,2.0,1.0,8.0,2.0
31,CLBP,1236,False,6.0,7.0,2.0,1.0,7.0,2.0
32,CLBP,1236,False,6.0,7.0,2.0,1.0,7.0,2.0
33,CLBP,1236,False,6.0,8.0,2.0,2.0,7.0,1.0
34,CLBP,1236,False,6.0,7.0,2.0,2.0,7.0,3.0
35,CLBP,1236,False,6.0,7.0,2.0,2.0,7.0,1.0
36,CLBP,1236,False,6.0,8.0,2.0,2.0,7.0,1.0
37,CLBP,1236,False,6.0,7.0,3.0,2.0,7.0,2.0
38,CLBP,1236,False,6.0,7.0,2.0,1.0,7.0,2.0
39,CLBP,1236,False,6.0,7.0,2.0,2.0,7.0,1.0
40,CLBP,1236,False,6.0,7.0,3.0,2.0,7.0,2.0
41,CLBP,1236,False,7.0,8.0,2.0,2.0,6.0,1.0
42,CLBP,1236,False,6.0,7.0,2.0,2.0,7.0,1.0
43,CLBP,1236,False,6.0,7.0,2.0,2.0,7.0,3.0
44,CLBP,1236,False,6.0,8.0,2.0,2.0,7.0,1.0
45,CLBP,1236,False,7.0,8.0,2.0,1.0,6.0,2.0
46,CLBP,1236,False,6.0,7.0,2.0,2.0,7.0,1.0
47,CLBP,1236,True,,,,,,
48,CLBP,1236,False,6.0,7.0,2.0,1.0,7.0,2.0
49,CLBP,1236,False,6.0,7.0,2.0,1.0,7.0,2.0
50,CLBP,1236,False,6.0,7.0,2.0,2.0,7.0,1.0
51,CLBP,1236,False,6.0,7.0,2.0,1.0,7.0,2.0
52,CLBP,1236,False,6.0,8.0,2.0,2.0,7.0,1.0
53,CLBP,1236,False,6.0,7.0,2.0,1.0,8.0,2.0
54,CLBP,1236,False,6.0,7.0,2.0,2.0,7.0,1.0
55,CLBP,1236,False,6.0,7.0,2.0,2.0,7.0,1.0
56,CLBP,1236,False,6.0,7.0,2.0,2.0,7.0,1.0
57,CLBP,1236,False,6.0,7.0,2.0,2.0,7.0,1.0
58,CLBP,1236,False,7.0,8.0,2.0,2.0,6.0,1.0
59,CLBP,1236,False,6.0,7.0,2.0,2.0,7.0,1.0
60,CLBP,1236,False,6.0,7.0,2.0,2.0,7.0,3.0
61,CLBP,1236,False,6.0,7.0,3.0,2.0,7.0,2.0
62,CLBP,1236,False,6.0,7.0,2.0,2.0,7.0,3.0
63,CLBP,1236,False,6.0,7.0,2.0,1.0,7.0,2.0
64,CLBP,1236,False,6.0,7.0,2.0,2.0,7.0,1.0
65,CLBP,1236,False,6.0,8.0,2.0,1.0,7.0,2.0
66,CLBP,1236,False,6.0,7.0,2.0,2.0,7.0,1.0
67,CLBP,1236,False,7.0,8.0,2.0,2.0,6.0,1.0
68,CLBP,1236,False,6.0,7.0,2.0,1.0,7.0,2.0
69,CLBP,1236,False,6.0,7.0,3.0,2.0,7.0,1.0
70,CLBP,1236,False,6.0,8.0,2.0,1.0,7.0,2.0
71,CLBP,1236,False,7.0,8.0,2.0,2.0,6.0,3.0
72,CLBP,1236,False,6.0,7.0,2.0,2.0,7.0,3.0
73,CLBP,1236,False,6.0,7.0,2.0,2.0,7.0,1.0
74,CLBP,1236,False,7.0,8.0,3.0,2.0,6.0,2.0
75,CLBP,1236,False,6.0,7.0,2.0,2.0,7.0,3.0
76,CLBP,1236,False,6.0,7.0,2.0,1.0,7.0,2.0
77,CLBP,1236,False,7.0,8.0,3.0,2.0,6.0,1.0
78,CLBP,1236,False,6.0,7.0,2.0,1.0,7.0,2.0
79,CLBP,1236,False,6.0,7.0,3.0,2.0,7.0,2.0
80,CLBP,1236,False,7.0,8.0,2.0,2.0,6.0,3.0
81,CLBP,1236,False,6.0,8.0,2.0,2.0,7.0,1.0
82,CLBP,1236,False,6.0,7.0,2.0,1.0,8.0,2.0
83,CLBP,1236,False,7.0,8.0,2.0,2.0,6.0,1.0
84,CLBP,1236,False,6.0,7.0,2.0,2.0,7.0,3.0
85,CLBP,1236,False,6.0,7.0,2.0,1.0,8.0,2.0
86,CLBP,1236,False,6.0,7.0,2.0,2.0,7.0,1.0
87,CLBP,1236,False,6.0,7.0,2.0,2.0,7.0,3.0
88,CLBP,1236,False,6.0,7.0,2.0,1.0,7.0,2.0
89,CLBP,1236,False,6.0,7.0,2.0,2.0,7.0,1.0
90,CLBP,1236,False,6.0,7.0,2.0,2.0,7.0,3.0
91,CLBP,1236,False,6.0,8.0,2.0,1.0,7.0,2.0
92,CLBP,1236,False,6.0,7.0,2.0,2.0,7.0,3.0
93,CLBP,1236,False,6.0,7.0,2.0,2.0,7.0,1.0
94,CLBP,1236,False,6.0,7.0,2.0,2.0,7.0,3.0
95,CLBP,1236,False,6.0,7.0,2.0,2.0,7.0,3.0
96,CLBP,1236,False,6.0,7.0,3.0,2.0,7.0,2.0
97,CLBP,1236,False,6.0,7.0,2.0,2.0,7.0,1.0
98,CLBP,1236,False,6.0,7.0,2.0,1.0,7.0,2.0
99,CLBP,1236,False,6.0,7.0,2.0,2.0,7.0,1.0
0,CLBP,1237,False,7.0,8.0,4.0,3.0,6.0,2.0
1,CLBP,1237,False,7.0,8.0,4.0,3.0,6.0,2.0
2,CLBP,1237,False,7.0,8.0,4.0,3.0,6.0,2.0
3,CLBP,1237,False,7.0,8.0,4.0,3.0,6.0,2.0
4,CLBP,1237,False,7.0,8.0,4.0,3.0,6.0,2.0
5,CLBP,1237,False,7.0,8.0,4.0,3.0,6.0,2.0
6,CLBP,1237,False,8.0,9.0,4.0,6.0,5.0,3.0
7,CLBP,1237,False,7.0,8.0,4.0,3.0,6.0,2.0
8,CLBP,1237,False,7.0,8.0,4.0,3.0,6.0,2.0
9,CLBP,1237,False,8.0,8.0,4.0,4.0,6.0,3.0
10,CLBP,1237,False,7.0,8.0,4.0,3.0,6.0,2.0
11,CLBP,1237,False,7.0,8.0,4.0,3.0,6.0,2.0
12,CLBP,1237,False,8.0,9.0,4.0,3.0,6.0,2.0
13,CLBP,1237,False,7.0,8.0,4.0,3.0,6.0,2.0
14,CLBP,1237,False,8.0,8.0,4.0,6.0,5.0,4.0
15,CLBP,1237,False,7.0,8.0,4.0,3.0,6.0,2.0
16,CLBP,1237,False,8.0,9.0,6.0,4.0,6.0,5.0
17,CLBP,1237,False,7.0,8.0,4.0,3.0,6.0,2.0
18,CLBP,1237,False,7.0,8.0,4.0,3.0,6.0,2.0
19,CLBP,1237,False,8.0,8.0,4.0,3.0,6.0,2.0
20,CLBP,1237,False,8.0,9.0,4.0,3.0,6.0,2.0
21,CLBP,1237,False,7.0,8.0,4.0,3.0,6.0,2.0
22,CLBP,1237,False,7.0,8.0,4.0,3.0,6.0,2.0
23,CLBP,1237,False,7.0,8.0,4.0,6.0,5.0,3.0
24,CLBP,1237,False,7.0,8.0,4.0,3.0,6.0,2.0
25,CLBP,1237,False,7.0,8.0,4.0,3.0,6.0,2.0
26,CLBP,1237,False,7.0,8.0,4.0,3.0,6.0,2.0
27,CLBP,1237,False,8.0,9.0,4.0,3.0,6.0,2.0
28,CLBP,1237,False,8.0,9.0,4.0,6.0,5.0,3.0
29,CLBP,1237,False,7.0,8.0,4.0,3.0,6.0,2.0
30,CLBP,1237,False,7.0,8.0,4.0,3.0,6.0,2.0
31,CLBP,1237,False,7.0,8.0,4.0,3.0,6.0,2.0
32,CLBP,1237,False,7.0,8.0,4.0,3.0,6.0,2.0
33,CLBP,1237,False,7.0,8.0,4.0,3.0,6.0,2.0
34,CLBP,1237,False,8.0,8.0,4.0,6.0,6.0,5.0
35,CLBP,1237,False,7.0,8.0,4.0,3.0,6.0,2.0
36,CLBP,1237,False,7.0,8.0,4.0,3.0,6.0,2.0
37,CLBP,1237,False,8.0,8.0,4.0,6.0,5.0,4.0
38,CLBP,1237,False,7.0,8.0,4.0,3.0,6.0,2.0
39,CLBP,1237,False,7.0,8.0,4.0,4.0,6.0,3.0
40,CLBP,1237,False,7.0,8.0,4.0,3.0,6.0,2.0
41,CLBP,1237,False,7.0,8.0,4.0,3.0,6.0,2.0
42,CLBP,1237,False,7.0,8.0,4.0,3.0,6.0,2.0
43,CLBP,1237,False,7.0,8.0,4.0,6.0,5.0,3.0
44,CLBP,1237,False,7.0,8.0,4.0,3.0,6.0,2.0
45,CLBP,1237,False,7.0,8.0,4.0,3.0,6.0,2.0
46,CLBP,1237,False,7.0,8.0,4.0,3.0,6.0,2.0
47,CLBP,1237,True,,,,,,
48,CLBP,1237,False,7.0,8.0,4.0,3.0,6.0,2.0
49,CLBP,1237,False,7.0,8.0,4.0,3.0,6.0,2.0
50,CLBP,1237,False,7.0,8.0,4.0,3.0,6.0,2.0
51,CLBP,1237,False,7.0,8.0,4.0,3.0,6.0,2.0
52,CLBP,1237,False,7.0,8.0,4.0,3.0,6.0,2.0
53,CLBP,1237,False,7.0,8.0,4.0,3.0,6.0,2.0
54,CLBP,1237,False,7.0,8.0,4.0,3.0,6.0,2.0
55,CLBP,1237,False,7.0,8.0,4.0,3.0,6.0,2.0
56,CLBP,1237,False,7.0,8.0,4.0,3.0,6.0,2.0
57,CLBP,1237,False,7.0,8.0,4.0,3.0,6.0,2.0
58,CLBP,1237,False,8.0,9.0,4.0,6.0,4.0,5.0
59,CLBP,1237,False,7.0,8.0,4.0,3.0,6.0,2.0
60,CLBP,1237,False,7.0,8.0,4.0,3.0,6.0,2.0
61,CLBP,1237,False,7.0,8.0,4.0,3.0,6.0,2.0
62,CLBP,1237,False,8.0,9.0,4.0,6.0,5.0,3.0
63,CLBP,1237,False,7.0,8.0,4.0,3.0,6.0,2.0
64,CLBP,1237,False,7.0,8.0,4.0,3.0,6.0,2.0
65,CLBP,1237,False,8.0,9.0,6.0,4.0,6.0,5.0
66,CLBP,1237,False,7.0,8.0,4.0,3.0,6.0,2.0
67,CLBP,1237,False,7.0,8.0,4.0,3.0,6.0,2.0
68,CLBP,1237,False,8.0,9.0,4.0,6.0,5.0,4.0
69,CLBP,1237,False,7.0,8.0,4.0,3.0,6.0,2.0
70,CLBP,1237,False,7.0,8.0,4.0,3.0,6.0,2.0
71,CLBP,1237,False,7.0,8.0,4.0,3.0,6.0,2.0
72,CLBP,1237,False,7.0,8.0,4.0,4.0,6.0,3.0
73,CLBP,1237,False,8.0,9.0,4.0,6.0,5.0,5.0
74,CLBP,1237,False,8.0,9.0,4.0,6.0,5.0,3.0
75,CLBP,1237,False,7.0,8.0,4.0,3.0,6.0,2.0
76,CLBP,1237,False,7.0,8.0,4.0,3.0,6.0,2.0
77,CLBP,1237,False,7.0,8.0,4.0,3.0,6.0,2.0
78,CLBP,1237,False,8.0,9.0,4.0,3.0,6.0,2.0
79,CLBP,1237,False,7.0,8.0,4.0,3.0,6.0,2.0
80,CLBP,1237,False,7.0,8.0,4.0,3.0,6.0,2.0
81,CLBP,1237,False,7.0,8.0,4.0,3.0,6.0,2.0
82,CLBP,1237,False,7.0,8.0,4.0,6.0,5.0,5.0
83,CLBP,1237,False,8.0,9.0,4.0,3.0,6.0,5.0
84,CLBP,1237,False,8.0,9.0,4.0,6.0,4.0,5.0
85,CLBP,1237,False,7.0,8.0,4.0,3.0,6.0,2.0
86,CLBP,1237,False,7.0,8.0,4.0,3.0,6.0,2.0
87,CLBP,1237,False,7.0,8.0,4.0,3.0,6.0,2.0
88,CLBP,1237,False,8.0,9.0,4.0,6.0,5.0,4.0
89,CLBP,1237,False,7.0,8.0,4.0,3.0,6.0,2.0
90,CLBP,1237,False,7.0,8.0,4.0,3.0,6.0,2.0
91,CLBP,1237,False,8.0,8.0,4.0,4.0,6.0,3.0
92,CLBP,1237,False,7.0,8.0,4.0,3.0,6.0,2.0
93,CLBP,1237,False,7.0,8.0,4.0,3.0,6.0,2.0
94,CLBP,1237,False,7.0,8.0,4.0,3.0,6.0,2.0
95,CLBP,1237,False,7.0,8.0,4.0,3.0,6.0,2.0
96,CLBP,1237,False,7.0,8.0,4.0,3.0,6.0,2.0
97,CLBP,1237,False,7.0,8.0,4.0,3.0,6.0,2.0
98,CLBP,1237,False,7.0,8.0,4.0,3.0,6.0,2.0
99,CLBP,1237,False,7.0,8.0,4.0,3.0,6.0,2.0
0,CLBP,1239,False,6.0,7.0,4.0,3.0,6.0,4.0
1,CLBP,1239,False,6.0,7.0,4.0,3.0,5.0,4.0
2,CLBP,1239,False,6.0,7.0,4.0,3.0,5.0,4.0
3,CLBP,1239,False,6.0,7.0,4.0,3.0,6.0,4.0
4,CLBP,1239,False,6.0,7.0,4.0,3.0,5.0,4.0
5,CLBP,1239,False,6.0,7.0,4.0,3.0,6.0,5.0
6,CLBP,1239,False,6.0,7.0,4.0,2.0,6.0,3.0
7,CLBP,1239,False,6.0,7.0,4.0,3.0,6.0,4.0
8,CLBP,1239,False,6.0,7.0,4.0,3.0,6.0,4.0
9,CLBP,1239,False,6.0,7.0,4.0,3.0,5.0,4.0
10,CLBP,1239,False,6.0,7.0,4.0,3.0,5.0,2.0
11,CLBP,1239,False,6.0,7.0,4.0,3.0,6.0,4.0
12,CLBP,1239,False,6.0,7.0,4.0,3.0,6.0,4.0
13,CLBP,1239,False,6.0,7.0,4.0,3.0,6.0,4.0
14,CLBP,1239,False,6.0,7.0,4.0,3.0,6.0,4.0
15,CLBP,1239,False,6.0,7.0,4.0,3.0,6.0,4.0
16,CLBP,1239,False,6.0,7.0,4.0,2.0,6.0,3.0
17,CLBP,1239,False,6.0,7.0,4.0,3.0,6.0,4.0
18,CLBP,1239,False,6.0,7.0,4.0,3.0,6.0,5.0
19,CLBP,1239,False,6.0,7.0,4.0,3.0,6.0,4.0
20,CLBP,1239,False,6.0,7.0,4.0,2.0,6.0,3.0
21,CLBP,1239,False,6.0,7.0,4.0,3.0,6.0,4.0
22,CLBP,1239,False,6.0,7.0,4.0,3.0,6.0,4.0
23,CLBP,1239,False,6.0,7.0,4.0,3.0,6.0,4.0
24,CLBP,1239,False,6.0,7.0,4.0,3.0,6.0,4.0
25,CLBP,1239,False,6.0,7.0,4.0,3.0,6.0,4.0
26,CLBP,1239,False,6.0,7.0,4.0,3.0,6.0,4.0
27,CLBP,1239,False,6.0,7.0,4.0,3.0,6.0,4.0
28,CLBP,1239,False,6.0,7.0,4.0,3.0,6.0,4.0
29,CLBP,1239,False,6.0,7.0,4.0,2.0,6.0,3.0
30,CLBP,1239,False,6.0,7.0,4.0,3.0,6.0,4.0
31,CLBP,1239,False,6.0,7.0,4.0,3.0,6.0,4.0
32,CLBP,1239,False,6.0,7.0,4.0,3.0,6.0,4.0
33,CLBP,1239,False,6.0,7.0,4.0,3.0,6.0,4.0
34,CLBP,1239,False,6.0,7.0,4.0,3.0,6.0,4.0
35,CLBP,1239,False,6.0,7.0,4.0,3.0,5.0,4.0
36,CLBP,1239,False,6.0,7.0,4.0,3.0,5.0,2.0
37,CLBP,1239,False,6.0,7.0,4.0,2.0,6.0,3.0
38,CLBP,1239,False,6.0,7.0,4.0,3.0,5.0,4.0
39,CLBP,1239,False,6.0,7.0,4.0,3.0,6.0,4.0
40,CLBP,1239,False,6.0,7.0,4.0,3.0,5.0,4.0
41,CLBP,1239,False,6.0,7.0,4.0,3.0,6.0,4.0
42,CLBP,1239,False,6.0,7.0,4.0,3.0,6.0,4.0
43,CLBP,1239,False,6.0,7.0,4.0,2.0,6.0,3.0
44,CLBP,1239,False,6.0,7.0,4.0,3.0,5.0,4.0
45,CLBP,1239,False,6.0,7.0,4.0,3.0,6.0,4.0
46,CLBP,1239,False,6.0,7.0,4.0,3.0,6.0,4.0
47,CLBP,1239,True,,,,,,
48,CLBP,1239,False,6.0,7.0,4.0,3.0,5.0,2.0
49,CLBP,1239,False,6.0,7.0,4.0,3.0,5.0,4.0
50,CLBP,1239,False,6.0,7.0,4.0,3.0,5.0,4.0
51,CLBP,1239,False,6.0,7.0,4.0,2.0,6.0,3.0
52,CLBP,1239,False,6.0,7.0,4.0,3.0,5.0,4.0
53,CLBP,1239,False,6.0,7.0,4.0,3.0,5.0,4.0
54,CLBP,1239,False,6.0,7.0,4.0,3.0,6.0,4.0
55,CLBP,1239,False,6.0,7.0,4.0,3.0,6.0,4.0
56,CLBP,1239,False,6.0,7.0,4.0,2.0,6.0,3.0
57,CLBP,1239,False,6.0,7.0,4.0,3.0,6.0,4.0
58,CLBP,1239,False,6.0,7.0,4.0,3.0,6.0,4.0
59,CLBP,1239,False,6.0,7.0,4.0,3.0,6.0,4.0
60,CLBP,1239,False,6.0,7.0,4.0,3.0,5.0,4.0
61,CLBP,1239,False,6.0,7.0,4.0,3.0,6.0,4.0
62,CLBP,1239,False,6.0,7.0,4.0,3.0,5.0,4.0
63,CLBP,1239,False,6.0,7.0,4.0,3.0,6.0,4.0
64,CLBP,1239,False,6.0,7.0,4.0,3.0,6.0,4.0
65,CLBP,1239,False,6.0,7.0,4.0,3.0,5.0,4.0
66,CLBP,1239,False,6.0,7.0,4.0,3.0,6.0,4.0
67,CLBP,1239,False,6.0,7.0,4.0,3.0,6.0,4.0
68,CLBP,1239,False,6.0,7.0,4.0,3.0,6.0,4.0
69,CLBP,1239,False,6.0,7.0,4.0,3.0,6.0,4.0
70,CLBP,1239,False,6.0,7.0,4.0,3.0,6.0,4.0
71,CLBP,1239,False,6.0,7.0,4.0,3.0,6.0,5.0
72,CLBP,1239,False,6.0,7.0,4.0,2.0,6.0,3.0
73,CLBP,1239,False,6.0,7.0,4.0,2.0,6.0,3.0
74,CLBP,1239,False,6.0,7.0,4.0,3.0,5.0,4.0
75,CLBP,1239,False,6.0,7.0,4.0,3.0,6.0,4.0
76,CLBP,1239,False,6.0,7.0,4.0,3.0,6.0,4.0
77,CLBP,1239,False,6.0,7.0,4.0,3.0,6.0,4.0
78,CLBP,1239,False,6.0,7.0,4.0,3.0,6.0,4.0
79,CLBP,1239,False,6.0,7.0,4.0,3.0,6.0,4.0
80,CLBP,1239,False,6.0,7.0,4.0,3.0,6.0,4.0
81,CLBP,1239,False,6.0,7.0,4.0,3.0,5.0,4.0
82,CLBP,1239,False,6.0,7.0,4.0,3.0,6.0,4.0
83,CLBP,1239,False,6.0,7.0,4.0,3.0,6.0,4.0
84,CLBP,1239,False,6.0,7.0,4.0,3.0,6.0,5.0
85,CLBP,1239,False,6.0,7.0,4.0,3.0,5.0,4.0
86,CLBP,1239,False,6.0,7.0,4.0,3.0,6.0,4.0
87,CLBP,1239,False,6.0,7.0,4.0,2.0,6.0,3.0
88,CLBP,1239,False,6.0,7.0,4.0,3.0,5.0,2.0
89,CLBP,1239,False,6.0,7.0,4.0,2.0,6.0,3.0
90,CLBP,1239,False,6.0,7.0,4.0,3.0,6.0,4.0
91,CLBP,1239,False,6.0,7.0,4.0,3.0,6.0,4.0
92,CLBP,1239,False,6.0,7.0,4.0,3.0,6.0,4.0
93,CLBP,1239,False,6.0,7.0,4.0,3.0,5.0,4.0
94,CLBP,1239,False,6.0,7.0,4.0,3.0,6.0,4.0
95,CLBP,1239,False,6.0,7.0,4.0,2.0,6.0,3.0
96,CLBP,1239,False,6.0,7.0,4.0,3.0,6.0,4.0
97,CLBP,1239,False,6.0,7.0,4.0,2.0,6.0,3.0
98,CLBP,1239,False,6.0,7.0,4.0,3.0,6.0,5.0
99,CLBP,1239,False,6.0,7.0,4.0,3.0,6.0,4.0
0,CLBP,1240,False,6.0,7.0,3.0,2.0,7.0,4.0
1,CLBP,1240,False,6.0,7.0,4.0,3.0,7.0,4.0
2,CLBP,1240,False,6.0,7.0,4.0,2.0,7.0,3.0
3,CLBP,1240,False,6.0,7.0,4.0,2.0,7.0,3.0
4,CLBP,1240,False,6.0,7.0,4.0,2.0,7.0,3.0
5,CLBP,1240,False,6.0,7.0,3.0,2.0,7.0,4.0
6,CLBP,1240,False,6.0,7.0,3.0,2.0,7.0,4.0
7,CLBP,1240,False,6.0,7.0,4.0,3.0,7.0,4.0
8,CLBP,1240,False,6.0,7.0,4.0,2.0,7.0,3.0
9,CLBP,1240,False,6.0,7.0,4.0,3.0,7.0,2.0
10,CLBP,1240,False,6.0,7.0,4.0,3.0,7.0,5.0
11,CLBP,1240,False,6.0,7.0,4.0,2.0,7.0,3.0
12,CLBP,1240,False,6.0,7.0,3.0,2.0,7.0,4.0
13,CLBP,1240,False,6.0,7.0,4.0,3.0,7.0,5.0
14,CLBP,1240,False,6.0,7.0,3.0,2.0,7.0,4.0
15,CLBP,1240,False,6.0,7.0,3.0,2.0,7.0,4.0
16,CLBP,1240,False,6.0,7.0,3.0,2.0,7.0,4.0
17,CLBP,1240,False,6.0,7.0,3.0,2.0,7.0,4.0
18,CLBP,1240,False,6.0,7.0,3.0,2.0,7.0,4.0
19,CLBP,1240,False,6.0,7.0,3.0,2.0,7.0,4.0
20,CLBP,1240,False,6.0,7.0,3.0,2.0,7.0,4.0
21,CLBP,1240,False,6.0,7.0,4.0,2.0,7.0,3.0
22,CLBP,1240,False,6.0,7.0,3.0,2.0,7.0,4.0
23,CLBP,1240,False,6.0,7.0,4.0,2.0,7.0,3.0
24,CLBP,1240,False,6.0,7.0,4.0,2.0,7.0,3.0
25,CLBP,1240,False,6.0,7.0,4.0,3.0,7.0,4.0
26,CLBP,1240,False,6.0,7.0,4.0,2.0,7.0,3.0
27,CLBP,1240,False,6.0,7.0,4.0,3.0,7.0,4.0
28,CLBP,1240,False,6.0,7.0,4.0,2.0,7.0,3.0
29,CLBP,1240,False,6.0,7.0,4.0,2.0,7.0,3.0
30,CLBP,1240,False,6.0,7.0,4.0,2.0,7.0,3.0
31,CLBP,1240,False,6.0,7.0,3.0,2.0,7.0,4.0
32,CLBP,1240,False,6.0,7.0,4.0,2.0,7.0,3.0
33,CLBP,1240,False,6.0,7.0,4.0,3.0,7.0,5.0
34,CLBP,1240,False,6.0,7.0,4.0,2.0,7.0,3.0
35,CLBP,1240,False,6.0,7.0,4.0,2.0,7.0,3.0
36,CLBP,1240,False,6.0,7.0,4.0,2.0,7.0,3.0
37,CLBP,1240,False,6.0,7.0,3.0,2.0,7.0,4.0
38,CLBP,1240,False,6.0,7.0,4.0,2.0,7.0,3.0
39,CLBP,1240,False,6.0,7.0,3.0,2.0,7.0,4.0
40,CLBP,1240,False,6.0,7.0,4.0,2.0,7.0,3.0
41,CLBP,1240,False,6.0,7.0,3.0,2.0,7.0,4.0
42,CLBP,1240,False,6.0,7.0,3.0,2.0,7.0,4.0
43,CLBP,1240,False,6.0,7.0,3.0,2.0,7.0,4.0
44,CLBP,1240,False,6.0,7.0,4.0,2.0,7.0,3.0
45,CLBP,1240,False,6.0,7.0,4.0,2.0,7.0,3.0
46,CLBP,1240,False,6.0,7.0,3.0,2.0,7.0,4.0
47,CLBP,1240,True,,,,,,
48,CLBP,1240,False,6.0,7.0,3.0,2.0,7.0,4.0
49,CLBP,1240,False,6.0,7.0,4.0,2.0,7.0,3.0
50,CLBP,1240,False,6.0,7.0,4.0,2.0,7.0,3.0
51,CLBP,1240,False,6.0,7.0,4.0,2.0,7.0,3.0
52,CLBP,1240,False,6.0,7.0,3.0,2.0,7.0,4.0
53,CLBP,1240,False,6.0,7.0,4.0,2.0,7.0,3.0
54,CLBP,1240,False,6.0,7.0,4.0,2.0,7.0,3.0
55,CLBP,1240,False,6.0,7.0,3.0,2.0,7.0,4.0
56,CLBP,1240,False,6.0,7.0,3.0,2.0,7.0,4.0
57,CLBP,1240,False,6.0,7.0,4.0,3.0,7.0,5.0
58,CLBP,1240,False,6.0,7.0,4.0,3.0,7.0,5.0
59,CLBP,1240,False,6.0,7.0,4.0,2.0,7.0,3.0
60,CLBP,1240,False,6.0,7.0,4.0,2.0,7.0,3.0
61,CLBP,1240,False,6.0,7.0,4.0,2.0,7.0,3.0
62,CLBP,1240,False,6.0,7.0,4.0,3.0,7.0,4.0
63,CLBP,1240,False,6.0,7.0,3.0,2.0,7.0,4.0
64,CLBP,1240,False,6.0,7.0,3.0,2.0,7.0,4.0
65,CLBP,1240,False,6.0,7.0,4.0,2.0,7.0,3.0
66,CLBP,1240,False,6.0,7.0,4.0,2.0,7.0,3.0
67,CLBP,1240,False,6.0,7.0,4.0,2.0,7.0,3.0
68,CLBP,1240,False,6.0,7.0,3.0,2.0,7.0,4.0
69,CLBP,1240,False,6.0,7.0,4.0,2.0,7.0,3.0
70,CLBP,1240,False,6.0,7.0,4.0,2.0,7.0,3.0
71,CLBP,1240,False,6.0,7.0,3.0,2.0,7.0,4.0
72,CLBP,1240,False,6.0,7.0,3.0,2.0,7.0,4.0
73,CLBP,1240,False,6.0,7.0,4.0,2.0,7.0,3.0
74,CLBP,1240,False,6.0,7.0,3.0,2.0,7.0,4.0
75,CLBP,1240,False,6.0,7.0,4.0,3.0,7.0,4.0
76,CLBP,1240,False,6.0,7.0,4.0,2.0,7.0,3.0
77,CLBP,1240,False,6.0,7.0,4.0,2.0,7.0,3.0
78,CLBP,1240,False,6.0,7.0,4.0,3.0,7.0,2.0
79,CLBP,1240,False,6.0,7.0,3.0,2.0,7.0,4.0
80,CLBP,1240,False,6.0,7.0,4.0,2.0,7.0,3.0
81,CLBP,1240,False,6.0,7.0,4.0,2.0,7.0,3.0
82,CLBP,1240,False,6.0,7.0,4.0,2.0,7.0,3.0
83,CLBP,1240,False,6.0,7.0,4.0,2.0,7.0,3.0
84,CLBP,1240,False,6.0,7.0,4.0,3.0,7.0,4.0
85,CLBP,1240,False,6.0,7.0,4.0,2.0,7.0,3.0
86,CLBP,1240,False,6.0,7.0,4.0,2.0,7.0,3.0
87,CLBP,1240,False,6.0,7.0,4.0,3.0,7.0,4.0
88,CLBP,1240,False,6.0,7.0,4.0,2.0,7.0,3.0
89,CLBP,1240,False,6.0,7.0,4.0,2.0,7.0,3.0
90,CLBP,1240,False,6.0,7.0,4.0,2.0,7.0,3.0
91,CLBP,1240,False,6.0,7.0,3.0,2.0,7.0,4.0
92,CLBP,1240,False,6.0,7.0,4.0,3.0,7.0,5.0
93,CLBP,1240,False,6.0,7.0,3.0,2.0,7.0,4.0
94,CLBP,1240,False,6.0,7.0,4.0,2.0,7.0,3.0
95,CLBP,1240,False,6.0,7.0,3.0,2.0,7.0,4.0
96,CLBP,1240,False,6.0,7.0,4.0,2.0,7.0,3.0
97,CLBP,1240,False,6.0,7.0,4.0,3.0,7.0,5.0
98,CLBP,1240,False,6.0,7.0,4.0,2.0,7.0,3.0
99,CLBP,1240,False,6.0,7.0,3.0,2.0,7.0,4.0
0,CLBP,1241,False,6.0,7.0,4.0,2.0,7.0,3.0
1,CLBP,1241,False,6.0,7.0,4.0,3.0,7.0,2.0
2,CLBP,1241,False,6.0,7.0,4.0,2.0,7.0,3.0
3,CLBP,1241,False,6.0,7.0,4.0,2.0,7.0,3.0
4,CLBP,1241,False,6.0,7.0,4.0,2.0,7.0,3.0
5,CLBP,1241,False,6.0,7.0,4.0,3.0,6.0,2.0
6,CLBP,1241,False,7.0,8.0,4.0,3.0,6.0,2.0
7,CLBP,1241,False,6.0,8.0,4.0,2.0,7.0,3.0
8,CLBP,1241,False,7.0,8.0,4.0,3.0,6.0,2.0
9,CLBP,1241,False,6.0,7.0,4.0,2.0,7.0,3.0
10,CLBP,1241,False,6.0,7.0,4.0,2.0,6.0,3.0
11,CLBP,1241,False,6.0,7.0,3.0,2.0,7.0,4.0
12,CLBP,1241,False,6.0,7.0,4.0,2.0,6.0,3.0
13,CLBP,1241,False,6.0,8.0,3.0,2.0,7.0,4.0
14,CLBP,1241,False,6.0,7.0,4.0,2.0,7.0,3.0
15,CLBP,1241,False,6.0,7.0,4.0,2.0,7.0,3.0
16,CLBP,1241,False,7.0,8.0,4.0,2.0,6.0,3.0
17,CLBP,1241,False,7.0,8.0,4.0,3.0,6.0,2.0
18,CLBP,1241,False,6.0,7.0,4.0,3.0,7.0,2.0
19,CLBP,1241,False,6.0,7.0,4.0,2.0,7.0,3.0
20,CLBP,1241,False,6.0,7.0,4.0,2.0,7.0,3.0
21,CLBP,1241,False,6.0,7.0,3.0,2.0,7.0,2.0
22,CLBP,1241,False,6.0,7.0,4.0,3.0,7.0,4.0
23,CLBP,1241,False,6.0,7.0,4.0,2.0,7.0,3.0
24,CLBP,1241,False,6.0,8.0,3.0,2.0,7.0,4.0
25,CLBP,1241,False,7.0,8.0,4.0,2.0,6.0,3.0
26,CLBP,1241,False,6.0,7.0,4.0,3.0,7.0,2.0
27,CLBP,1241,False,7.0,8.0,3.0,2.0,6.0,4.0
28,CLBP,1241,False,7.0,8.0,4.0,3.0,6.0,2.0
29,CLBP,1241,False,6.0,7.0,4.0,3.0,7.0,2.0
30,CLBP,1241,False,6.0,7.0,4.0,2.0,7.0,3.0
31,CLBP,1241,False,6.0,7.0,4.0,2.0,7.0,3.0
32,CLBP,1241,False,6.0,8.0,2.0,2.0,7.0,3.0
33,CLBP,1241,False,6.0,7.0,4.0,2.0,7.0,3.0
34,CLBP,1241,False,6.0,8.0,2.0,2.0,7.0,3.0
35,CLBP,1241,False,6.0,7.0,4.0,2.0,7.0,3.0
36,CLBP,1241,False,6.0,7.0,4.0,2.0,7.0,3.0
37,CLBP,1241,False,6.0,7.0,4.0,2.0,7.0,3.0
38,CLBP,1241,False,6.0,7.0,4.0,2.0,7.0,3.0
39,CLBP,1241,False,6.0,7.0,3.0,2.0,7.0,3.0
40,CLBP,1241,False,6.0,7.0,4.0,2.0,7.0,3.0
41,CLBP,1241,False,6.0,7.0,4.0,2.0,7.0,3.0
42,CLBP,1241,False,6.0,8.0,2.0,2.0,7.0,3.0
43,CLBP,1241,False,6.0,8.0,2.0,2.0,7.0,3.0
44,CLBP,1241,False,6.0,7.0,4.0,2.0,7.0,3.0
45,CLBP,1241,False,7.0,8.0,3.0,2.0,6.0,4.0
46,CLBP,1241,False,7.0,8.0,3.0,2.0,6.0,4.0
47,CLBP,1241,True,,,,,,
48,CLBP,1241,False,6.0,8.0,2.0,2.0,7.0,3.0
49,CLBP,1241,False,6.0,7.0,4.0,2.0,7.0,3.0
50,CLBP,1241,False,7.0,8.0,4.0,2.0,6.0,3.0
51,CLBP,1241,False,6.0,7.0,3.0,2.0,7.0,4.0
52,CLBP,1241,False,6.0,7.0,4.0,2.0,7.0,3.0
53,CLBP,1241,False,6.0,7.0,4.0,2.0,7.0,3.0
54,CLBP,1241,False,7.0,8.0,3.0,2.0,6.0,4.0
55,CLBP,1241,False,6.0,7.0,4.0,2.0,7.0,3.0
56,CLBP,1241,False,6.0,7.0,4.0,2.0,7.0,3.0
57,CLBP,1241,False,6.0,7.0,4.0,3.0,7.0,2.0
58,CLBP,1241,False,6.0,7.0,3.0,2.0,7.0,4.0
59,CLBP,1241,False,6.0,8.0,4.0,2.0,7.0,3.0
60,CLBP,1241,False,6.0,7.0,3.0,2.0,7.0,4.0
61,CLBP,1241,False,6.0,7.0,4.0,2.0,6.0,3.0
62,CLBP,1241,False,6.0,7.0,4.0,3.0,7.0,2.0
63,CLBP,1241,False,7.0,8.0,4.0,2.0,6.0,3.0
64,CLBP,1241,False,6.0,7.0,4.0,2.0,6.0,3.0
65,CLBP,1241,False,7.0,8.0,4.0,2.0,6.0,3.0
66,CLBP,1241,False,6.0,7.0,4.0,2.0,7.0,3.0
67,CLBP,1241,False,7.0,8.0,4.0,2.0,6.0,3.0
68,CLBP,1241,False,6.0,7.0,4.0,2.0,7.0,3.0
69,CLBP,1241,False,6.0,7.0,4.0,2.0,7.0,3.0
70,CLBP,1241,False,7.0,8.0,2.0,2.0,6.0,3.0
71,CLBP,1241,False,6.0,7.0,4.0,3.0,7.0,2.0
72,CLBP,1241,False,6.0,7.0,3.0,2.0,7.0,4.0
73,CLBP,1241,False,6.0,7.0,4.0,2.0,7.0,3.0
74,CLBP,1241,False,6.0,7.0,4.0,3.0,7.0,2.0
75,CLBP,1241,False,7.0,8.0,4.0,2.0,6.0,3.0
76,CLBP,1241,False,6.0,7.0,4.0,2.0,7.0,3.0
77,CLBP,1241,False,6.0,7.0,4.0,2.0,7.0,3.0
78,CLBP,1241,False,6.0,7.0,4.0,2.0,7.0,3.0
79,CLBP,1241,False,6.0,7.0,4.0,2.0,6.0,3.0
80,CLBP,1241,False,6.0,7.0,4.0,2.0,7.0,3.0
81,CLBP,1241,False,6.0,7.0,4.0,2.0,7.0,3.0
82,CLBP,1241,False,6.0,7.0,4.0,2.0,7.0,3.0
83,CLBP,1241,False,6.0,7.0,3.0,2.0,7.0,3.0
84,CLBP,1241,False,6.0,8.0,2.0,2.0,7.0,3.0
85,CLBP,1241,False,6.0,7.0,4.0,2.0,6.0,3.0
86,CLBP,1241,False,6.0,7.0,4.0,2.0,7.0,3.0
87,CLBP,1241,False,6.0,7.0,4.0,2.0,7.0,3.0
88,CLBP,1241,False,6.0,7.0,4.0,2.0,7.0,3.0
89,CLBP,1241,False,6.0,8.0,4.0,2.0,7.0,3.0
90,CLBP,1241,False,6.0,7.0,4.0,2.0,7.0,3.0
91,CLBP,1241,False,7.0,8.0,4.0,3.0,6.0,2.0
92,CLBP,1241,False,7.0,8.0,4.0,2.0,6.0,3.0
93,CLBP,1241,False,6.0,7.0,4.0,2.0,7.0,3.0
94,CLBP,1241,False,6.0,7.0,4.0,3.0,7.0,2.0
95,CLBP,1241,False,6.0,7.0,4.0,2.0,7.0,3.0
96,CLBP,1241,False,6.0,8.0,2.0,2.0,7.0,3.0
97,CLBP,1241,False,6.0,7.0,4.0,2.0,7.0,3.0
98,CLBP,1241,False,6.0,8.0,3.0,2.0,7.0,4.0
99,CLBP,1241,False,6.0,7.0,3.0,2.0,7.0,2.0
0,CLBP,1242,False,6.0,7.0,3.0,2.0,7.0,1.0
1,CLBP,1242,False,6.0,7.0,2.0,2.0,7.0,1.0
2,CLBP,1242,False,6.0,7.0,3.0,2.0,7.0,1.0
3,CLBP,1242,False,6.0,7.0,3.0,2.0,7.0,1.0
4,CLBP,1242,False,6.0,7.0,2.0,2.0,7.0,1.0
5,CLBP,1242,False,6.0,7.0,4.0,2.0,7.0,3.0
6,CLBP,1242,False,6.0,7.0,3.0,2.0,7.0,2.0
7,CLBP,1242,False,6.0,7.0,3.0,2.0,7.0,1.0
8,CLBP,1242,False,6.0,7.0,4.0,2.0,7.0,3.0
9,CLBP,1242,False,6.0,7.0,2.0,2.0,7.0,1.0
10,CLBP,1242,False,6.0,7.0,4.0,2.0,7.0,3.0
11,CLBP,1242,False,6.0,7.0,3.0,2.0,7.0,1.0
12,CLBP,1242,False,6.0,7.0,2.0,2.0,7.0,1.0
13,CLBP,1242,False,6.0,7.0,3.0,2.0,7.0,2.0
14,CLBP,1242,False,6.0,7.0,3.0,2.0,7.0,1.0
15,CLBP,1242,False,6.0,7.0,3.0,2.0,7.0,2.0
16,CLBP,1242,False,6.0,7.0,4.0,2.0,7.0,3.0
17,CLBP,1242,False,6.0,7.0,3.0,2.0,7.0,2.0
18,CLBP,1242,False,6.0,7.0,2.0,2.0,7.0,1.0
19,CLBP,1242,False,6.0,7.0,2.0,2.0,7.0,1.0
20,CLBP,1242,False,6.0,7.0,3.0,2.0,7.0,1.0
21,CLBP,1242,False,6.0,7.0,3.0,2.0,7.0,2.0
22,CLBP,1242,False,6.0,7.0,2.0,2.0,7.0,1.0
23,CLBP,1242,False,6.0,7.0,3.0,2.0,7.0,2.0
24,CLBP,1242,False,6.0,7.0,4.0,2.0,7.0,3.0
25,CLBP,1242,False,6.0,7.0,3.0,2.0,7.0,2.0
26,CLBP,1242,False,6.0,7.0,4.0,3.0,7.0,2.0
27,CLBP,1242,False,6.0,7.0,2.0,2.0,7.0,1.0
28,CLBP,1242,False,6.0,7.0,3.0,2.0,7.0,1.0
29,CLBP,1242,False,6.0,7.0,2.0,2.0,7.0,1.0
30,CLBP,1242,False,6.0,7.0,4.0,2.0,7.0,3.0
31,CLBP,1242,False,6.0,7.0,3.0,2.0,7.0,1.0
32,CLBP,1242,False,6.0,7.0,4.0,3.0,7.0,2.0
33,CLBP,1242,False,6.0,7.0,2.0,2.0,7.0,1.0
34,CLBP,1242,False,6.0,7.0,4.0,2.0,7.0,3.0
35,CLBP,1242,False,6.0,7.0,4.0,2.0,7.0,1.0
36,CLBP,1242,False,6.0,7.0,3.0,2.0,7.0,1.0
37,CLBP,1242,False,6.0,7.0,3.0,2.0,7.0,1.0
38,CLBP,1242,False,6.0,7.0,2.0,2.0,7.0,1.0
39,CLBP,1242,False,6.0,7.0,3.0,2.0,7.0,2.0
40,CLBP,1242,False,6.0,7.0,3.0,2.0,7.0,2.0
41,CLBP,1242,False,6.0,7.0,3.0,2.0,7.0,2.0
42,CLBP,1242,False,6.0,7.0,4.0,2.0,7.0,3.0
43,CLBP,1242,False,6.0,7.0,2.0,2.0,7.0,1.0
44,CLBP,1242,False,6.0,7.0,2.0,2.0,7.0,1.0
45,CLBP,1242,False,6.0,7.0,2.0,2.0,7.0,1.0
46,CLBP,1242,False,6.0,7.0,3.0,2.0,7.0,2.0
47,CLBP,1242,True,,,,,,
48,CLBP,1242,False,6.0,7.0,2.0,2.0,7.0,1.0
49,CLBP,1242,False,6.0,7.0,4.0,3.0,7.0,2.0
50,CLBP,1242,False,6.0,7.0,3.0,2.0,7.0,2.0
51,CLBP,1242,False,6.0,7.0,4.0,2.0,7.0,3.0
52,CLBP,1242,False,6.0,7.0,3.0,2.0,7.0,2.0
53,CLBP,1242,False,6.0,7.0,4.0,3.0,7.0,2.0
54,CLBP,1242,False,6.0,7.0,3.0,2.0,7.0,2.0
55,CLBP,1242,False,6.0,7.0,3.0,2.0,7.0,1.0
56,CLBP,1242,False,6.0,7.0,4.0,3.0,7.0,2.0
57,CLBP,1242,False,6.0,7.0,3.0,2.0,7.0,2.0
58,CLBP,1242,False,6.0,7.0,3.0,2.0,7.0,2.0
59,CLBP,1242,False,6.0,7.0,2.0,2.0,7.0,1.0
60,CLBP,1242,False,6.0,7.0,4.0,2.0,7.0,3.0
61,CLBP,1242,False,6.0,7.0,4.0,3.0,7.0,2.0
62,CLBP,1242,False,6.0,7.0,3.0,2.0,7.0,1.0
63,CLBP,1242,False,6.0,7.0,3.0,2.0,7.0,2.0
64,CLBP,1242,False,6.0,7.0,3.0,2.0,7.0,2.0
65,CLBP,1242,False,6.0,7.0,4.0,3.0,7.0,2.0
66,CLBP,1242,False,6.0,7.0,4.0,2.0,7.0,3.0
67,CLBP,1242,False,6.0,7.0,3.0,2.0,7.0,2.0
68,CLBP,1242,False,6.0,7.0,3.0,2.0,7.0,2.0
69,CLBP,1242,False,6.0,7.0,3.0,2.0,7.0,2.0
70,CLBP,1242,False,6.0,7.0,4.0,2.0,7.0,3.0
71,CLBP,1242,False,6.0,7.0,4.0,2.0,7.0,3.0
72,CLBP,1242,False,6.0,7.0,2.0,2.0,7.0,1.0
73,CLBP,1242,False,6.0,7.0,3.0,2.0,7.0,2.0
74,CLBP,1242,False,6.0,7.0,2.0,2.0,7.0,1.0
75,CLBP,1242,False,6.0,7.0,4.0,2.0,7.0,3.0
76,CLBP,1242,False,6.0,7.0,4.0,2.0,7.0,3.0
77,CLBP,1242,False,6.0,7.0,3.0,2.0,7.0,2.0
78,CLBP,1242,False,6.0,7.0,2.0,2.0,7.0,1.0
79,CLBP,1242,False,6.0,7.0,4.0,2.0,7.0,3.0
80,CLBP,1242,False,6.0,7.0,4.0,2.0,7.0,3.0
81,CLBP,1242,False,6.0,7.0,3.0,2.0,7.0,2.0
82,CLBP,1242,False,6.0,7.0,3.0,2.0,7.0,1.0
83,CLBP,1242,False,6.0,7.0,2.0,2.0,7.0,1.0
84,CLBP,1242,False,6.0,7.0,2.0,2.0,7.0,1.0
85,CLBP,1242,False,6.0,7.0,4.0,2.0,7.0,3.0
86,CLBP,1242,False,6.0,7.0,2.0,2.0,7.0,1.0
87,CLBP,1242,False,6.0,7.0,2.0,2.0,7.0,1.0
88,CLBP,1242,False,6.0,7.0,4.0,3.0,7.0,2.0
89,CLBP,1242,False,6.0,7.0,3.0,2.0,7.0,1.0
90,CLBP,1242,False,6.0,7.0,3.0,2.0,7.0,2.0
91,CLBP,1242,False,6.0,7.0,4.0,2.0,7.0,3.0
92,CLBP,1242,False,6.0,7.0,2.0,2.0,7.0,1.0
93,CLBP,1242,False,6.0,7.0,3.0,2.0,7.0,1.0
94,CLBP,1242,False,6.0,7.0,3.0,2.0,7.0,1.0
95,CLBP,1242,False,6.0,7.0,4.0,2.0,7.0,3.0
96,CLBP,1242,False,6.0,7.0,3.0,2.0,7.0,2.0
97,CLBP,1242,False,6.0,7.0,2.0,2.0,7.0,1.0
98,CLBP,1242,False,6.0,7.0,2.0,2.0,7.0,1.0
99,CLBP,1242,False,6.0,7.0,2.0,2.0,7.0,1.0
0,CLBP,1243,False,7.0,8.0,3.0,2.0,6.0,1.0
1,CLBP,1243,False,6.0,7.0,4.0,3.0,6.0,2.0
2,CLBP,1243,False,6.0,7.0,4.0,2.0,6.0,3.0
3,CLBP,1243,False,6.0,7.0,4.0,2.0,6.0,3.0
4,CLBP,1243,False,6.0,7.0,4.0,3.0,6.0,2.0
5,CLBP,1243,False,6.0,7.0,4.0,3.0,6.0,2.0
6,CLBP,1243,False,6.0,7.0,4.0,2.0,6.0,3.0
7,CLBP,1243,False,6.0,7.0,3.0,2.0,7.0,2.0
8,CLBP,1243,False,6.0,7.0,4.0,2.0,6.0,3.0
9,CLBP,1243,False,7.0,8.0,3.0,2.0,6.0,1.0
10,CLBP,1243,False,6.0,7.0,3.0,2.0,6.0,2.0
11,CLBP,1243,False,6.0,7.0,4.0,2.0,6.0,3.0
12,CLBP,1243,False,6.0,7.0,4.0,2.0,7.0,3.0
13,CLBP,1243,False,6.0,7.0,4.0,2.0,6.0,3.0
14,CLBP,1243,False,6.0,7.0,4.0,2.0,6.0,3.0
15,CLBP,1243,False,6.0,7.0,3.0,2.0,6.0,1.0
16,CLBP,1243,False,6.0,7.0,4.0,2.0,6.0,3.0
17,CLBP,1243,False,6.0,7.0,4.0,3.0,6.0,2.0
18,CLBP,1243,False,6.0,7.0,4.0,2.0,6.0,3.0
19,CLBP,1243,False,6.0,7.0,4.0,3.0,6.0,2.0
20,CLBP,1243,False,6.0,7.0,4.0,2.0,6.0,3.0
21,CLBP,1243,False,6.0,7.0,4.0,2.0,6.0,3.0
22,CLBP,1243,False,6.0,7.0,3.0,2.0,6.0,2.0
23,CLBP,1243,False,6.0,7.0,4.0,2.0,6.0,3.0
24,CLBP,1243,False,6.0,7.0,4.0,2.0,6.0,3.0
25,CLBP,1243,False,6.0,7.0,3.0,2.0,7.0,2.0
26,CLBP,1243,False,7.0,8.0,4.0,2.0,6.0,3.0
27,CLBP,1243,False,6.0,7.0,4.0,3.0,6.0,2.0
28,CLBP,1243,False,6.0,7.0,4.0,3.0,6.0,2.0
29,CLBP,1243,False,6.0,7.0,3.0,2.0,6.0,2.0
30,CLBP,1243,False,6.0,7.0,3.0,2.0,6.0,2.0
31,CLBP,1243,False,6.0,7.0,3.0,2.0,6.0,1.0
32,CLBP,1243,False,6.0,7.0,4.0,3.0,6.0,2.0
33,CLBP,1243,False,6.0,7.0,3.0,2.0,6.0,2.0
34,CLBP,1243,False,6.0,7.0,4.0,3.0,6.0,2.0
35,CLBP,1243,False,6.0,7.0,3.0,2.0,7.0,2.0
36,CLBP,1243,False,6.0,7.0,3.0,2.0,7.0,1.0
37,CLBP,1243,False,6.0,7.0,4.0,2.0,6.0,3.0
38,CLBP,1243,False,6.0,7.0,4.0,2.0,7.0,3.0
39,CLBP,1243,False,6.0,7.0,3.0,2.0,6.0,2.0
40,CLBP,1243,False,6.0,7.0,4.0,2.0,6.0,3.0
41,CLBP,1243,False,7.0,8.0,3.0,2.0,6.0,1.0
42,CLBP,1243,False,6.0,7.0,3.0,2.0,7.0,2.0
43,CLBP,1243,False,6.0,7.0,4.0,2.0,6.0,3.0
44,CLBP,1243,False,6.0,7.0,4.0,2.0,7.0,3.0
45,CLBP,1243,False,6.0,7.0,4.0,3.0,6.0,2.0
46,CLBP,1243,False,6.0,7.0,4.0,2.0,6.0,3.0
47,CLBP,1243,True,,,,,,
48,CLBP,1243,False,6.0,7.0,4.0,3.0,6.0,2.0
49,CLBP,1243,False,6.0,7.0,3.0,2.0,6.0,2.0
50,CLBP,1243,False,6.0,7.0,4.0,3.0,6.0,2.0
51,CLBP,1243,False,6.0,7.0,4.0,2.0,6.0,3.0
52,CLBP,1243,False,6.0,7.0,4.0,2.0,6.0,3.0
53,CLBP,1243,False,6.0,7.0,3.0,2.0,7.0,2.0
54,CLBP,1243,False,6.0,7.0,4.0,2.0,6.0,3.0
55,CLBP,1243,False,6.0,7.0,4.0,2.0,6.0,3.0
56,CLBP,1243,False,6.0,7.0,4.0,2.0,6.0,3.0
57,CLBP,1243,False,6.0,7.0,4.0,2.0,6.0,3.0
58,CLBP,1243,False,6.0,7.0,3.0,2.0,7.0,2.0
59,CLBP,1243,False,7.0,8.0,3.0,2.0,6.0,2.0
60,CLBP,1243,False,7.0,6.0,4.0,3.0,6.0,2.0
61,CLBP,1243,False,6.0,7.0,3.0,2.0,7.0,1.0
62,CLBP,1243,False,6.0,7.0,3.0,2.0,7.0,2.0
63,CLBP,1243,False,6.0,7.0,3.0,2.0,7.0,1.0
64,CLBP,1243,False,6.0,7.0,4.0,2.0,6.0,3.0
65,CLBP,1243,False,7.0,8.0,4.0,2.0,6.0,3.0
66,CLBP,1243,False,7.0,8.0,3.0,2.0,6.0,1.0
67,CLBP,1243,False,7.0,8.0,4.0,2.0,6.0,3.0
68,CLBP,1243,False,7.0,8.0,4.0,3.0,6.0,2.0
69,CLBP,1243,False,6.0,7.0,4.0,2.0,6.0,3.0
70,CLBP,1243,False,6.0,7.0,4.0,3.0,6.0,2.0
71,CLBP,1243,False,6.0,7.0,4.0,3.0,6.0,2.0
72,CLBP,1243,False,7.0,6.0,4.0,3.0,6.0,2.0
73,CLBP,1243,False,6.0,7.0,4.0,3.0,7.0,2.0
74,CLBP,1243,False,7.0,8.0,4.0,2.0,6.0,3.0
75,CLBP,1243,False,6.0,7.0,4.0,2.0,6.0,3.0
76,CLBP,1243,False,6.0,7.0,4.0,2.0,6.0,3.0
77,CLBP,1243,False,7.0,8.0,3.0,2.0,6.0,4.0
78,CLBP,1243,False,6.0,7.0,4.0,3.0,6.0,2.0
79,CLBP,1243,False,6.0,7.0,4.0,2.0,7.0,3.0
80,CLBP,1243,False,6.0,7.0,4.0,3.0,7.0,2.0
81,CLBP,1243,False,7.0,8.0,4.0,2.0,6.0,3.0
82,CLBP,1243,False,6.0,7.0,4.0,2.0,6.0,3.0
83,CLBP,1243,False,6.0,7.0,4.0,2.0,6.0,3.0
84,CLBP,1243,False,6.0,7.0,4.0,2.0,6.0,3.0
85,CLBP,1243,False,7.0,8.0,4.0,2.0,6.0,3.0
86,CLBP,1243,False,6.0,7.0,4.0,2.0,6.0,3.0
87,CLBP,1243,False,6.0,7.0,3.0,2.0,6.0,2.0
88,CLBP,1243,False,6.0,7.0,3.0,2.0,6.0,2.0
89,CLBP,1243,False,6.0,7.0,4.0,2.0,6.0,3.0
90,CLBP,1243,False,6.0,7.0,4.0,2.0,6.0,3.0
91,CLBP,1243,False,6.0,7.0,4.0,2.0,6.0,3.0
92,CLBP,1243,False,6.0,7.0,3.0,2.0,7.0,1.0
93,CLBP,1243,False,6.0,7.0,4.0,2.0,6.0,3.0
94,CLBP,1243,False,6.0,7.0,3.0,2.0,6.0,1.0
95,CLBP,1243,False,6.0,7.0,4.0,3.0,6.0,2.0
96,CLBP,1243,False,6.0,7.0,3.0,2.0,7.0,1.0
97,CLBP,1243,False,6.0,7.0,4.0,2.0,7.0,3.0
98,CLBP,1243,False,6.0,7.0,4.0,3.0,7.0,2.0
99,CLBP,1243,False,6.0,7.0,4.0,3.0,6.0,2.0
0,CLBP,1244,False,7.0,8.0,4.0,3.0,6.0,2.0
1,CLBP,1244,False,8.0,9.0,5.0,4.0,6.0,3.0
2,CLBP,1244,False,7.0,8.0,4.0,3.0,6.0,2.0
3,CLBP,1244,False,7.0,8.0,4.0,3.0,6.0,2.0
4,CLBP,1244,False,8.0,9.0,4.0,3.0,6.0,2.0
5,CLBP,1244,False,8.0,9.0,6.0,4.0,6.0,3.0
6,CLBP,1244,False,8.0,9.0,4.0,3.0,6.0,2.0
7,CLBP,1244,False,8.0,9.0,4.0,3.0,6.0,2.0
8,CLBP,1244,False,7.0,8.0,4.0,3.0,6.0,2.0
9,CLBP,1244,False,8.0,9.0,6.0,4.0,6.0,5.0
10,CLBP,1244,False,8.0,9.0,6.0,4.0,6.0,3.0
11,CLBP,1244,False,7.0,8.0,4.0,3.0,6.0,2.0
12,CLBP,1244,False,7.0,8.0,4.0,3.0,6.0,2.0
13,CLBP,1244,False,8.0,9.0,6.0,4.0,6.0,3.0
14,CLBP,1244,False,7.0,8.0,4.0,3.0,6.0,2.0
15,CLBP,1244,False,7.0,8.0,4.0,3.0,6.0,2.0
16,CLBP,1244,False,7.0,8.0,4.0,3.0,6.0,2.0
17,CLBP,1244,False,7.0,8.0,4.0,3.0,6.0,2.0
18,CLBP,1244,False,7.0,8.0,4.0,3.0,6.0,2.0
19,CLBP,1244,False,7.0,8.0,4.0,3.0,6.0,2.0
20,CLBP,1244,False,7.0,8.0,4.0,3.0,6.0,2.0
21,CLBP,1244,False,8.0,9.0,4.0,3.0,6.0,2.0
22,CLBP,1244,False,7.0,8.0,4.0,3.0,6.0,2.0
23,CLBP,1244,False,7.0,8.0,4.0,3.0,6.0,2.0
24,CLBP,1244,False,7.0,8.0,4.0,3.0,6.0,2.0
25,CLBP,1244,False,7.0,8.0,4.0,3.0,6.0,2.0
26,CLBP,1244,False,7.0,8.0,4.0,3.0,6.0,2.0
27,CLBP,1244,False,7.0,8.0,4.0,3.0,6.0,2.0
28,CLBP,1244,False,7.0,8.0,4.0,3.0,6.0,2.0
29,CLBP,1244,False,8.0,9.0,4.0,3.0,6.0,2.0
30,CLBP,1244,False,8.0,9.0,5.0,4.0,6.0,3.0
31,CLBP,1244,False,7.0,8.0,4.0,3.0,6.0,2.0
32,CLBP,1244,False,7.0,8.0,4.0,3.0,6.0,2.0
33,CLBP,1244,False,7.0,8.0,4.0,3.0,6.0,2.0
34,CLBP,1244,False,7.0,8.0,4.0,3.0,6.0,2.0
35,CLBP,1244,False,8.0,9.0,4.0,3.0,6.0,2.0
36,CLBP,1244,False,8.0,9.0,4.0,3.0,6.0,2.0
37,CLBP,1244,False,7.0,8.0,4.0,3.0,6.0,2.0
38,CLBP,1244,False,8.0,9.0,4.0,3.0,6.0,2.0
39,CLBP,1244,False,7.0,8.0,4.0,3.0,6.0,2.0
40,CLBP,1244,False,8.0,9.0,4.0,3.0,6.0,2.0
41,CLBP,1244,False,8.0,9.0,4.0,3.0,6.0,2.0
42,CLBP,1244,False,7.0,8.0,4.0,3.0,6.0,2.0
43,CLBP,1244,False,7.0,8.0,4.0,3.0,6.0,2.0
44,CLBP,1244,False,7.0,8.0,4.0,3.0,6.0,2.0
45,CLBP,1244,False,7.0,8.0,5.0,4.0,6.0,3.0
46,CLBP,1244,False,7.0,8.0,4.0,3.0,6.0,2.0
47,CLBP,1244,True,,,,,,
48,CLBP,1244,False,7.0,8.0,4.0,3.0,6.0,2.0
49,CLBP,1244,False,8.0,8.0,4.0,3.0,6.0,2.0
50,CLBP,1244,False,7.0,8.0,4.0,3.0,6.0,2.0
51,CLBP,1244,False,7.0,8.0,4.0,3.0,6.0,2.0
52,CLBP,1244,False,7.0,8.0,4.0,3.0,6.0,2.0
53,CLBP,1244,False,7.0,8.0,4.0,3.0,6.0,2.0
54,CLBP,1244,False,7.0,8.0,4.0,3.0,6.0,2.0
55,CLBP,1244,False,8.0,9.0,5.0,3.0,6.0,2.0
56,CLBP,1244,False,7.0,8.0,4.0,3.0,6.0,2.0
57,CLBP,1244,False,8.0,9.0,4.0,3.0,6.0,2.0
58,CLBP,1244,False,8.0,8.0,4.0,3.0,6.0,2.0
59,CLBP,1244,False,7.0,8.0,5.0,4.0,6.0,3.0
60,CLBP,1244,False,7.0,8.0,4.0,3.0,6.0,2.0
61,CLBP,1244,False,7.0,8.0,4.0,3.0,6.0,2.0
62,CLBP,1244,False,7.0,8.0,4.0,3.0,6.0,2.0
63,CLBP,1244,False,7.0,8.0,4.0,3.0,6.0,2.0
64,CLBP,1244,False,7.0,8.0,4.0,3.0,6.0,2.0
65,CLBP,1244,False,7.0,8.0,4.0,3.0,6.0,2.0
66,CLBP,1244,False,7.0,8.0,4.0,3.0,6.0,2.0
67,CLBP,1244,False,7.0,8.0,4.0,3.0,6.0,2.0
68,CLBP,1244,False,7.0,8.0,4.0,3.0,6.0,2.0
69,CLBP,1244,False,7.0,8.0,4.0,3.0,6.0,2.0
70,CLBP,1244,False,8.0,9.0,4.0,3.0,6.0,2.0
71,CLBP,1244,False,7.0,8.0,4.0,3.0,6.0,2.0
72,CLBP,1244,False,7.0,8.0,4.0,3.0,6.0,2.0
73,CLBP,1244,False,8.0,9.0,4.0,3.0,6.0,2.0
74,CLBP,1244,False,7.0,8.0,4.0,3.0,6.0,2.0
75,CLBP,1244,False,7.0,8.0,4.0,3.0,6.0,2.0
76,CLBP,1244,False,7.0,8.0,4.0,3.0,6.0,2.0
77,CLBP,1244,False,7.0,8.0,4.0,3.0,6.0,2.0
78,CLBP,1244,False,7.0,8.0,4.0,3.0,6.0,2.0
79,CLBP,1244,False,7.0,8.0,4.0,3.0,6.0,2.0
80,CLBP,1244,False,7.0,8.0,4.0,3.0,6.0,2.0
81,CLBP,1244,False,7.0,8.0,4.0,3.0,6.0,2.0
82,CLBP,1244,False,8.0,9.0,6.0,4.0,6.0,3.0
83,CLBP,1244,False,7.0,8.0,4.0,3.0,6.0,2.0
84,CLBP,1244,False,7.0,8.0,4.0,3.0,6.0,2.0
85,CLBP,1244,False,8.0,9.0,6.0,4.0,6.0,3.0
86,CLBP,1244,False,8.0,9.0,4.0,3.0,6.0,2.0
87,CLBP,1244,False,7.0,8.0,4.0,3.0,6.0,2.0
88,CLBP,1244,False,8.0,9.0,4.0,3.0,6.0,2.0
89,CLBP,1244,False,7.0,8.0,4.0,3.0,6.0,2.0
90,CLBP,1244,False,8.0,9.0,4.0,3.0,6.0,2.0
91,CLBP,1244,False,7.0,8.0,4.0,3.0,6.0,2.0
92,CLBP,1244,False,8.0,9.0,4.0,3.0,6.0,2.0
93,CLBP,1244,False,7.0,8.0,4.0,3.0,6.0,2.0
94,CLBP,1244,False,7.0,8.0,4.0,3.0,6.0,2.0
95,CLBP,1244,False,7.0,8.0,4.0,3.0,6.0,2.0
96,CLBP,1244,False,7.0,8.0,4.0,3.0,6.0,2.0
97,CLBP,1244,False,7.0,8.0,4.0,3.0,6.0,2.0
98,CLBP,1244,False,7.0,8.0,4.0,3.0,6.0,2.0
99,CLBP,1244,False,7.0,8.0,4.0,3.0,6.0,2.0
0,CLBP,1245,False,6.0,7.0,4.0,2.0,6.0,3.0
1,CLBP,1245,False,7.0,8.0,4.0,3.0,6.0,2.0
2,CLBP,1245,False,6.0,7.0,3.0,2.0,6.0,4.0
3,CLBP,1245,False,6.0,8.0,4.0,2.0,7.0,3.0
4,CLBP,1245,False,7.0,8.0,3.0,2.0,6.0,4.0
5,CLBP,1245,False,7.0,8.0,3.0,2.0,6.0,4.0
6,CLBP,1245,False,6.0,7.0,4.0,3.0,6.0,2.0
7,CLBP,1245,False,7.0,8.0,4.0,2.0,6.0,3.0
8,CLBP,1245,False,7.0,8.0,4.0,2.0,6.0,3.0
9,CLBP,1245,False,7.0,8.0,3.0,2.0,6.0,4.0
10,CLBP,1245,False,7.0,8.0,4.0,3.0,6.0,2.0
11,CLBP,1245,False,7.0,8.0,4.0,3.0,6.0,2.0
12,CLBP,1245,False,7.0,8.0,3.0,2.0,6.0,4.0
13,CLBP,1245,False,7.0,8.0,3.0,2.0,6.0,4.0
14,CLBP,1245,False,7.0,8.0,4.0,2.0,6.0,3.0
15,CLBP,1245,False,6.0,7.0,4.0,2.0,6.0,3.0
16,CLBP,1245,False,6.0,7.0,4.0,3.0,7.0,2.0
17,CLBP,1245,False,7.0,8.0,4.0,3.0,6.0,2.0
18,CLBP,1245,False,6.0,7.0,4.0,3.0,6.0,2.0
19,CLBP,1245,False,6.0,7.0,4.0,3.0,6.0,2.0
20,CLBP,1245,False,6.0,7.0,4.0,2.0,6.0,3.0
21,CLBP,1245,False,6.0,7.0,4.0,2.0,6.0,3.0
22,CLBP,1245,False,6.0,7.0,4.0,3.0,6.0,2.0
23,CLBP,1245,False,6.0,8.0,2.0,2.0,6.0,1.0
24,CLBP,1245,False,7.0,8.0,4.0,2.0,6.0,3.0
25,CLBP,1245,False,6.0,7.0,4.0,3.0,6.0,2.0
26,CLBP,1245,False,6.0,7.0,4.0,3.0,6.0,2.0
27,CLBP,1245,False,6.0,7.0,4.0,3.0,6.0,2.0
28,CLBP,1245,False,7.0,8.0,4.0,3.0,6.0,2.0
29,CLBP,1245,False,6.0,7.0,4.0,2.0,6.0,3.0
30,CLBP,1245,False,6.0,7.0,4.0,2.0,6.0,3.0
31,CLBP,1245,False,6.0,7.0,4.0,3.0,6.0,2.0
32,CLBP,1245,False,6.0,7.0,4.0,3.0,6.0,4.0
33,CLBP,1245,False,7.0,8.0,4.0,3.0,6.0,2.0
34,CLBP,1245,False,7.0,8.0,4.0,3.0,6.0,2.0
35,CLBP,1245,False,7.0,8.0,4.0,3.0,6.0,2.0
36,CLBP,1245,False,6.0,7.0,4.0,3.0,6.0,2.0
37,CLBP,1245,False,6.0,7.0,3.0,2.0,7.0,1.0
38,CLBP,1245,False,6.0,7.0,4.0,2.0,6.0,3.0
39,CLBP,1245,False,7.0,8.0,4.0,2.0,6.0,3.0
40,CLBP,1245,False,6.0,7.0,3.0,2.0,7.0,4.0
41,CLBP,1245,False,6.0,7.0,4.0,3.0,7.0,2.0
42,CLBP,1245,False,7.0,8.0,4.0,2.0,6.0,3.0
43,CLBP,1245,False,7.0,8.0,4.0,2.0,6.0,3.0
44,CLBP,1245,False,6.0,8.0,4.0,2.0,6.0,3.0
45,CLBP,1245,False,6.0,7.0,4.0,3.0,6.0,2.0
46,CLBP,1245,False,7.0,8.0,4.0,2.0,6.0,3.0
47,CLBP,1245,True,,,,,,
48,CLBP,1245,False,6.0,7.0,4.0,2.0,6.0,3.0
49,CLBP,1245,False,6.0,7.0,4.0,2.0,6.0,3.0
50,CLBP,1245,False,7.0,8.0,4.0,2.0,6.0,3.0
51,CLBP,1245,False,7.0,8.0,3.0,2.0,6.0,4.0
52,CLBP,1245,False,6.0,7.0,4.0,3.0,6.0,2.0
53,CLBP,1245,False,6.0,7.0,4.0,2.0,6.0,3.0
54,CLBP,1245,False,6.0,8.0,4.0,2.0,6.0,3.0
55,CLBP,1245,False,6.0,7.0,4.0,3.0,6.0,2.0
56,CLBP,1245,False,6.0,7.0,4.0,2.0,6.0,3.0
57,CLBP,1245,False,6.0,7.0,3.0,2.0,6.0,4.0
58,CLBP,1245,False,6.0,7.0,3.0,2.0,6.0,4.0
59,CLBP,1245,False,7.0,8.0,3.0,2.0,6.0,4.0
60,CLBP,1245,False,6.0,7.0,4.0,2.0,7.0,3.0
61,CLBP,1245,False,7.0,8.0,4.0,3.0,6.0,2.0
62,CLBP,1245,False,6.0,7.0,3.0,2.0,6.0,4.0
63,CLBP,1245,False,6.0,7.0,4.0,3.0,6.0,2.0
64,CLBP,1245,False,6.0,7.0,4.0,3.0,6.0,2.0
65,CLBP,1245,False,6.0,7.0,3.0,2.0,6.0,4.0
66,CLBP,1245,False,6.0,7.0,4.0,3.0,6.0,2.0
67,CLBP,1245,False,7.0,8.0,4.0,2.0,6.0,3.0
68,CLBP,1245,False,6.0,7.0,4.0,2.0,6.0,3.0
69,CLBP,1245,False,6.0,7.0,4.0,3.0,6.0,2.0
70,CLBP,1245,False,6.0,7.0,4.0,2.0,6.0,3.0
71,CLBP,1245,False,7.0,8.0,4.0,3.0,6.0,2.0
72,CLBP,1245,False,7.0,8.0,4.0,2.0,6.0,3.0
73,CLBP,1245,False,6.0,7.0,4.0,2.0,6.0,3.0
74,CLBP,1245,False,6.0,7.0,4.0,3.0,6.0,2.0
75,CLBP,1245,False,6.0,7.0,4.0,2.0,6.0,3.0
76,CLBP,1245,False,7.0,8.0,4.0,2.0,6.0,3.0
77,CLBP,1245,False,6.0,7.0,4.0,3.0,6.0,2.0
78,CLBP,1245,False,7.0,8.0,4.0,3.0,6.0,2.0
79,CLBP,1245,False,7.0,8.0,3.0,2.0,6.0,4.0
80,CLBP,1245,False,6.0,7.0,4.0,3.0,6.0,4.0
81,CLBP,1245,False,6.0,7.0,4.0,3.0,6.0,2.0
82,CLBP,1245,False,6.0,7.0,3.0,2.0,6.0,4.0
83,CLBP,1245,False,7.0,8.0,4.0,2.0,6.0,3.0
84,CLBP,1245,False,7.0,8.0,4.0,2.0,6.0,3.0
85,CLBP,1245,False,7.0,8.0,4.0,2.0,6.0,3.0
86,CLBP,1245,False,6.0,7.0,4.0,3.0,6.0,2.0
87,CLBP,1245,False,7.0,8.0,4.0,3.0,6.0,2.0
88,CLBP,1245,False,7.0,8.0,4.0,2.0,6.0,3.0
89,CLBP,1245,False,7.0,8.0,4.0,3.0,6.0,2.0
90,CLBP,1245,False,6.0,7.0,3.0,2.0,6.0,4.0
91,CLBP,1245,False,6.0,7.0,4.0,3.0,6.0,4.0
92,CLBP,1245,False,6.0,7.0,4.0,3.0,6.0,4.0
93,CLBP,1245,False,7.0,8.0,3.0,2.0,6.0,4.0
94,CLBP,1245,False,6.0,7.0,4.0,2.0,6.0,3.0
95,CLBP,1245,False,7.0,8.0,3.0,2.0,6.0,4.0
96,CLBP,1245,False,6.0,7.0,4.0,2.0,6.0,3.0
97,CLBP,1245,False,7.0,8.0,4.0,2.0,6.0,3.0
98,CLBP,1245,False,6.0,7.0,4.0,3.0,6.0,2.0
99,CLBP,1245,False,6.0,7.0,4.0,3.0,6.0,2.0
0,CLBP,1246,False,6.0,7.0,4.0,3.0,7.0,4.0
1,CLBP,1246,False,6.0,7.0,4.0,3.0,7.0,4.0
2,CLBP,1246,False,6.0,7.0,4.0,3.0,7.0,4.0
3,CLBP,1246,False,6.0,7.0,3.0,2.0,7.0,4.0
4,CLBP,1246,False,6.0,7.0,3.0,2.0,8.0,4.0
5,CLBP,1246,False,6.0,7.0,4.0,3.0,7.0,2.0
6,CLBP,1246,False,6.0,5.0,7.0,3.0,7.0,4.0
7,CLBP,1246,False,6.0,7.0,4.0,2.0,7.0,3.0
8,CLBP,1246,False,6.0,7.0,4.0,2.0,7.0,3.0
9,CLBP,1246,False,6.0,7.0,4.0,3.0,7.0,4.0
10,CLBP,1246,False,6.0,7.0,4.0,2.0,7.0,3.0
11,CLBP,1246,False,6.0,7.0,3.0,2.0,8.0,4.0
12,CLBP,1246,False,6.0,5.0,7.0,3.0,7.0,4.0
13,CLBP,1246,False,6.0,7.0,4.0,2.0,7.0,3.0
14,CLBP,1246,False,6.0,7.0,4.0,3.0,7.0,2.0
15,CLBP,1246,False,6.0,7.0,4.0,3.0,7.0,4.0
16,CLBP,1246,False,6.0,5.0,7.0,3.0,7.0,4.0
17,CLBP,1246,False,6.0,5.0,4.0,3.0,7.0,4.0
18,CLBP,1246,False,6.0,7.0,4.0,2.0,8.0,3.0
19,CLBP,1246,False,6.0,7.0,4.0,3.0,7.0,2.0
20,CLBP,1246,False,6.0,7.0,4.0,3.0,7.0,2.0
21,CLBP,1246,False,6.0,5.0,7.0,2.0,7.0,3.0
22,CLBP,1246,False,6.0,5.0,4.0,3.0,7.0,4.0
23,CLBP,1246,False,6.0,5.0,4.0,2.0,7.0,3.0
24,CLBP,1246,False,6.0,7.0,4.0,3.0,7.0,4.0
25,CLBP,1246,False,6.0,7.0,4.0,3.0,7.0,2.0
26,CLBP,1246,False,6.0,7.0,4.0,3.0,7.0,4.0
27,CLBP,1246,False,6.0,7.0,4.0,3.0,7.0,4.0
28,CLBP,1246,False,6.0,5.0,4.0,3.0,7.0,4.0
29,CLBP,1246,False,6.0,5.0,4.0,3.0,7.0,4.0
30,CLBP,1246,False,6.0,5.0,7.0,3.0,7.0,4.0
31,CLBP,1246,False,6.0,7.0,4.0,2.0,7.0,3.0
32,CLBP,1246,False,6.0,7.0,4.0,2.0,7.0,3.0
33,CLBP,1246,False,6.0,5.0,7.0,3.0,7.0,4.0
34,CLBP,1246,False,6.0,7.0,4.0,3.0,7.0,4.0
35,CLBP,1246,False,6.0,5.0,1.0,2.0,8.0,1.0
36,CLBP,1246,False,6.0,7.0,4.0,3.0,7.0,2.0
37,CLBP,1246,False,6.0,7.0,4.0,3.0,7.0,4.0
38,CLBP,1246,False,6.0,5.0,4.0,3.0,7.0,4.0
39,CLBP,1246,False,6.0,5.0,7.0,2.0,8.0,3.0
40,CLBP,1246,False,6.0,5.0,7.0,3.0,7.0,4.0
41,CLBP,1246,False,6.0,7.0,3.0,2.0,7.0,4.0
42,CLBP,1246,False,6.0,5.0,7.0,2.0,7.0,3.0
43,CLBP,1246,False,6.0,5.0,1.0,2.0,7.0,3.0
44,CLBP,1246,False,6.0,5.0,7.0,3.0,7.0,4.0
45,CLBP,1246,False,6.0,7.0,4.0,2.0,7.0,3.0
46,CLBP,1246,False,6.0,7.0,3.0,2.0,7.0,4.0
47,CLBP,1246,True,,,,,,
48,CLBP,1246,False,6.0,7.0,4.0,2.0,7.0,3.0
49,CLBP,1246,False,6.0,5.0,1.0,2.0,7.0,3.0
50,CLBP,1246,False,6.0,7.0,4.0,2.0,8.0,3.0
51,CLBP,1246,False,6.0,7.0,4.0,3.0,7.0,4.0
52,CLBP,1246,False,6.0,7.0,4.0,3.0,7.0,4.0
53,CLBP,1246,False,6.0,7.0,4.0,3.0,7.0,2.0
54,CLBP,1246,False,6.0,7.0,4.0,3.0,7.0,2.0
55,CLBP,1246,False,6.0,7.0,4.0,2.0,7.0,3.0
56,CLBP,1246,False,6.0,7.0,4.0,3.0,7.0,4.0
57,CLBP,1246,False,6.0,7.0,4.0,3.0,7.0,2.0
58,CLBP,1246,False,6.0,5.0,7.0,2.0,7.0,3.0
59,CLBP,1246,False,6.0,7.0,4.0,3.0,7.0,2.0
60,CLBP,1246,False,6.0,7.0,4.0,2.0,8.0,3.0
61,CLBP,1246,False,6.0,7.0,4.0,3.0,7.0,2.0
62,CLBP,1246,False,6.0,5.0,7.0,2.0,8.0,4.0
63,CLBP,1246,False,6.0,7.0,4.0,3.0,7.0,4.0
64,CLBP,1246,False,6.0,7.0,4.0,2.0,7.0,3.0
65,CLBP,1246,False,6.0,5.0,2.0,2.0,7.0,3.0
66,CLBP,1246,False,6.0,7.0,3.0,2.0,8.0,4.0
67,CLBP,1246,False,6.0,6.0,4.0,3.0,7.0,4.0
68,CLBP,1246,False,6.0,5.0,7.0,2.0,8.0,3.0
69,CLBP,1246,False,6.0,7.0,4.0,2.0,7.0,3.0
70,CLBP,1246,False,6.0,5.0,4.0,2.0,7.0,3.0
71,CLBP,1246,False,6.0,7.0,4.0,3.0,7.0,2.0
72,CLBP,1246,False,6.0,7.0,4.0,2.0,7.0,3.0
73,CLBP,1246,False,6.0,7.0,4.0,2.0,7.0,3.0
74,CLBP,1246,False,6.0,7.0,4.0,2.0,7.0,3.0
75,CLBP,1246,False,6.0,6.0,2.0,2.0,7.0,3.0
76,CLBP,1246,False,6.0,7.0,4.0,3.0,7.0,4.0
77,CLBP,1246,False,6.0,7.0,4.0,2.0,7.0,3.0
78,CLBP,1246,False,6.0,7.0,4.0,2.0,8.0,3.0
79,CLBP,1246,False,6.0,7.0,4.0,3.0,7.0,4.0
80,CLBP,1246,False,6.0,5.0,7.0,2.0,7.0,3.0
81,CLBP,1246,False,6.0,5.0,7.0,2.0,7.0,3.0
82,CLBP,1246,False,6.0,7.0,4.0,3.0,7.0,2.0
83,CLBP,1246,False,6.0,7.0,4.0,2.0,7.0,3.0
84,CLBP,1246,False,6.0,7.0,4.0,3.0,7.0,2.0
85,CLBP,1246,False,6.0,7.0,4.0,2.0,7.0,3.0
86,CLBP,1246,False,6.0,7.0,4.0,2.0,8.0,3.0
87,CLBP,1246,False,6.0,7.0,4.0,3.0,7.0,4.0
88,CLBP,1246,False,6.0,7.0,4.0,3.0,7.0,4.0
89,CLBP,1246,False,6.0,5.0,7.0,2.0,7.0,3.0
90,CLBP,1246,False,6.0,6.0,2.0,2.0,7.0,3.0
91,CLBP,1246,False,6.0,5.0,7.0,2.0,7.0,3.0
92,CLBP,1246,False,6.0,5.0,1.0,2.0,7.0,3.0
93,CLBP,1246,False,6.0,5.0,7.0,3.0,7.0,4.0
94,CLBP,1246,False,6.0,7.0,4.0,2.0,7.0,3.0
95,CLBP,1246,False,6.0,7.0,3.0,2.0,7.0,4.0
96,CLBP,1246,False,6.0,6.0,4.0,2.0,7.0,3.0
97,CLBP,1246,False,6.0,5.0,4.0,2.0,7.0,3.0
98,CLBP,1246,False,6.0,7.0,4.0,2.0,8.0,3.0
99,CLBP,1246,False,6.0,5.0,7.0,3.0,7.0,4.0
0,CLBP,1247,False,6.0,7.0,4.0,3.0,6.0,2.0
1,CLBP,1247,False,6.0,7.0,4.0,3.0,6.0,2.0
2,CLBP,1247,False,6.0,7.0,4.0,2.0,6.0,3.0
3,CLBP,1247,False,6.0,7.0,4.0,2.0,7.0,3.0
4,CLBP,1247,False,7.0,8.0,4.0,3.0,6.0,2.0
5,CLBP,1247,False,7.0,8.0,4.0,3.0,6.0,2.0
6,CLBP,1247,False,6.0,7.0,4.0,3.0,7.0,2.0
7,CLBP,1247,False,6.0,7.0,4.0,2.0,7.0,3.0
8,CLBP,1247,False,6.0,7.0,4.0,3.0,6.0,2.0
9,CLBP,1247,False,6.0,7.0,4.0,3.0,6.0,2.0
10,CLBP,1247,False,7.0,8.0,2.0,3.0,6.0,2.0
11,CLBP,1247,False,7.0,8.0,2.0,3.0,6.0,2.0
12,CLBP,1247,False,7.0,8.0,4.0,3.0,6.0,2.0
13,CLBP,1247,False,6.0,7.0,3.0,2.0,6.0,2.0
14,CLBP,1247,False,7.0,6.0,1.0,2.0,6.0,1.0
15,CLBP,1247,False,6.0,7.0,4.0,3.0,6.0,2.0
16,CLBP,1247,False,6.0,7.0,3.0,2.0,6.0,1.0
17,CLBP,1247,False,6.0,7.0,3.0,2.0,7.0,2.0
18,CLBP,1247,False,7.0,8.0,3.0,2.0,6.0,1.0
19,CLBP,1247,False,6.0,7.0,4.0,2.0,6.0,3.0
20,CLBP,1247,False,6.0,7.0,4.0,3.0,7.0,2.0
21,CLBP,1247,False,7.0,8.0,4.0,3.0,6.0,2.0
22,CLBP,1247,False,6.0,7.0,4.0,3.0,6.0,2.0
23,CLBP,1247,False,6.0,7.0,4.0,3.0,6.0,2.0
24,CLBP,1247,False,6.0,7.0,4.0,2.0,6.0,3.0
25,CLBP,1247,False,6.0,7.0,3.0,2.0,7.0,2.0
26,CLBP,1247,False,6.0,7.0,3.0,2.0,6.0,2.0
27,CLBP,1247,False,6.0,7.0,3.0,2.0,7.0,2.0
28,CLBP,1247,False,7.0,8.0,3.0,2.0,6.0,1.0
29,CLBP,1247,False,6.0,7.0,4.0,3.0,7.0,2.0
30,CLBP,1247,False,6.0,7.0,4.0,3.0,7.0,2.0
31,CLBP,1247,False,6.0,7.0,4.0,2.0,7.0,3.0
32,CLBP,1247,False,6.0,7.0,4.0,3.0,6.0,2.0
33,CLBP,1247,False,7.0,8.0,3.0,2.0,6.0,1.0
34,CLBP,1247,False,6.0,7.0,3.0,2.0,6.0,1.0
35,CLBP,1247,False,7.0,8.0,4.0,2.0,6.0,3.0
36,CLBP,1247,False,6.0,7.0,4.0,3.0,7.0,2.0
37,CLBP,1247,False,6.0,7.0,2.0,2.0,7.0,1.0
38,CLBP,1247,False,7.0,6.0,1.0,2.0,6.0,1.0
39,CLBP,1247,False,6.0,7.0,4.0,3.0,6.0,2.0
40,CLBP,1247,False,7.0,8.0,4.0,3.0,6.0,2.0
41,CLBP,1247,False,6.0,7.0,3.0,2.0,6.0,2.0
42,CLBP,1247,False,6.0,7.0,3.0,2.0,6.0,2.0
43,CLBP,1247,False,7.0,8.0,4.0,3.0,6.0,2.0
44,CLBP,1247,False,7.0,8.0,2.0,2.0,6.0,3.0
45,CLBP,1247,False,7.0,6.0,3.0,2.0,6.0,1.0
46,CLBP,1247,False,6.0,7.0,3.0,2.0,7.0,1.0
47,CLBP,1247,True,,,,,,
48,CLBP,1247,False,7.0,8.0,3.0,2.0,6.0,1.0
49,CLBP,1247,False,6.0,7.0,3.0,2.0,6.0,2.0
50,CLBP,1247,False,7.0,8.0,3.0,2.0,6.0,1.0
51,CLBP,1247,False,6.0,7.0,4.0,2.0,7.0,3.0
52,CLBP,1247,False,7.0,8.0,4.0,3.0,6.0,2.0
53,CLBP,1247,False,6.0,7.0,3.0,2.0,6.0,2.0
54,CLBP,1247,False,7.0,8.0,3.0,2.0,6.0,2.0
55,CLBP,1247,False,7.0,8.0,2.0,3.0,6.0,2.0
56,CLBP,1247,False,6.0,7.0,3.0,2.0,6.0,1.0
57,CLBP,1247,False,6.0,7.0,3.0,2.0,6.0,2.0
58,CLBP,1247,False,6.0,7.0,2.0,2.0,7.0,1.0
59,CLBP,1247,False,6.0,7.0,4.0,3.0,6.0,2.0
60,CLBP,1247,False,6.0,7.0,4.0,2.0,6.0,3.0
61,CLBP,1247,False,7.0,8.0,4.0,3.0,6.0,2.0
62,CLBP,1247,False,7.0,8.0,4.0,3.0,6.0,2.0
63,CLBP,1247,False,6.0,7.0,3.0,2.0,7.0,2.0
64,CLBP,1247,False,7.0,8.0,3.0,2.0,6.0,1.0
65,CLBP,1247,False,7.0,6.0,2.0,2.0,6.0,1.0
66,CLBP,1247,False,6.0,7.0,4.0,3.0,6.0,2.0
67,CLBP,1247,False,6.0,7.0,4.0,3.0,7.0,2.0
68,CLBP,1247,False,7.0,8.0,4.0,3.0,6.0,2.0
69,CLBP,1247,False,6.0,7.0,4.0,3.0,7.0,2.0
70,CLBP,1247,False,6.0,7.0,4.0,3.0,7.0,2.0
71,CLBP,1247,False,6.0,7.0,3.0,2.0,6.0,1.0
72,CLBP,1247,False,7.0,8.0,4.0,3.0,6.0,2.0
73,CLBP,1247,False,6.0,7.0,2.0,2.0,7.0,1.0
74,CLBP,1247,False,6.0,7.0,4.0,3.0,6.0,2.0
75,CLBP,1247,False,7.0,8.0,4.0,3.0,6.0,2.0
76,CLBP,1247,False,6.0,7.0,4.0,3.0,7.0,2.0
77,CLBP,1247,False,7.0,8.0,3.0,2.0,6.0,1.0
78,CLBP,1247,False,6.0,7.0,4.0,2.0,7.0,3.0
79,CLBP,1247,False,6.0,7.0,4.0,3.0,7.0,2.0
80,CLBP,1247,False,6.0,7.0,4.0,3.0,7.0,2.0
81,CLBP,1247,False,6.0,7.0,4.0,3.0,7.0,2.0
82,CLBP,1247,False,6.0,7.0,4.0,3.0,6.0,2.0
83,CLBP,1247,False,7.0,8.0,4.0,3.0,6.0,2.0
84,CLBP,1247,False,6.0,7.0,3.0,2.0,7.0,2.0
85,CLBP,1247,False,7.0,8.0,4.0,3.0,6.0,2.0
86,CLBP,1247,False,7.0,8.0,4.0,3.0,6.0,2.0
87,CLBP,1247,False,6.0,7.0,3.0,2.0,6.0,2.0
88,CLBP,1247,False,6.0,7.0,2.0,2.0,7.0,1.0
89,CLBP,1247,False,6.0,7.0,4.0,3.0,6.0,2.0
90,CLBP,1247,False,7.0,8.0,3.0,2.0,6.0,1.0
91,CLBP,1247,False,6.0,7.0,4.0,2.0,6.0,3.0
92,CLBP,1247,False,7.0,8.0,3.0,2.0,6.0,1.0
93,CLBP,1247,False,6.0,7.0,4.0,2.0,6.0,3.0
94,CLBP,1247,False,7.0,8.0,4.0,3.0,6.0,2.0
95,CLBP,1247,False,6.0,7.0,4.0,3.0,7.0,2.0
96,CLBP,1247,False,6.0,7.0,2.0,2.0,6.0,3.0
97,CLBP,1247,False,7.0,8.0,2.0,3.0,6.0,2.0
98,CLBP,1247,False,6.0,7.0,3.0,2.0,6.0,2.0
99,CLBP,1247,False,7.0,8.0,4.0,2.0,6.0,3.0
0,CLBP,1248,False,6.0,5.0,4.0,2.0,8.0,3.0
1,CLBP,1248,False,6.0,7.0,3.0,2.0,8.0,1.0
2,CLBP,1248,False,6.0,5.0,4.0,2.0,8.0,3.0
3,CLBP,1248,False,6.0,5.0,4.0,2.0,8.0,3.0
4,CLBP,1248,False,6.0,7.0,4.0,2.0,8.0,3.0
5,CLBP,1248,False,6.0,5.0,7.0,2.0,8.0,3.0
6,CLBP,1248,False,6.0,5.0,2.0,2.0,8.0,3.0
7,CLBP,1248,False,6.0,5.0,4.0,2.0,8.0,3.0
8,CLBP,1248,False,6.0,5.0,4.0,2.0,8.0,3.0
9,CLBP,1248,False,6.0,7.0,4.0,2.0,8.0,3.0
10,CLBP,1248,False,6.0,5.0,2.0,2.0,8.0,3.0
11,CLBP,1248,False,6.0,7.0,4.0,2.0,8.0,3.0
12,CLBP,1248,False,6.0,5.0,1.0,1.0,8.0,2.0
13,CLBP,1248,False,4.0,6.0,2.0,1.0,8.0,2.0
14,CLBP,1248,False,6.0,5.0,4.0,2.0,8.0,3.0
15,CLBP,1248,False,6.0,5.0,7.0,2.0,8.0,3.0
16,CLBP,1248,False,4.0,5.0,2.0,1.0,8.0,2.0
17,CLBP,1248,False,6.0,5.0,1.0,1.0,8.0,2.0
18,CLBP,1248,False,6.0,5.0,1.0,1.0,8.0,2.0
19,CLBP,1248,False,6.0,5.0,1.0,1.0,8.0,2.0
20,CLBP,1248,False,4.0,6.0,2.0,1.0,8.0,2.0
21,CLBP,1248,False,6.0,7.0,4.0,2.0,8.0,3.0
22,CLBP,1248,False,6.0,5.0,1.0,2.0,8.0,1.0
23,CLBP,1248,False,6.0,5.0,1.0,1.0,8.0,2.0
24,CLBP,1248,False,6.0,5.0,4.0,2.0,8.0,3.0
25,CLBP,1248,False,6.0,5.0,7.0,2.0,8.0,3.0
26,CLBP,1248,False,6.0,5.0,2.0,1.0,8.0,2.0
27,CLBP,1248,False,6.0,7.0,3.0,2.0,8.0,1.0
28,CLBP,1248,False,6.0,7.0,4.0,2.0,8.0,3.0
29,CLBP,1248,False,6.0,5.0,7.0,2.0,8.0,3.0
30,CLBP,1248,False,6.0,5.0,7.0,2.0,8.0,3.0
31,CLBP,1248,False,6.0,5.0,2.0,1.0,8.0,2.0
32,CLBP,1248,False,6.0,5.0,1.0,2.0,8.0,2.0
33,CLBP,1248,False,6.0,5.0,4.0,2.0,8.0,3.0
34,CLBP,1248,False,6.0,5.0,4.0,2.0,8.0,3.0
35,CLBP,1248,False,6.0,5.0,4.0,2.0,8.0,3.0
36,CLBP,1248,False,6.0,5.0,2.0,2.0,8.0,3.0
37,CLBP,1248,False,6.0,7.0,4.0,2.0,8.0,3.0
38,CLBP,1248,False,6.0,5.0,1.0,1.0,8.0,2.0
39,CLBP,1248,False,6.0,7.0,4.0,2.0,8.0,3.0
40,CLBP,1248,False,4.0,6.0,2.0,2.0,8.0,1.0
41,CLBP,1248,False,6.0,5.0,4.0,2.0,8.0,3.0
42,CLBP,1248,False,6.0,5.0,4.0,2.0,8.0,3.0
43,CLBP,1248,False,6.0,5.0,4.0,2.0,8.0,3.0
44,CLBP,1248,False,6.0,5.0,1.0,1.0,8.0,2.0
45,CLBP,1248,False,6.0,7.0,4.0,2.0,8.0,3.0
46,CLBP,1248,False,6.0,7.0,3.0,2.0,8.0,2.0
47,CLBP,1248,True,,,,,,
48,CLBP,1248,False,6.0,5.0,4.0,2.0,8.0,3.0
49,CLBP,1248,False,6.0,5.0,4.0,2.0,8.0,3.0
50,CLBP,1248,False,6.0,5.0,2.0,2.0,8.0,3.0
51,CLBP,1248,False,6.0,5.0,4.0,2.0,8.0,3.0
52,CLBP,1248,False,4.0,6.0,2.0,1.0,8.0,2.0
53,CLBP,1248,False,6.0,5.0,4.0,2.0,8.0,3.0
54,CLBP,1248,False,6.0,7.0,4.0,2.0,8.0,3.0
55,CLBP,1248,False,4.0,5.0,2.0,1.0,8.0,2.0
56,CLBP,1248,False,6.0,5.0,2.0,2.0,8.0,1.0
57,CLBP,1248,False,6.0,5.0,4.0,2.0,8.0,3.0
58,CLBP,1248,False,6.0,5.0,4.0,2.0,8.0,3.0
59,CLBP,1248,False,6.0,5.0,7.0,2.0,8.0,3.0
60,CLBP,1248,False,6.0,5.0,2.0,1.0,8.0,2.0
61,CLBP,1248,False,6.0,5.0,2.0,1.0,8.0,2.0
62,CLBP,1248,False,6.0,5.0,1.0,2.0,8.0,2.0
63,CLBP,1248,False,6.0,7.0,4.0,2.0,8.0,3.0
64,CLBP,1248,False,6.0,5.0,1.0,2.0,8.0,1.0
65,CLBP,1248,False,6.0,5.0,2.0,2.0,8.0,1.0
66,CLBP,1248,False,6.0,5.0,4.0,2.0,8.0,3.0
67,CLBP,1248,False,6.0,7.0,3.0,2.0,8.0,1.0
68,CLBP,1248,False,6.0,5.0,1.0,1.0,8.0,2.0
69,CLBP,1248,False,6.0,5.0,4.0,2.0,8.0,3.0
70,CLBP,1248,False,4.0,5.0,2.0,1.0,8.0,2.0
71,CLBP,1248,False,6.0,5.0,4.0,2.0,8.0,3.0
72,CLBP,1248,False,4.0,3.0,5.0,2.0,7.0,3.0
73,CLBP,1248,False,6.0,5.0,1.0,2.0,8.0,1.0
74,CLBP,1248,False,4.0,5.0,2.0,1.0,8.0,2.0
75,CLBP,1248,False,6.0,5.0,1.0,2.0,8.0,1.0
76,CLBP,1248,False,6.0,5.0,1.0,1.0,8.0,2.0
77,CLBP,1248,False,6.0,5.0,4.0,2.0,8.0,3.0
78,CLBP,1248,False,6.0,5.0,1.0,1.0,8.0,2.0
79,CLBP,1248,False,6.0,5.0,2.0,2.0,8.0,1.0
80,CLBP,1248,False,6.0,7.0,4.0,2.0,8.0,3.0
81,CLBP,1248,False,6.0,5.0,1.0,2.0,8.0,2.0
82,CLBP,1248,False,4.0,3.0,1.0,1.0,8.0,2.0
83,CLBP,1248,False,6.0,5.0,1.0,1.0,8.0,2.0
84,CLBP,1248,False,6.0,5.0,1.0,1.0,8.0,2.0
85,CLBP,1248,False,6.0,5.0,1.0,1.0,8.0,2.0
86,CLBP,1248,False,6.0,7.0,4.0,2.0,8.0,3.0
87,CLBP,1248,False,4.0,6.0,2.0,1.0,8.0,2.0
88,CLBP,1248,False,4.0,4.0,2.0,2.0,7.0,2.0
89,CLBP,1248,False,6.0,7.0,4.0,2.0,8.0,3.0
90,CLBP,1248,False,4.0,5.0,3.0,2.0,7.0,1.0
91,CLBP,1248,False,6.0,7.0,4.0,2.0,8.0,3.0
92,CLBP,1248,False,6.0,5.0,2.0,2.0,8.0,3.0
93,CLBP,1248,False,6.0,5.0,1.0,1.0,8.0,2.0
94,CLBP,1248,False,6.0,5.0,2.0,1.0,8.0,2.0
95,CLBP,1248,False,6.0,7.0,4.0,2.0,8.0,3.0
96,CLBP,1248,False,6.0,5.0,1.0,2.0,8.0,1.0
97,CLBP,1248,False,6.0,5.0,2.0,2.0,8.0,1.0
98,CLBP,1248,False,4.0,5.0,2.0,1.0,8.0,2.0
99,CLBP,1248,False,6.0,5.0,4.0,2.0,8.0,3.0
0,CLBP,1249,False,3.0,3.0,0.0,0.0,8.0,1.0
1,CLBP,1249,False,3.0,3.0,0.0,0.0,9.0,1.0
2,CLBP,1249,False,3.0,3.0,0.0,0.0,8.0,1.0
3,CLBP,1249,False,3.0,3.0,0.0,0.0,8.0,1.0
4,CLBP,1249,False,3.0,3.0,0.0,0.0,8.0,1.0
5,CLBP,1249,False,3.0,3.0,0.0,0.0,9.0,1.0
6,CLBP,1249,False,3.0,3.0,0.0,0.0,9.0,1.0
7,CLBP,1249,False,3.0,3.0,0.0,0.0,8.0,1.0
8,CLBP,1249,False,3.0,3.0,0.0,0.0,8.0,1.0
9,CLBP,1249,False,3.0,3.0,0.0,0.0,9.0,1.0
10,CLBP,1249,False,3.0,3.0,0.0,0.0,8.0,1.0
11,CLBP,1249,False,3.0,3.0,0.0,0.0,8.0,1.0
12,CLBP,1249,False,3.0,3.0,0.0,0.0,8.0,1.0
13,CLBP,1249,False,3.0,3.0,0.0,0.0,8.0,1.0
14,CLBP,1249,False,3.0,3.0,0.0,0.0,8.0,1.0
15,CLBP,1249,False,3.0,3.0,0.0,0.0,9.0,1.0
16,CLBP,1249,False,3.0,3.0,0.0,0.0,8.0,1.0
17,CLBP,1249,False,3.0,3.0,0.0,0.0,8.0,1.0
18,CLBP,1249,False,3.0,3.0,0.0,0.0,8.0,1.0
19,CLBP,1249,False,3.0,3.0,0.0,0.0,8.0,1.0
20,CLBP,1249,False,3.0,3.0,0.0,0.0,8.0,1.0
21,CLBP,1249,False,3.0,3.0,0.0,0.0,8.0,1.0
22,CLBP,1249,False,3.0,3.0,0.0,0.0,8.0,1.0
23,CLBP,1249,False,3.0,3.0,0.0,0.0,9.0,1.0
24,CLBP,1249,False,3.0,3.0,0.0,0.0,8.0,1.0
25,CLBP,1249,False,3.0,3.0,0.0,0.0,8.0,1.0
26,CLBP,1249,False,3.0,3.0,0.0,0.0,8.0,1.0
27,CLBP,1249,False,3.0,3.0,0.0,0.0,8.0,1.0
28,CLBP,1249,False,3.0,3.0,0.0,0.0,8.0,1.0
29,CLBP,1249,False,3.0,3.0,0.0,0.0,9.0,1.0
30,CLBP,1249,False,3.0,3.0,0.0,0.0,8.0,1.0
31,CLBP,1249,False,3.0,3.0,0.0,0.0,8.0,1.0
32,CLBP,1249,False,3.0,3.0,0.0,0.0,8.0,1.0
33,CLBP,1249,False,3.0,3.0,0.0,0.0,8.0,1.0
34,CLBP,1249,False,3.0,3.0,0.0,0.0,8.0,1.0
35,CLBP,1249,False,3.0,3.0,0.0,0.0,8.0,1.0
36,CLBP,1249,False,3.0,3.0,0.0,0.0,8.0,1.0
37,CLBP,1249,False,3.0,3.0,0.0,0.0,8.0,1.0
38,CLBP,1249,False,3.0,3.0,0.0,0.0,8.0,1.0
39,CLBP,1249,False,3.0,3.0,0.0,0.0,8.0,1.0
40,CLBP,1249,False,3.0,3.0,0.0,0.0,9.0,1.0
41,CLBP,1249,False,3.0,3.0,0.0,0.0,8.0,1.0
42,CLBP,1249,False,3.0,3.0,0.0,0.0,8.0,1.0
43,CLBP,1249,False,3.0,3.0,0.0,0.0,8.0,1.0
44,CLBP,1249,False,3.0,3.0,0.0,0.0,8.0,1.0
45,CLBP,1249,False,3.0,3.0,0.0,0.0,8.0,1.0
46,CLBP,1249,False,3.0,3.0,0.0,0.0,8.0,1.0
47,CLBP,1249,True,,,,,,
48,CLBP,1249,False,3.0,3.0,0.0,0.0,8.0,1.0
49,CLBP,1249,False,3.0,3.0,0.0,0.0,8.0,1.0
50,CLBP,1249,False,3.0,3.0,0.0,0.0,8.0,1.0
51,CLBP,1249,False,3.0,3.0,0.0,0.0,8.0,1.0
52,CLBP,1249,False,3.0,3.0,0.0,0.0,8.0,1.0
53,CLBP,1249,False,3.0,3.0,0.0,0.0,9.0,1.0
54,CLBP,1249,False,3.0,3.0,0.0,0.0,8.0,1.0
55,CLBP,1249,False,3.0,3.0,0.0,0.0,8.0,1.0
56,CLBP,1249,False,3.0,3.0,0.0,0.0,8.0,1.0
57,CLBP,1249,False,3.0,3.0,0.0,0.0,8.0,1.0
58,CLBP,1249,False,3.0,3.0,0.0,0.0,8.0,1.0
59,CLBP,1249,False,3.0,3.0,0.0,0.0,8.0,1.0
60,CLBP,1249,False,3.0,3.0,0.0,0.0,8.0,1.0
61,CLBP,1249,False,3.0,3.0,0.0,0.0,8.0,1.0
62,CLBP,1249,False,3.0,3.0,0.0,0.0,8.0,1.0
63,CLBP,1249,False,3.0,3.0,0.0,0.0,8.0,1.0
64,CLBP,1249,False,3.0,3.0,0.0,0.0,8.0,1.0
65,CLBP,1249,False,3.0,3.0,0.0,0.0,8.0,1.0
66,CLBP,1249,False,3.0,3.0,0.0,0.0,9.0,1.0
67,CLBP,1249,False,3.0,3.0,0.0,0.0,8.0,1.0
68,CLBP,1249,False,3.0,3.0,0.0,0.0,9.0,1.0
69,CLBP,1249,False,3.0,3.0,0.0,0.0,8.0,1.0
70,CLBP,1249,False,3.0,3.0,0.0,0.0,8.0,1.0
71,CLBP,1249,False,3.0,3.0,0.0,0.0,9.0,1.0
72,CLBP,1249,False,3.0,3.0,0.0,0.0,8.0,1.0
73,CLBP,1249,False,3.0,3.0,0.0,0.0,9.0,1.0
74,CLBP,1249,False,3.0,3.0,0.0,0.0,8.0,1.0
75,CLBP,1249,False,3.0,3.0,0.0,0.0,8.0,1.0
76,CLBP,1249,False,3.0,3.0,0.0,0.0,8.0,1.0
77,CLBP,1249,False,3.0,3.0,0.0,0.0,8.0,1.0
78,CLBP,1249,False,3.0,3.0,0.0,0.0,8.0,1.0
79,CLBP,1249,False,3.0,3.0,0.0,0.0,9.0,1.0
80,CLBP,1249,False,3.0,3.0,0.0,0.0,8.0,1.0
81,CLBP,1249,False,3.0,3.0,0.0,0.0,8.0,1.0
82,CLBP,1249,False,3.0,3.0,0.0,0.0,8.0,1.0
83,CLBP,1249,False,3.0,3.0,0.0,0.0,8.0,1.0
84,CLBP,1249,False,3.0,3.0,0.0,0.0,8.0,1.0
85,CLBP,1249,False,3.0,3.0,0.0,0.0,8.0,1.0
86,CLBP,1249,False,3.0,3.0,0.0,0.0,8.0,1.0
87,CLBP,1249,False,3.0,3.0,0.0,0.0,8.0,1.0
88,CLBP,1249,False,3.0,3.0,0.0,0.0,8.0,1.0
89,CLBP,1249,False,3.0,3.0,0.0,0.0,8.0,1.0
90,CLBP,1249,False,3.0,3.0,0.0,0.0,8.0,1.0
91,CLBP,1249,False,3.0,3.0,0.0,0.0,9.0,1.0
92,CLBP,1249,False,3.0,3.0,0.0,0.0,8.0,1.0
93,CLBP,1249,False,3.0,3.0,0.0,0.0,8.0,1.0
94,CLBP,1249,False,3.0,3.0,0.0,0.0,8.0,1.0
95,CLBP,1249,False,3.0,3.0,0.0,0.0,8.0,1.0
96,CLBP,1249,False,3.0,3.0,0.0,0.0,8.0,1.0
97,CLBP,1249,False,3.0,3.0,0.0,0.0,8.0,1.0
98,CLBP,1249,False,3.0,3.0,0.0,0.0,8.0,1.0
99,CLBP,1249,False,3.0,3.0,0.0,0.0,9.0,1.0
0,CLBP,1250,False,7.0,6.0,4.0,3.0,5.0,4.0
1,CLBP,1250,False,8.0,7.0,6.0,4.0,6.0,5.0
2,CLBP,1250,False,7.0,6.0,4.0,3.0,6.0,5.0
3,CLBP,1250,False,8.0,7.0,6.0,4.0,6.0,5.0
4,CLBP,1250,False,8.0,7.0,3.0,4.0,6.0,5.0
5,CLBP,1250,False,8.0,7.0,4.0,4.0,6.0,5.0
6,CLBP,1250,False,8.0,7.0,4.0,3.0,6.0,5.0
7,CLBP,1250,False,7.0,8.0,4.0,3.0,6.0,5.0
8,CLBP,1250,False,7.0,8.0,5.0,3.0,6.0,4.0
9,CLBP,1250,False,8.0,7.0,6.0,4.0,5.0,6.0
10,CLBP,1250,False,8.0,7.0,6.0,4.0,6.0,5.0
11,CLBP,1250,False,8.0,7.0,5.0,4.0,6.0,5.0
12,CLBP,1250,False,7.0,8.0,4.0,3.0,6.0,5.0
13,CLBP,1250,False,8.0,7.0,5.0,4.0,6.0,5.0
14,CLBP,1250,False,8.0,7.0,6.0,4.0,6.0,5.0
15,CLBP,1250,False,7.0,6.0,8.0,4.0,6.0,5.0
16,CLBP,1250,False,7.0,8.0,4.0,3.0,6.0,5.0
17,CLBP,1250,False,8.0,7.0,5.0,4.0,6.0,5.0
18,CLBP,1250,False,7.0,8.0,4.0,3.0,6.0,5.0
19,CLBP,1250,False,8.0,7.0,6.0,4.0,6.0,5.0
20,CLBP,1250,False,7.0,8.0,4.0,3.0,6.0,5.0
21,CLBP,1250,False,7.0,8.0,4.0,3.0,6.0,5.0
22,CLBP,1250,False,8.0,7.0,5.0,4.0,6.0,5.0
23,CLBP,1250,False,7.0,8.0,4.0,3.0,6.0,5.0
24,CLBP,1250,False,7.0,6.0,8.0,4.0,6.0,5.0
25,CLBP,1250,False,7.0,6.0,4.0,3.0,5.0,4.0
26,CLBP,1250,False,7.0,6.0,5.0,4.0,6.0,5.0
27,CLBP,1250,False,7.0,8.0,5.0,4.0,6.0,5.0
28,CLBP,1250,False,8.0,7.0,6.0,4.0,6.0,5.0
29,CLBP,1250,False,7.0,8.0,4.0,3.0,6.0,5.0
30,CLBP,1250,False,7.0,6.0,4.0,3.0,5.0,4.0
31,CLBP,1250,False,7.0,8.0,4.0,3.0,6.0,5.0
32,CLBP,1250,False,7.0,6.0,8.0,4.0,5.0,6.0
33,CLBP,1250,False,7.0,8.0,4.0,3.0,6.0,5.0
34,CLBP,1250,False,8.0,7.0,3.0,4.0,6.0,5.0
35,CLBP,1250,False,7.0,6.0,8.0,4.0,6.0,5.0
36,CLBP,1250,False,7.0,8.0,4.0,3.0,6.0,5.0
37,CLBP,1250,False,8.0,8.0,4.0,3.0,6.0,5.0
38,CLBP,1250,False,8.0,7.0,8.0,4.0,6.0,5.0
39,CLBP,1250,False,7.0,6.0,8.0,4.0,5.0,6.0
40,CLBP,1250,False,7.0,8.0,4.0,3.0,6.0,5.0
41,CLBP,1250,False,7.0,6.0,4.0,3.0,6.0,4.0
42,CLBP,1250,False,7.0,8.0,4.0,3.0,6.0,5.0
43,CLBP,1250,False,8.0,7.0,6.0,4.0,6.0,5.0
44,CLBP,1250,False,8.0,9.0,6.0,4.0,6.0,5.0
45,CLBP,1250,False,8.0,7.0,5.0,4.0,6.0,5.0
46,CLBP,1250,False,7.0,6.0,4.0,3.0,6.0,4.0
47,CLBP,1250,True,,,,,,
48,CLBP,1250,False,7.0,8.0,5.0,4.0,6.0,5.0
49,CLBP,1250,False,7.0,8.0,4.0,3.0,6.0,5.0
50,CLBP,1250,False,8.0,7.0,8.0,4.0,6.0,5.0
51,CLBP,1250,False,7.0,6.0,8.0,4.0,6.0,5.0
52,CLBP,1250,False,7.0,8.0,4.0,3.0,6.0,5.0
53,CLBP,1250,False,8.0,7.0,6.0,4.0,6.0,5.0
54,CLBP,1250,False,8.0,7.0,6.0,4.0,6.0,5.0
55,CLBP,1250,False,7.0,6.0,4.0,3.0,6.0,5.0
56,CLBP,1250,False,7.0,6.0,4.0,3.0,6.0,5.0
57,CLBP,1250,False,8.0,7.0,4.0,3.0,6.0,5.0
58,CLBP,1250,False,7.0,6.0,4.0,3.0,6.0,5.0
59,CLBP,1250,False,8.0,6.0,7.0,4.0,6.0,5.0
60,CLBP,1250,False,7.0,6.0,8.0,4.0,6.0,5.0
61,CLBP,1250,False,8.0,7.0,5.0,4.0,6.0,5.0
62,CLBP,1250,False,7.0,6.0,8.0,4.0,5.0,6.0
63,CLBP,1250,False,8.0,7.0,5.0,4.0,6.0,5.0
64,CLBP,1250,False,8.0,7.0,6.0,4.0,6.0,5.0
65,CLBP,1250,False,8.0,7.0,6.0,4.0,6.0,5.0
66,CLBP,1250,False,7.0,6.0,4.0,3.0,6.0,4.0
67,CLBP,1250,False,7.0,6.0,4.0,3.0,6.0,5.0
68,CLBP,1250,False,7.0,6.0,8.0,4.0,5.0,6.0
69,CLBP,1250,False,8.0,7.0,6.0,4.0,6.0,5.0
70,CLBP,1250,False,7.0,6.0,4.0,3.0,6.0,5.0
71,CLBP,1250,False,7.0,8.0,4.0,3.0,6.0,5.0
72,CLBP,1250,False,8.0,7.0,5.0,4.0,6.0,6.0
73,CLBP,1250,False,7.0,6.0,4.0,3.0,6.0,5.0
74,CLBP,1250,False,8.0,7.0,5.0,4.0,6.0,5.0
75,CLBP,1250,False,7.0,6.0,4.0,3.0,6.0,4.0
76,CLBP,1250,False,8.0,7.0,4.0,3.0,6.0,5.0
77,CLBP,1250,False,7.0,6.0,8.0,4.0,6.0,5.0
78,CLBP,1250,False,8.0,7.0,3.0,4.0,6.0,5.0
79,CLBP,1250,False,8.0,7.0,8.0,4.0,6.0,5.0
80,CLBP,1250,False,7.0,8.0,4.0,3.0,6.0,5.0
81,CLBP,1250,False,7.0,6.0,8.0,4.0,6.0,5.0
82,CLBP,1250,False,8.0,7.0,5.0,4.0,6.0,5.0
83,CLBP,1250,False,8.0,7.0,4.0,3.0,6.0,5.0
84,CLBP,1250,False,8.0,7.0,6.0,4.0,6.0,5.0
85,CLBP,1250,False,7.0,8.0,4.0,3.0,6.0,5.0
86,CLBP,1250,False,7.0,6.0,4.0,3.0,6.0,5.0
87,CLBP,1250,False,8.0,7.0,4.0,3.0,6.0,5.0
88,CLBP,1250,False,7.0,8.0,4.0,3.0,6.0,5.0
89,CLBP,1250,False,8.0,7.0,6.0,4.0,6.0,5.0
90,CLBP,1250,False,7.0,6.0,4.0,3.0,5.0,4.0
91,CLBP,1250,False,8.0,7.0,4.0,3.0,6.0,5.0
92,CLBP,1250,False,8.0,7.0,6.0,4.0,6.0,5.0
93,CLBP,1250,False,8.0,7.0,5.0,3.0,6.0,4.0
94,CLBP,1250,False,7.0,8.0,4.0,3.0,6.0,5.0
95,CLBP,1250,False,7.0,6.0,8.0,4.0,6.0,5.0
96,CLBP,1250,False,8.0,7.0,6.0,4.0,6.0,5.0
97,CLBP,1250,False,7.0,6.0,4.0,3.0,6.0,4.0
98,CLBP,1250,False,7.0,8.0,5.0,4.0,6.0,5.0
99,CLBP,1250,False,7.0,6.0,8.0,4.0,5.0,6.0
0,CLBP,1251,False,6.0,6.0,2.0,2.0,7.0,1.0
1,CLBP,1251,False,6.0,6.0,2.0,2.0,7.0,1.0
2,CLBP,1251,False,6.0,6.0,2.0,2.0,7.0,1.0
3,CLBP,1251,False,6.0,7.0,2.0,2.0,7.0,3.0
4,CLBP,1251,False,6.0,7.0,3.0,2.0,7.0,2.0
5,CLBP,1251,False,6.0,6.0,2.0,2.0,7.0,1.0
6,CLBP,1251,False,6.0,7.0,4.0,3.0,7.0,2.0
7,CLBP,1251,False,6.0,7.0,3.0,2.0,7.0,2.0
8,CLBP,1251,False,6.0,6.0,2.0,2.0,7.0,1.0
9,CLBP,1251,False,6.0,7.0,2.0,2.0,7.0,3.0
10,CLBP,1251,False,6.0,7.0,4.0,3.0,7.0,2.0
11,CLBP,1251,False,6.0,7.0,4.0,2.0,7.0,3.0
12,CLBP,1251,False,6.0,6.0,2.0,2.0,7.0,1.0
13,CLBP,1251,False,6.0,7.0,4.0,2.0,7.0,3.0
14,CLBP,1251,False,6.0,7.0,2.0,2.0,7.0,1.0
15,CLBP,1251,False,6.0,7.0,3.0,2.0,7.0,2.0
16,CLBP,1251,False,6.0,6.0,2.0,2.0,7.0,1.0
17,CLBP,1251,False,6.0,7.0,4.0,2.0,7.0,3.0
18,CLBP,1251,False,6.0,6.0,2.0,2.0,7.0,1.0
19,CLBP,1251,False,6.0,7.0,2.0,2.0,7.0,1.0
20,CLBP,1251,False,6.0,6.0,2.0,2.0,7.0,1.0
21,CLBP,1251,False,6.0,7.0,3.0,2.0,7.0,2.0
22,CLBP,1251,False,6.0,7.0,2.0,3.0,7.0,2.0
23,CLBP,1251,False,6.0,7.0,4.0,2.0,7.0,3.0
24,CLBP,1251,False,6.0,7.0,3.0,2.0,7.0,2.0
25,CLBP,1251,False,6.0,7.0,2.0,2.0,7.0,1.0
26,CLBP,1251,False,6.0,7.0,2.0,2.0,7.0,3.0
27,CLBP,1251,False,6.0,7.0,2.0,2.0,7.0,3.0
28,CLBP,1251,False,6.0,6.0,2.0,2.0,7.0,1.0
29,CLBP,1251,False,6.0,7.0,4.0,2.0,7.0,3.0
30,CLBP,1251,False,6.0,7.0,4.0,2.0,7.0,3.0
31,CLBP,1251,False,6.0,7.0,2.0,2.0,7.0,1.0
32,CLBP,1251,False,6.0,7.0,4.0,3.0,7.0,2.0
33,CLBP,1251,False,6.0,6.0,2.0,2.0,7.0,1.0
34,CLBP,1251,False,6.0,7.0,2.0,2.0,7.0,1.0
35,CLBP,1251,False,6.0,7.0,3.0,2.0,7.0,2.0
36,CLBP,1251,False,6.0,6.0,2.0,2.0,7.0,1.0
37,CLBP,1251,False,6.0,7.0,3.0,2.0,7.0,1.0
38,CLBP,1251,False,6.0,6.0,2.0,2.0,7.0,1.0
39,CLBP,1251,False,6.0,7.0,2.0,2.0,7.0,1.0
40,CLBP,1251,False,6.0,6.0,2.0,2.0,7.0,1.0
41,CLBP,1251,False,6.0,7.0,2.0,2.0,7.0,1.0
42,CLBP,1251,False,6.0,6.0,2.0,2.0,7.0,1.0
43,CLBP,1251,False,6.0,7.0,4.0,2.0,7.0,3.0
44,CLBP,1251,False,6.0,7.0,2.0,2.0,7.0,1.0
45,CLBP,1251,False,6.0,7.0,4.0,2.0,7.0,3.0
46,CLBP,1251,False,6.0,7.0,2.0,2.0,7.0,3.0
47,CLBP,1251,True,,,,,,
48,CLBP,1251,False,6.0,7.0,2.0,2.0,7.0,3.0
49,CLBP,1251,False,6.0,7.0,4.0,2.0,7.0,3.0
50,CLBP,1251,False,6.0,7.0,2.0,3.0,7.0,2.0
51,CLBP,1251,False,6.0,7.0,3.0,2.0,7.0,2.0
52,CLBP,1251,False,6.0,7.0,2.0,2.0,7.0,3.0
53,CLBP,1251,False,6.0,7.0,4.0,3.0,7.0,2.0
54,CLBP,1251,False,6.0,7.0,3.0,2.0,7.0,2.0
55,CLBP,1251,False,6.0,7.0,3.0,2.0,7.0,2.0
56,CLBP,1251,False,6.0,7.0,4.0,2.0,7.0,3.0
57,CLBP,1251,False,6.0,6.0,2.0,2.0,7.0,1.0
58,CLBP,1251,False,6.0,6.0,2.0,2.0,7.0,1.0
59,CLBP,1251,False,6.0,7.0,4.0,2.0,7.0,3.0
60,CLBP,1251,False,6.0,7.0,3.0,2.0,7.0,2.0
61,CLBP,1251,False,6.0,7.0,3.0,2.0,7.0,2.0
62,CLBP,1251,False,6.0,7.0,4.0,2.0,7.0,3.0
63,CLBP,1251,False,6.0,7.0,3.0,2.0,7.0,2.0
64,CLBP,1251,False,6.0,7.0,2.0,2.0,7.0,1.0
65,CLBP,1251,False,6.0,7.0,3.0,2.0,7.0,2.0
66,CLBP,1251,False,6.0,6.0,2.0,2.0,7.0,1.0
67,CLBP,1251,False,6.0,6.0,2.0,2.0,7.0,1.0
68,CLBP,1251,False,6.0,7.0,4.0,2.0,7.0,3.0
69,CLBP,1251,False,6.0,6.0,2.0,2.0,7.0,1.0
70,CLBP,1251,False,6.0,7.0,3.0,2.0,7.0,2.0
71,CLBP,1251,False,6.0,7.0,3.0,2.0,7.0,2.0
72,CLBP,1251,False,6.0,6.0,2.0,2.0,7.0,1.0
73,CLBP,1251,False,6.0,7.0,2.0,2.0,7.0,1.0
74,CLBP,1251,False,6.0,6.0,2.0,2.0,7.0,1.0
75,CLBP,1251,False,6.0,7.0,4.0,3.0,7.0,2.0
76,CLBP,1251,False,6.0,7.0,3.0,2.0,7.0,2.0
77,CLBP,1251,False,6.0,7.0,2.0,2.0,7.0,1.0
78,CLBP,1251,False,6.0,6.0,2.0,2.0,7.0,1.0
79,CLBP,1251,False,6.0,7.0,2.0,2.0,7.0,1.0
80,CLBP,1251,False,6.0,7.0,3.0,2.0,7.0,2.0
81,CLBP,1251,False,6.0,7.0,3.0,2.0,7.0,2.0
82,CLBP,1251,False,6.0,7.0,4.0,3.0,7.0,2.0
83,CLBP,1251,False,6.0,7.0,2.0,2.0,7.0,1.0
84,CLBP,1251,False,6.0,7.0,2.0,2.0,7.0,1.0
85,CLBP,1251,False,6.0,6.0,2.0,2.0,7.0,1.0
86,CLBP,1251,False,6.0,7.0,2.0,3.0,7.0,2.0
87,CLBP,1251,False,6.0,7.0,3.0,2.0,7.0,2.0
88,CLBP,1251,False,6.0,6.0,2.0,2.0,7.0,1.0
89,CLBP,1251,False,6.0,6.0,2.0,2.0,7.0,2.0
90,CLBP,1251,False,6.0,7.0,4.0,2.0,7.0,3.0
91,CLBP,1251,False,6.0,6.0,2.0,2.0,7.0,2.0
92,CLBP,1251,False,6.0,6.0,2.0,2.0,7.0,1.0
93,CLBP,1251,False,6.0,6.0,2.0,2.0,7.0,1.0
94,CLBP,1251,False,6.0,7.0,2.0,2.0,7.0,3.0
95,CLBP,1251,False,6.0,7.0,2.0,2.0,7.0,1.0
96,CLBP,1251,False,6.0,7.0,4.0,3.0,7.0,2.0
97,CLBP,1251,False,6.0,7.0,2.0,2.0,7.0,1.0
98,CLBP,1251,False,6.0,7.0,4.0,2.0,7.0,3.0
99,CLBP,1251,False,6.0,7.0,4.0,2.0,7.0,3.0
0,CLBP,1252,False,6.0,6.0,2.0,2.0,8.0,1.0
1,CLBP,1252,False,6.0,7.0,2.0,1.0,8.0,2.0
2,CLBP,1252,False,6.0,7.0,2.0,2.0,8.0,1.0
3,CLBP,1252,False,6.0,6.0,2.0,2.0,8.0,2.0
4,CLBP,1252,False,6.0,7.0,2.0,2.0,8.0,3.0
5,CLBP,1252,False,6.0,6.0,2.0,2.0,8.0,3.0
6,CLBP,1252,False,6.0,6.0,2.0,1.0,8.0,2.0
7,CLBP,1252,False,6.0,6.0,2.0,1.0,8.0,2.0
8,CLBP,1252,False,6.0,6.0,2.0,2.0,7.0,3.0
9,CLBP,1252,False,6.0,7.0,3.0,2.0,7.0,2.0
10,CLBP,1252,False,6.0,7.0,2.0,2.0,8.0,3.0
11,CLBP,1252,False,6.0,7.0,2.0,2.0,8.0,1.0
12,CLBP,1252,False,6.0,6.0,2.0,2.0,8.0,1.0
13,CLBP,1252,False,6.0,7.0,2.0,1.0,8.0,2.0
14,CLBP,1252,False,6.0,7.0,2.0,2.0,8.0,3.0
15,CLBP,1252,False,6.0,7.0,2.0,1.0,8.0,2.0
16,CLBP,1252,False,6.0,6.0,2.0,2.0,8.0,1.0
17,CLBP,1252,False,6.0,7.0,2.0,2.0,8.0,1.0
18,CLBP,1252,False,6.0,6.0,2.0,2.0,8.0,3.0
19,CLBP,1252,False,6.0,7.0,2.0,2.0,8.0,3.0
20,CLBP,1252,False,6.0,6.0,2.0,2.0,8.0,2.0
21,CLBP,1252,False,6.0,7.0,3.0,2.0,8.0,2.0
22,CLBP,1252,False,6.0,7.0,2.0,1.0,8.0,2.0
23,CLBP,1252,False,6.0,7.0,2.0,2.0,8.0,1.0
24,CLBP,1252,False,6.0,7.0,3.0,2.0,8.0,2.0
25,CLBP,1252,False,6.0,6.0,2.0,2.0,8.0,3.0
26,CLBP,1252,False,6.0,6.0,2.0,2.0,8.0,3.0
27,CLBP,1252,False,6.0,6.0,2.0,2.0,8.0,2.0
28,CLBP,1252,False,6.0,6.0,2.0,1.0,8.0,2.0
29,CLBP,1252,False,6.0,7.0,2.0,2.0,8.0,1.0
30,CLBP,1252,False,6.0,6.0,2.0,2.0,8.0,2.0
31,CLBP,1252,False,6.0,6.0,2.0,2.0,8.0,2.0
32,CLBP,1252,False,6.0,6.0,2.0,2.0,8.0,1.0
33,CLBP,1252,False,6.0,6.0,2.0,2.0,8.0,2.0
34,CLBP,1252,False,6.0,7.0,2.0,1.0,8.0,2.0
35,CLBP,1252,False,6.0,6.0,2.0,2.0,8.0,1.0
36,CLBP,1252,False,6.0,7.0,2.0,2.0,8.0,1.0
37,CLBP,1252,False,6.0,7.0,2.0,2.0,8.0,1.0
38,CLBP,1252,False,6.0,7.0,2.0,2.0,8.0,3.0
39,CLBP,1252,False,6.0,7.0,2.0,2.0,8.0,3.0
40,CLBP,1252,False,6.0,7.0,2.0,2.0,8.0,1.0
41,CLBP,1252,False,6.0,7.0,2.0,2.0,8.0,1.0
42,CLBP,1252,False,6.0,6.0,2.0,2.0,8.0,1.0
43,CLBP,1252,False,6.0,7.0,2.0,1.0,8.0,2.0
44,CLBP,1252,False,6.0,6.0,2.0,1.0,8.0,2.0
45,CLBP,1252,False,6.0,6.0,2.0,1.0,8.0,2.0
46,CLBP,1252,False,6.0,7.0,2.0,2.0,8.0,3.0
47,CLBP,1252,True,,,,,,
48,CLBP,1252,False,6.0,7.0,2.0,2.0,8.0,3.0
49,CLBP,1252,False,6.0,7.0,2.0,2.0,8.0,3.0
50,CLBP,1252,False,6.0,7.0,2.0,2.0,8.0,1.0
51,CLBP,1252,False,6.0,7.0,2.0,2.0,8.0,1.0
52,CLBP,1252,False,6.0,7.0,2.0,1.0,8.0,2.0
53,CLBP,1252,False,6.0,7.0,3.0,2.0,8.0,2.0
54,CLBP,1252,False,6.0,6.0,2.0,2.0,8.0,1.0
55,CLBP,1252,False,6.0,6.0,2.0,2.0,8.0,2.0
56,CLBP,1252,False,6.0,7.0,2.0,1.0,8.0,2.0
57,CLBP,1252,False,6.0,7.0,2.0,2.0,8.0,3.0
58,CLBP,1252,False,6.0,7.0,2.0,2.0,8.0,3.0
59,CLBP,1252,False,6.0,6.0,2.0,2.0,8.0,2.0
60,CLBP,1252,False,6.0,6.0,2.0,1.0,8.0,2.0
61,CLBP,1252,False,6.0,7.0,2.0,2.0,8.0,3.0
62,CLBP,1252,False,6.0,7.0,2.0,1.0,8.0,2.0
63,CLBP,1252,False,6.0,7.0,3.0,2.0,8.0,2.0
64,CLBP,1252,False,6.0,7.0,2.0,2.0,8.0,3.0
65,CLBP,1252,False,6.0,7.0,2.0,2.0,8.0,3.0
66,CLBP,1252,False,6.0,7.0,2.0,2.0,8.0,1.0
67,CLBP,1252,False,6.0,7.0,2.0,2.0,8.0,1.0
68,CLBP,1252,False,6.0,6.0,2.0,2.0,8.0,2.0
69,CLBP,1252,False,6.0,6.0,2.0,2.0,8.0,2.0
70,CLBP,1252,False,6.0,7.0,2.0,2.0,8.0,1.0
71,CLBP,1252,False,6.0,6.0,2.0,2.0,8.0,2.0
72,CLBP,1252,False,6.0,7.0,2.0,2.0,8.0,3.0
73,CLBP,1252,False,6.0,6.0,2.0,2.0,8.0,3.0
74,CLBP,1252,False,6.0,6.0,2.0,1.0,8.0,2.0
75,CLBP,1252,False,6.0,6.0,2.0,2.0,7.0,3.0
76,CLBP,1252,False,6.0,7.0,3.0,2.0,8.0,1.0
77,CLBP,1252,False,6.0,7.0,2.0,2.0,8.0,1.0
78,CLBP,1252,False,6.0,6.0,2.0,2.0,8.0,1.0
79,CLBP,1252,False,6.0,6.0,2.0,2.0,8.0,3.0
80,CLBP,1252,False,6.0,7.0,2.0,2.0,8.0,3.0
81,CLBP,1252,False,6.0,6.0,2.0,2.0,8.0,1.0
82,CLBP,1252,False,6.0,6.0,2.0,2.0,8.0,2.0
83,CLBP,1252,False,6.0,7.0,2.0,2.0,8.0,3.0
84,CLBP,1252,False,6.0,7.0,2.0,2.0,8.0,3.0
85,CLBP,1252,False,6.0,6.0,2.0,2.0,8.0,1.0
86,CLBP,1252,False,6.0,7.0,3.0,2.0,8.0,2.0
87,CLBP,1252,False,6.0,7.0,3.0,2.0,8.0,4.0
88,CLBP,1252,False,6.0,6.0,2.0,1.0,8.0,2.0
89,CLBP,1252,False,6.0,6.0,2.0,1.0,8.0,2.0
90,CLBP,1252,False,6.0,7.0,2.0,2.0,8.0,3.0
91,CLBP,1252,False,6.0,6.0,2.0,2.0,8.0,3.0
92,CLBP,1252,False,6.0,7.0,2.0,2.0,8.0,1.0
93,CLBP,1252,False,6.0,6.0,2.0,2.0,8.0,3.0
94,CLBP,1252,False,6.0,7.0,3.0,2.0,8.0,2.0
95,CLBP,1252,False,6.0,7.0,2.0,2.0,8.0,1.0
96,CLBP,1252,False,6.0,6.0,2.0,2.0,8.0,3.0
97,CLBP,1252,False,6.0,7.0,2.0,1.0,8.0,2.0
98,CLBP,1252,False,6.0,6.0,2.0,1.0,8.0,2.0
99,CLBP,1252,False,6.0,6.0,2.0,2.0,8.0,3.0
0,CLBP,1253,False,6.0,7.0,2.0,1.0,8.0,2.0
1,CLBP,1253,False,6.0,7.0,2.0,2.0,8.0,1.0
2,CLBP,1253,False,6.0,7.0,3.0,2.0,7.0,2.0
3,CLBP,1253,False,6.0,7.0,2.0,2.0,8.0,1.0
4,CLBP,1253,False,6.0,7.0,2.0,2.0,7.0,1.0
5,CLBP,1253,False,6.0,7.0,2.0,2.0,8.0,1.0
6,CLBP,1253,False,6.0,7.0,2.0,2.0,8.0,1.0
7,CLBP,1253,False,6.0,7.0,2.0,2.0,8.0,1.0
8,CLBP,1253,False,6.0,7.0,2.0,1.0,8.0,2.0
9,CLBP,1253,False,6.0,7.0,2.0,2.0,8.0,1.0
10,CLBP,1253,False,6.0,7.0,2.0,1.0,8.0,2.0
11,CLBP,1253,False,6.0,7.0,2.0,2.0,8.0,1.0
12,CLBP,1253,False,6.0,7.0,3.0,2.0,8.0,1.0
13,CLBP,1253,False,6.0,7.0,2.0,2.0,8.0,1.0
14,CLBP,1253,False,6.0,7.0,2.0,2.0,8.0,1.0
15,CLBP,1253,False,6.0,7.0,2.0,1.0,8.0,2.0
16,CLBP,1253,False,6.0,7.0,2.0,2.0,8.0,1.0
17,CLBP,1253,False,6.0,7.0,2.0,2.0,7.0,1.0
18,CLBP,1253,False,6.0,7.0,2.0,2.0,8.0,1.0
19,CLBP,1253,False,6.0,7.0,2.0,2.0,7.0,3.0
20,CLBP,1253,False,6.0,7.0,3.0,2.0,8.0,1.0
21,CLBP,1253,False,6.0,7.0,2.0,2.0,8.0,1.0
22,CLBP,1253,False,6.0,7.0,2.0,2.0,8.0,1.0
23,CLBP,1253,False,6.0,7.0,2.0,2.0,7.0,1.0
24,CLBP,1253,False,6.0,7.0,2.0,1.0,8.0,2.0
25,CLBP,1253,False,6.0,7.0,2.0,2.0,8.0,1.0
26,CLBP,1253,False,6.0,7.0,2.0,2.0,8.0,1.0
27,CLBP,1253,False,6.0,7.0,2.0,1.0,8.0,2.0
28,CLBP,1253,False,6.0,7.0,2.0,2.0,8.0,3.0
29,CLBP,1253,False,6.0,7.0,2.0,2.0,7.0,1.0
30,CLBP,1253,False,6.0,7.0,2.0,1.0,8.0,2.0
31,CLBP,1253,False,6.0,7.0,2.0,1.0,8.0,2.0
32,CLBP,1253,False,6.0,7.0,2.0,1.0,8.0,2.0
33,CLBP,1253,False,6.0,7.0,2.0,2.0,8.0,1.0
34,CLBP,1253,False,6.0,7.0,2.0,1.0,8.0,2.0
35,CLBP,1253,False,6.0,7.0,3.0,2.0,7.0,1.0
36,CLBP,1253,False,6.0,7.0,2.0,1.0,8.0,2.0
37,CLBP,1253,False,6.0,7.0,2.0,2.0,8.0,1.0
38,CLBP,1253,False,6.0,7.0,2.0,2.0,8.0,1.0
39,CLBP,1253,False,6.0,7.0,2.0,2.0,8.0,1.0
40,CLBP,1253,False,6.0,7.0,2.0,1.0,8.0,2.0
41,CLBP,1253,False,6.0,7.0,2.0,2.0,7.0,1.0
42,CLBP,1253,False,6.0,7.0,2.0,2.0,8.0,1.0
43,CLBP,1253,False,6.0,7.0,2.0,2.0,8.0,3.0
44,CLBP,1253,False,6.0,7.0,2.0,2.0,8.0,1.0
45,CLBP,1253,False,6.0,7.0,2.0,2.0,8.0,1.0
46,CLBP,1253,False,6.0,7.0,3.0,2.0,8.0,1.0
47,CLBP,1253,True,,,,,,
48,CLBP,1253,False,6.0,7.0,2.0,2.0,8.0,1.0
49,CLBP,1253,False,6.0,7.0,2.0,2.0,7.0,1.0
50,CLBP,1253,False,6.0,7.0,2.0,1.0,8.0,2.0
51,CLBP,1253,False,6.0,7.0,2.0,2.0,8.0,1.0
52,CLBP,1253,False,6.0,7.0,2.0,2.0,8.0,1.0
53,CLBP,1253,False,6.0,7.0,3.0,2.0,7.0,2.0
54,CLBP,1253,False,6.0,7.0,2.0,2.0,8.0,1.0
55,CLBP,1253,False,6.0,7.0,2.0,2.0,8.0,1.0
56,CLBP,1253,False,6.0,7.0,2.0,1.0,8.0,2.0
57,CLBP,1253,False,6.0,7.0,2.0,1.0,8.0,2.0
58,CLBP,1253,False,6.0,7.0,2.0,2.0,8.0,1.0
59,CLBP,1253,False,6.0,7.0,2.0,2.0,8.0,1.0
60,CLBP,1253,False,6.0,7.0,2.0,2.0,8.0,1.0
61,CLBP,1253,False,6.0,7.0,2.0,1.0,8.0,2.0
62,CLBP,1253,False,6.0,7.0,2.0,2.0,7.0,3.0
63,CLBP,1253,False,6.0,7.0,2.0,2.0,8.0,1.0
64,CLBP,1253,False,6.0,7.0,2.0,2.0,8.0,3.0
65,CLBP,1253,False,6.0,7.0,2.0,2.0,8.0,1.0
66,CLBP,1253,False,6.0,7.0,2.0,1.0,8.0,2.0
67,CLBP,1253,False,6.0,7.0,3.0,2.0,8.0,1.0
68,CLBP,1253,False,6.0,7.0,2.0,2.0,8.0,1.0
69,CLBP,1253,False,6.0,7.0,2.0,1.0,8.0,2.0
70,CLBP,1253,False,6.0,7.0,2.0,1.0,8.0,2.0
71,CLBP,1253,False,6.0,7.0,2.0,2.0,8.0,1.0
72,CLBP,1253,False,6.0,7.0,2.0,1.0,8.0,2.0
73,CLBP,1253,False,6.0,7.0,2.0,2.0,8.0,1.0
74,CLBP,1253,False,6.0,7.0,2.0,2.0,8.0,1.0
75,CLBP,1253,False,6.0,7.0,2.0,2.0,8.0,1.0
76,CLBP,1253,False,6.0,7.0,2.0,2.0,8.0,1.0
77,CLBP,1253,False,6.0,7.0,2.0,2.0,8.0,1.0
78,CLBP,1253,False,6.0,7.0,2.0,2.0,7.0,1.0
79,CLBP,1253,False,6.0,7.0,2.0,2.0,8.0,1.0
80,CLBP,1253,False,6.0,7.0,2.0,2.0,7.0,3.0
81,CLBP,1253,False,6.0,7.0,2.0,2.0,8.0,1.0
82,CLBP,1253,False,6.0,7.0,2.0,2.0,8.0,3.0
83,CLBP,1253,False,6.0,7.0,2.0,2.0,8.0,1.0
84,CLBP,1253,False,6.0,7.0,2.0,1.0,8.0,2.0
85,CLBP,1253,False,6.0,7.0,3.0,2.0,8.0,1.0
86,CLBP,1253,False,6.0,7.0,2.0,2.0,8.0,1.0
87,CLBP,1253,False,6.0,7.0,2.0,1.0,8.0,2.0
88,CLBP,1253,False,6.0,7.0,2.0,1.0,8.0,2.0
89,CLBP,1253,False,6.0,7.0,2.0,2.0,8.0,3.0
90,CLBP,1253,False,6.0,7.0,2.0,2.0,8.0,1.0
91,CLBP,1253,False,6.0,7.0,2.0,2.0,8.0,1.0
92,CLBP,1253,False,6.0,7.0,3.0,2.0,7.0,2.0
93,CLBP,1253,False,6.0,7.0,2.0,2.0,8.0,1.0
94,CLBP,1253,False,6.0,7.0,3.0,2.0,7.0,1.0
95,CLBP,1253,False,6.0,7.0,2.0,2.0,8.0,1.0
96,CLBP,1253,False,6.0,7.0,2.0,2.0,8.0,1.0
97,CLBP,1253,False,6.0,7.0,2.0,2.0,8.0,1.0
98,CLBP,1253,False,6.0,7.0,2.0,2.0,7.0,1.0
99,CLBP,1253,False,6.0,7.0,2.0,2.0,7.0,1.0
0,CLBP,1254,False,6.0,7.0,2.0,2.0,7.0,1.0
1,CLBP,1254,False,6.0,7.0,3.0,2.0,7.0,2.0
2,CLBP,1254,False,6.0,7.0,2.0,2.0,7.0,1.0
3,CLBP,1254,False,6.0,7.0,3.0,2.0,7.0,2.0
4,CLBP,1254,False,6.0,7.0,3.0,2.0,7.0,2.0
5,CLBP,1254,False,6.0,7.0,4.0,2.0,7.0,3.0
6,CLBP,1254,False,6.0,7.0,2.0,2.0,7.0,1.0
7,CLBP,1254,False,6.0,7.0,3.0,2.0,7.0,2.0
8,CLBP,1254,False,6.0,7.0,2.0,2.0,7.0,1.0
9,CLBP,1254,False,6.0,7.0,3.0,2.0,7.0,2.0
10,CLBP,1254,False,6.0,7.0,2.0,2.0,7.0,1.0
11,CLBP,1254,False,6.0,7.0,3.0,2.0,7.0,2.0
12,CLBP,1254,False,6.0,7.0,3.0,2.0,7.0,2.0
13,CLBP,1254,False,6.0,7.0,3.0,2.0,7.0,1.0
14,CLBP,1254,False,6.0,7.0,2.0,2.0,7.0,1.0
15,CLBP,1254,False,6.0,7.0,4.0,2.0,7.0,3.0
16,CLBP,1254,False,6.0,7.0,2.0,2.0,7.0,1.0
17,CLBP,1254,False,6.0,7.0,3.0,2.0,7.0,2.0
18,CLBP,1254,False,6.0,7.0,3.0,2.0,7.0,2.0
19,CLBP,1254,False,6.0,7.0,3.0,2.0,7.0,2.0
20,CLBP,1254,False,6.0,7.0,2.0,2.0,7.0,1.0
21,CLBP,1254,False,6.0,7.0,2.0,1.0,8.0,2.0
22,CLBP,1254,False,6.0,7.0,3.0,2.0,7.0,1.0
23,CLBP,1254,False,6.0,7.0,2.0,2.0,7.0,1.0
24,CLBP,1254,False,6.0,7.0,4.0,2.0,7.0,3.0
25,CLBP,1254,False,6.0,7.0,2.0,2.0,7.0,1.0
26,CLBP,1254,False,6.0,7.0,3.0,2.0,7.0,2.0
27,CLBP,1254,False,6.0,7.0,2.0,2.0,7.0,1.0
28,CLBP,1254,False,6.0,7.0,3.0,2.0,7.0,2.0
29,CLBP,1254,False,6.0,7.0,3.0,2.0,7.0,2.0
30,CLBP,1254,False,6.0,7.0,3.0,2.0,7.0,2.0
31,CLBP,1254,False,6.0,7.0,3.0,2.0,7.0,1.0
32,CLBP,1254,False,6.0,7.0,3.0,2.0,7.0,2.0
33,CLBP,1254,False,6.0,7.0,4.0,2.0,7.0,3.0
34,CLBP,1254,False,6.0,7.0,3.0,2.0,7.0,2.0
35,CLBP,1254,False,6.0,7.0,3.0,2.0,7.0,1.0
36,CLBP,1254,False,6.0,7.0,3.0,2.0,7.0,1.0
37,CLBP,1254,False,6.0,7.0,2.0,2.0,7.0,1.0
38,CLBP,1254,False,6.0,7.0,3.0,2.0,7.0,2.0
39,CLBP,1254,False,6.0,7.0,3.0,2.0,7.0,2.0
40,CLBP,1254,False,6.0,7.0,4.0,2.0,7.0,3.0
41,CLBP,1254,False,6.0,7.0,2.0,2.0,7.0,1.0
42,CLBP,1254,False,6.0,7.0,3.0,2.0,7.0,2.0
43,CLBP,1254,False,6.0,7.0,3.0,2.0,7.0,2.0
44,CLBP,1254,False,6.0,7.0,3.0,2.0,7.0,2.0
45,CLBP,1254,False,6.0,7.0,3.0,2.0,7.0,2.0
46,CLBP,1254,False,6.0,7.0,3.0,2.0,7.0,2.0
47,CLBP,1254,True,,,,,,
48,CLBP,1254,False,6.0,7.0,3.0,2.0,7.0,2.0
49,CLBP,1254,False,6.0,7.0,2.0,2.0,7.0,1.0
50,CLBP,1254,False,6.0,7.0,3.0,2.0,7.0,2.0
51,CLBP,1254,False,6.0,7.0,2.0,2.0,7.0,1.0
52,CLBP,1254,False,6.0,7.0,3.0,2.0,7.0,2.0
53,CLBP,1254,False,6.0,7.0,2.0,2.0,7.0,1.0
54,CLBP,1254,False,6.0,7.0,3.0,2.0,7.0,1.0
55,CLBP,1254,False,6.0,7.0,4.0,2.0,7.0,3.0
56,CLBP,1254,False,6.0,7.0,3.0,2.0,7.0,1.0
57,CLBP,1254,False,6.0,7.0,3.0,2.0,7.0,2.0
58,CLBP,1254,False,6.0,7.0,3.0,2.0,7.0,1.0
59,CLBP,1254,False,6.0,7.0,2.0,1.0,7.0,2.0
60,CLBP,1254,False,6.0,7.0,2.0,2.0,7.0,1.0
61,CLBP,1254,False,6.0,7.0,3.0,2.0,7.0,1.0
62,CLBP,1254,False,6.0,7.0,2.0,2.0,7.0,1.0
63,CLBP,1254,False,6.0,7.0,2.0,2.0,7.0,3.0
64,CLBP,1254,False,6.0,7.0,4.0,2.0,7.0,3.0
65,CLBP,1254,False,6.0,7.0,3.0,2.0,7.0,1.0
66,CLBP,1254,False,6.0,7.0,4.0,2.0,7.0,3.0
67,CLBP,1254,False,6.0,7.0,3.0,2.0,7.0,2.0
68,CLBP,1254,False,6.0,7.0,2.0,2.0,7.0,1.0
69,CLBP,1254,False,6.0,7.0,2.0,2.0,7.0,1.0
70,CLBP,1254,False,6.0,7.0,2.0,2.0,7.0,1.0
71,CLBP,1254,False,6.0,7.0,3.0,2.0,7.0,2.0
72,CLBP,1254,False,6.0,7.0,3.0,2.0,7.0,2.0
73,CLBP,1254,False,6.0,7.0,3.0,2.0,7.0,1.0
74,CLBP,1254,False,6.0,7.0,3.0,2.0,7.0,2.0
75,CLBP,1254,False,6.0,7.0,2.0,2.0,7.0,3.0
76,CLBP,1254,False,6.0,7.0,2.0,2.0,7.0,1.0
77,CLBP,1254,False,6.0,7.0,2.0,2.0,7.0,3.0
78,CLBP,1254,False,6.0,7.0,3.0,2.0,7.0,2.0
79,CLBP,1254,False,6.0,7.0,2.0,2.0,7.0,1.0
80,CLBP,1254,False,6.0,7.0,2.0,1.0,8.0,2.0
81,CLBP,1254,False,6.0,7.0,4.0,2.0,7.0,3.0
82,CLBP,1254,False,6.0,7.0,2.0,2.0,7.0,3.0
83,CLBP,1254,False,6.0,7.0,2.0,2.0,7.0,1.0
84,CLBP,1254,False,6.0,7.0,3.0,2.0,7.0,2.0
85,CLBP,1254,False,6.0,7.0,3.0,2.0,7.0,2.0
86,CLBP,1254,False,6.0,7.0,3.0,2.0,7.0,2.0
87,CLBP,1254,False,6.0,7.0,3.0,2.0,7.0,2.0
88,CLBP,1254,False,6.0,7.0,3.0,2.0,7.0,2.0
89,CLBP,1254,False,6.0,7.0,2.0,2.0,7.0,1.0
90,CLBP,1254,False,6.0,7.0,3.0,2.0,7.0,2.0
91,CLBP,1254,False,6.0,7.0,3.0,2.0,7.0,2.0
92,CLBP,1254,False,6.0,7.0,3.0,2.0,7.0,1.0
93,CLBP,1254,False,6.0,7.0,2.0,2.0,7.0,1.0
94,CLBP,1254,False,6.0,7.0,2.0,2.0,7.0,3.0
95,CLBP,1254,False,6.0,7.0,4.0,2.0,7.0,3.0
96,CLBP,1254,False,6.0,7.0,2.0,2.0,7.0,1.0
97,CLBP,1254,False,6.0,7.0,2.0,2.0,7.0,1.0
98,CLBP,1254,False,6.0,7.0,3.0,2.0,7.0,2.0
99,CLBP,1254,False,6.0,7.0,3.0,2.0,7.0,2.0
0,CLBP,1256,False,4.0,4.0,2.0,2.0,8.0,1.0
1,CLBP,1256,False,6.0,7.0,4.0,2.0,8.0,1.0
2,CLBP,1256,False,4.0,5.0,3.0,2.0,7.0,1.0
3,CLBP,1256,False,4.0,5.0,2.0,2.0,8.0,1.0
4,CLBP,1256,False,4.0,5.0,2.0,1.0,8.0,2.0
5,CLBP,1256,False,4.0,4.0,2.0,2.0,7.0,1.0
6,CLBP,1256,False,6.0,5.0,1.0,0.0,8.0,0.0
7,CLBP,1256,False,4.0,4.0,2.0,2.0,8.0,1.0
8,CLBP,1256,False,4.0,4.0,2.0,1.0,8.0,1.0
9,CLBP,1256,False,6.0,7.0,4.0,2.0,8.0,3.0
10,CLBP,1256,False,4.0,4.0,2.0,2.0,7.0,1.0
11,CLBP,1256,False,4.0,5.0,2.0,2.0,7.0,1.0
12,CLBP,1256,False,6.0,5.0,1.0,0.0,8.0,0.0
13,CLBP,1256,False,6.0,6.0,2.0,2.0,8.0,2.0
14,CLBP,1256,False,4.0,4.0,2.0,2.0,8.0,1.0
15,CLBP,1256,False,4.0,5.0,3.0,2.0,8.0,1.0
16,CLBP,1256,False,6.0,6.0,2.0,1.0,8.0,2.0
17,CLBP,1256,False,4.0,4.0,2.0,1.0,8.0,1.0
18,CLBP,1256,False,6.0,6.0,2.0,2.0,8.0,2.0
19,CLBP,1256,False,4.0,4.0,2.0,1.0,8.0,2.0
20,CLBP,1256,False,4.0,5.0,2.0,2.0,7.0,1.0
21,CLBP,1256,False,6.0,5.0,4.0,2.0,7.0,1.0
22,CLBP,1256,False,4.0,5.0,2.0,1.0,8.0,1.0
23,CLBP,1256,False,4.0,5.0,3.0,2.0,8.0,1.0
24,CLBP,1256,False,4.0,5.0,2.0,1.0,8.0,1.0
25,CLBP,1256,False,4.0,5.0,2.0,2.0,8.0,1.0
26,CLBP,1256,False,6.0,7.0,2.0,2.0,8.0,1.0
27,CLBP,1256,False,4.0,5.0,2.0,1.0,8.0,1.0
28,CLBP,1256,False,6.0,7.0,4.0,2.0,8.0,1.0
29,CLBP,1256,False,4.0,5.0,2.0,1.0,8.0,1.0
30,CLBP,1256,False,4.0,5.0,2.0,1.0,8.0,1.0
31,CLBP,1256,False,4.0,4.0,2.0,1.0,8.0,1.0
32,CLBP,1256,False,6.0,5.0,1.0,2.0,8.0,2.0
33,CLBP,1256,False,4.0,4.0,2.0,1.0,8.0,1.0
34,CLBP,1256,False,4.0,5.0,2.0,1.0,8.0,2.0
35,CLBP,1256,False,4.0,5.0,2.0,1.0,8.0,1.0
36,CLBP,1256,False,4.0,4.0,2.0,1.0,8.0,1.0
37,CLBP,1256,False,4.0,5.0,2.0,1.0,8.0,1.0
38,CLBP,1256,False,4.0,5.0,2.0,1.0,7.0,1.0
39,CLBP,1256,False,4.0,6.0,2.0,1.0,8.0,2.0
40,CLBP,1256,False,4.0,5.0,2.0,1.0,8.0,1.0
41,CLBP,1256,False,6.0,7.0,4.0,2.0,8.0,3.0
42,CLBP,1256,False,4.0,4.0,2.0,2.0,8.0,1.0
43,CLBP,1256,False,4.0,4.0,2.0,1.0,8.0,2.0
44,CLBP,1256,False,4.0,4.0,2.0,1.0,8.0,2.0
45,CLBP,1256,False,4.0,5.0,2.0,2.0,8.0,1.0
46,CLBP,1256,False,4.0,5.0,2.0,1.0,8.0,2.0
47,CLBP,1256,True,,,,,,
48,CLBP,1256,False,6.0,5.0,1.0,1.0,8.0,0.0
49,CLBP,1256,False,6.0,7.0,2.0,2.0,8.0,1.0
50,CLBP,1256,False,4.0,5.0,2.0,2.0,8.0,1.0
51,CLBP,1256,False,4.0,5.0,2.0,1.0,7.0,1.0
52,CLBP,1256,False,4.0,4.0,2.0,2.0,8.0,1.0
53,CLBP,1256,False,4.0,5.0,2.0,2.0,8.0,1.0
54,CLBP,1256,False,6.0,7.0,4.0,2.0,8.0,3.0
55,CLBP,1256,False,4.0,5.0,3.0,2.0,7.0,2.0
56,CLBP,1256,False,6.0,7.0,4.0,2.0,8.0,1.0
57,CLBP,1256,False,4.0,5.0,2.0,1.0,8.0,1.0
58,CLBP,1256,False,6.0,5.0,1.0,1.0,8.0,2.0
59,CLBP,1256,False,6.0,6.0,2.0,2.0,8.0,2.0
60,CLBP,1256,False,4.0,4.0,2.0,1.0,8.0,1.0
61,CLBP,1256,False,6.0,7.0,2.0,2.0,8.0,1.0
62,CLBP,1256,False,4.0,5.0,2.0,2.0,7.0,1.0
63,CLBP,1256,False,4.0,5.0,2.0,1.0,8.0,2.0
64,CLBP,1256,False,6.0,5.0,1.0,2.0,8.0,1.0
65,CLBP,1256,False,4.0,4.0,2.0,1.0,8.0,1.0
66,CLBP,1256,False,4.0,4.0,2.0,2.0,8.0,1.0
67,CLBP,1256,False,6.0,6.0,2.0,2.0,8.0,1.0
68,CLBP,1256,False,4.0,5.0,2.0,1.0,8.0,2.0
69,CLBP,1256,False,4.0,5.0,2.0,2.0,7.0,1.0
70,CLBP,1256,False,4.0,4.0,2.0,2.0,7.0,1.0
71,CLBP,1256,False,6.0,5.0,1.0,1.0,8.0,1.0
72,CLBP,1256,False,6.0,5.0,1.0,2.0,8.0,1.0
73,CLBP,1256,False,4.0,5.0,2.0,2.0,7.0,1.0
74,CLBP,1256,False,4.0,5.0,2.0,2.0,7.0,1.0
75,CLBP,1256,False,4.0,4.0,2.0,1.0,8.0,1.0
76,CLBP,1256,False,6.0,6.0,2.0,2.0,8.0,2.0
77,CLBP,1256,False,4.0,5.0,2.0,1.0,7.0,2.0
78,CLBP,1256,False,4.0,4.0,2.0,1.0,8.0,2.0
79,CLBP,1256,False,6.0,7.0,4.0,2.0,8.0,1.0
80,CLBP,1256,False,4.0,4.0,2.0,2.0,7.0,1.0
81,CLBP,1256,False,6.0,7.0,4.0,2.0,8.0,1.0
82,CLBP,1256,False,6.0,7.0,2.0,1.0,8.0,2.0
83,CLBP,1256,False,6.0,5.0,1.0,1.0,8.0,0.0
84,CLBP,1256,False,4.0,5.0,2.0,1.0,8.0,2.0
85,CLBP,1256,False,4.0,4.0,2.0,1.0,8.0,1.0
86,CLBP,1256,False,4.0,5.0,2.0,1.0,8.0,2.0
87,CLBP,1256,False,4.0,4.0,2.0,1.0,8.0,2.0
88,CLBP,1256,False,4.0,4.0,2.0,1.0,8.0,2.0
89,CLBP,1256,False,6.0,7.0,2.0,2.0,8.0,1.0
90,CLBP,1256,False,4.0,5.0,2.0,1.0,8.0,2.0
91,CLBP,1256,False,4.0,4.0,2.0,1.0,8.0,1.0
92,CLBP,1256,False,6.0,7.0,2.0,2.0,8.0,1.0
93,CLBP,1256,False,4.0,4.0,2.0,2.0,8.0,1.0
94,CLBP,1256,False,4.0,5.0,2.0,2.0,8.0,1.0
95,CLBP,1256,False,6.0,7.0,4.0,2.0,8.0,1.0
96,CLBP,1256,False,4.0,5.0,2.0,1.0,8.0,2.0
97,CLBP,1256,False,6.0,7.0,2.0,1.0,8.0,2.0
98,CLBP,1256,False,4.0,5.0,2.0,2.0,7.0,1.0
99,CLBP,1256,False,6.0,7.0,2.0,1.0,8.0,2.0
0,CLBP,1258,False,4.0,5.0,2.0,1.0,7.0,2.0
1,CLBP,1258,False,4.0,6.0,2.0,2.0,7.0,1.0
2,CLBP,1258,False,6.0,6.0,2.0,2.0,7.0,1.0
3,CLBP,1258,False,4.0,5.0,2.0,1.0,7.0,2.0
4,CLBP,1258,False,4.0,4.0,2.0,2.0,7.0,1.0
5,CLBP,1258,False,4.0,4.0,2.0,1.0,8.0,2.0
6,CLBP,1258,False,4.0,5.0,2.0,1.0,7.0,2.0
7,CLBP,1258,False,4.0,5.0,2.0,1.0,7.0,2.0
8,CLBP,1258,False,4.0,5.0,2.0,1.0,7.0,2.0
9,CLBP,1258,False,4.0,5.0,2.0,2.0,7.0,1.0
10,CLBP,1258,False,4.0,5.0,2.0,2.0,7.0,1.0
11,CLBP,1258,False,4.0,4.0,2.0,2.0,7.0,1.0
12,CLBP,1258,False,4.0,5.0,2.0,1.0,8.0,2.0
13,CLBP,1258,False,4.0,5.0,2.0,1.0,7.0,2.0
14,CLBP,1258,False,6.0,7.0,4.0,2.0,7.0,3.0
15,CLBP,1258,False,4.0,5.0,2.0,1.0,7.0,2.0
16,CLBP,1258,False,4.0,5.0,2.0,1.0,7.0,2.0
17,CLBP,1258,False,4.0,5.0,2.0,2.0,7.0,1.0
18,CLBP,1258,False,4.0,4.0,2.0,2.0,7.0,1.0
19,CLBP,1258,False,4.0,4.0,2.0,2.0,7.0,1.0
20,CLBP,1258,False,4.0,4.0,2.0,2.0,7.0,1.0
21,CLBP,1258,False,4.0,5.0,2.0,2.0,7.0,1.0
22,CLBP,1258,False,6.0,7.0,2.0,2.0,8.0,1.0
23,CLBP,1258,False,4.0,6.0,2.0,1.0,7.0,2.0
24,CLBP,1258,False,4.0,5.0,2.0,2.0,7.0,1.0
25,CLBP,1258,False,4.0,5.0,2.0,1.0,7.0,2.0
26,CLBP,1258,False,4.0,5.0,2.0,1.0,7.0,2.0
27,CLBP,1258,False,4.0,5.0,2.0,1.0,8.0,2.0
28,CLBP,1258,False,4.0,5.0,2.0,2.0,7.0,1.0
29,CLBP,1258,False,4.0,5.0,2.0,2.0,7.0,1.0
30,CLBP,1258,False,4.0,5.0,2.0,1.0,7.0,2.0
31,CLBP,1258,False,4.0,5.0,2.0,2.0,7.0,1.0
32,CLBP,1258,False,6.0,7.0,2.0,2.0,8.0,1.0
33,CLBP,1258,False,4.0,5.0,2.0,2.0,7.0,1.0
34,CLBP,1258,False,4.0,5.0,2.0,2.0,7.0,3.0
35,CLBP,1258,False,4.0,5.0,2.0,1.0,7.0,2.0
36,CLBP,1258,False,6.0,7.0,2.0,2.0,8.0,1.0
37,CLBP,1258,False,6.0,7.0,2.0,1.0,8.0,2.0
38,CLBP,1258,False,4.0,4.0,2.0,2.0,7.0,3.0
39,CLBP,1258,False,6.0,7.0,3.0,2.0,8.0,2.0
40,CLBP,1258,False,4.0,5.0,2.0,2.0,7.0,1.0
41,CLBP,1258,False,6.0,7.0,2.0,2.0,8.0,3.0
42,CLBP,1258,False,4.0,5.0,2.0,2.0,7.0,1.0
43,CLBP,1258,False,6.0,7.0,3.0,2.0,7.0,1.0
44,CLBP,1258,False,6.0,7.0,3.0,2.0,8.0,1.0
45,CLBP,1258,False,6.0,7.0,4.0,2.0,7.0,3.0
46,CLBP,1258,False,4.0,5.0,2.0,1.0,7.0,2.0
47,CLBP,1258,True,,,,,,
48,CLBP,1258,False,6.0,7.0,2.0,1.0,8.0,2.0
49,CLBP,1258,False,6.0,6.0,2.0,2.0,7.0,3.0
50,CLBP,1258,False,6.0,7.0,2.0,2.0,8.0,3.0
51,CLBP,1258,False,4.0,5.0,2.0,2.0,7.0,3.0
52,CLBP,1258,False,4.0,4.0,2.0,1.0,8.0,2.0
53,CLBP,1258,False,4.0,5.0,2.0,1.0,7.0,2.0
54,CLBP,1258,False,6.0,7.0,3.0,2.0,7.0,1.0
55,CLBP,1258,False,4.0,6.0,2.0,2.0,7.0,1.0
56,CLBP,1258,False,6.0,6.0,2.0,2.0,8.0,3.0
57,CLBP,1258,False,6.0,7.0,2.0,2.0,7.0,3.0
58,CLBP,1258,False,6.0,7.0,4.0,2.0,7.0,3.0
59,CLBP,1258,False,4.0,5.0,2.0,1.0,7.0,2.0
60,CLBP,1258,False,4.0,5.0,2.0,1.0,7.0,2.0
61,CLBP,1258,False,4.0,5.0,2.0,1.0,7.0,2.0
62,CLBP,1258,False,4.0,4.0,2.0,2.0,7.0,3.0
63,CLBP,1258,False,4.0,5.0,2.0,2.0,7.0,1.0
64,CLBP,1258,False,4.0,4.0,2.0,1.0,7.0,2.0
65,CLBP,1258,False,4.0,5.0,2.0,2.0,7.0,1.0
66,CLBP,1258,False,6.0,7.0,2.0,2.0,7.0,1.0
67,CLBP,1258,False,4.0,5.0,2.0,1.0,7.0,2.0
68,CLBP,1258,False,4.0,5.0,2.0,2.0,7.0,1.0
69,CLBP,1258,False,4.0,5.0,2.0,1.0,7.0,2.0
70,CLBP,1258,False,4.0,5.0,2.0,2.0,7.0,1.0
71,CLBP,1258,False,4.0,6.0,2.0,2.0,7.0,3.0
72,CLBP,1258,False,4.0,4.0,2.0,2.0,7.0,1.0
73,CLBP,1258,False,6.0,6.0,2.0,2.0,8.0,1.0
74,CLBP,1258,False,6.0,7.0,2.0,2.0,8.0,1.0
75,CLBP,1258,False,4.0,5.0,2.0,1.0,7.0,2.0
76,CLBP,1258,False,4.0,5.0,2.0,2.0,7.0,1.0
77,CLBP,1258,False,4.0,6.0,2.0,1.0,7.0,2.0
78,CLBP,1258,False,6.0,7.0,3.0,2.0,8.0,2.0
79,CLBP,1258,False,6.0,7.0,4.0,2.0,8.0,3.0
80,CLBP,1258,False,4.0,5.0,2.0,1.0,7.0,2.0
81,CLBP,1258,False,6.0,6.0,2.0,2.0,8.0,1.0
82,CLBP,1258,False,6.0,7.0,3.0,2.0,8.0,1.0
83,CLBP,1258,False,6.0,7.0,2.0,2.0,8.0,1.0
84,CLBP,1258,False,6.0,7.0,2.0,2.0,8.0,1.0
85,CLBP,1258,False,4.0,5.0,2.0,1.0,7.0,2.0
86,CLBP,1258,False,4.0,5.0,2.0,2.0,7.0,1.0
87,CLBP,1258,False,6.0,6.0,2.0,2.0,8.0,1.0
88,CLBP,1258,False,6.0,6.0,2.0,1.0,7.0,2.0
89,CLBP,1258,False,6.0,6.0,2.0,2.0,8.0,1.0
90,CLBP,1258,False,6.0,6.0,2.0,2.0,8.0,2.0
91,CLBP,1258,False,6.0,7.0,4.0,2.0,8.0,3.0
92,CLBP,1258,False,6.0,7.0,2.0,2.0,8.0,1.0
93,CLBP,1258,False,6.0,7.0,2.0,1.0,8.0,2.0
94,CLBP,1258,False,4.0,5.0,2.0,2.0,7.0,3.0
95,CLBP,1258,False,4.0,4.0,2.0,2.0,7.0,1.0
96,CLBP,1258,False,6.0,7.0,3.0,2.0,8.0,1.0
97,CLBP,1258,False,4.0,5.0,2.0,2.0,7.0,1.0
98,CLBP,1258,False,4.0,4.0,2.0,2.0,7.0,1.0
99,CLBP,1258,False,6.0,6.0,2.0,2.0,8.0,2.0
0,CLBP,1259,False,6.0,7.0,4.0,3.0,7.0,5.0
1,CLBP,1259,False,7.0,8.0,3.0,4.0,6.0,5.0
2,CLBP,1259,False,6.0,7.0,4.0,3.0,6.0,5.0
3,CLBP,1259,False,6.0,7.0,3.0,4.0,6.0,5.0
4,CLBP,1259,False,7.0,8.0,4.0,3.0,6.0,5.0
5,CLBP,1259,False,7.0,8.0,3.0,4.0,6.0,5.0
6,CLBP,1259,False,7.0,8.0,4.0,3.0,6.0,5.0
7,CLBP,1259,False,7.0,8.0,4.0,3.0,6.0,5.0
8,CLBP,1259,False,7.0,8.0,4.0,3.0,6.0,5.0
9,CLBP,1259,False,7.0,8.0,4.0,3.0,6.0,5.0
10,CLBP,1259,False,8.0,9.0,4.0,3.0,6.0,5.0
11,CLBP,1259,False,7.0,8.0,4.0,3.0,6.0,5.0
12,CLBP,1259,False,7.0,8.0,3.0,4.0,6.0,5.0
13,CLBP,1259,False,7.0,8.0,4.0,3.0,6.0,5.0
14,CLBP,1259,False,7.0,8.0,3.0,4.0,6.0,5.0
15,CLBP,1259,False,7.0,8.0,4.0,3.0,6.0,5.0
16,CLBP,1259,False,7.0,8.0,4.0,3.0,6.0,5.0
17,CLBP,1259,False,7.0,8.0,4.0,3.0,6.0,5.0
18,CLBP,1259,False,7.0,8.0,4.0,3.0,6.0,5.0
19,CLBP,1259,False,7.0,8.0,3.0,4.0,6.0,5.0
20,CLBP,1259,False,6.0,7.0,4.0,3.0,6.0,5.0
21,CLBP,1259,False,6.0,7.0,4.0,3.0,6.0,5.0
22,CLBP,1259,False,8.0,8.0,4.0,3.0,6.0,5.0
23,CLBP,1259,False,7.0,8.0,4.0,3.0,6.0,5.0
24,CLBP,1259,False,8.0,9.0,4.0,3.0,6.0,5.0
25,CLBP,1259,False,6.0,7.0,3.0,4.0,6.0,5.0
26,CLBP,1259,False,6.0,7.0,4.0,3.0,7.0,5.0
27,CLBP,1259,False,6.0,7.0,4.0,3.0,7.0,5.0
28,CLBP,1259,False,7.0,8.0,3.0,4.0,6.0,5.0
29,CLBP,1259,False,8.0,8.0,4.0,3.0,6.0,5.0
30,CLBP,1259,False,7.0,8.0,3.0,4.0,6.0,5.0
31,CLBP,1259,False,7.0,8.0,4.0,3.0,6.0,5.0
32,CLBP,1259,False,7.0,8.0,4.0,3.0,6.0,5.0
33,CLBP,1259,False,7.0,8.0,4.0,3.0,6.0,5.0
34,CLBP,1259,False,8.0,8.0,4.0,3.0,6.0,5.0
35,CLBP,1259,False,6.0,7.0,4.0,3.0,7.0,5.0
36,CLBP,1259,False,7.0,8.0,4.0,3.0,6.0,5.0
37,CLBP,1259,False,7.0,8.0,4.0,3.0,6.0,5.0
38,CLBP,1259,False,7.0,8.0,4.0,3.0,6.0,5.0
39,CLBP,1259,False,7.0,8.0,4.0,3.0,6.0,5.0
40,CLBP,1259,False,6.0,7.0,4.0,3.0,7.0,5.0
41,CLBP,1259,False,7.0,8.0,4.0,3.0,6.0,5.0
42,CLBP,1259,False,7.0,8.0,4.0,3.0,6.0,5.0
43,CLBP,1259,False,8.0,8.0,4.0,3.0,6.0,5.0
44,CLBP,1259,False,7.0,8.0,3.0,4.0,6.0,5.0
45,CLBP,1259,False,7.0,8.0,4.0,3.0,6.0,5.0
46,CLBP,1259,False,8.0,9.0,2.0,3.0,6.0,5.0
47,CLBP,1259,True,,,,,,
48,CLBP,1259,False,7.0,8.0,4.0,3.0,6.0,5.0
49,CLBP,1259,False,7.0,8.0,4.0,3.0,6.0,5.0
50,CLBP,1259,False,7.0,8.0,4.0,3.0,6.0,5.0
51,CLBP,1259,False,7.0,8.0,4.0,3.0,6.0,5.0
52,CLBP,1259,False,7.0,8.0,3.0,4.0,6.0,5.0
53,CLBP,1259,False,7.0,8.0,3.0,4.0,6.0,5.0
54,CLBP,1259,False,7.0,8.0,3.0,4.0,6.0,5.0
55,CLBP,1259,False,6.0,7.0,3.0,4.0,7.0,5.0
56,CLBP,1259,False,7.0,8.0,4.0,3.0,6.0,5.0
57,CLBP,1259,False,7.0,8.0,4.0,3.0,6.0,5.0
58,CLBP,1259,False,7.0,8.0,4.0,3.0,6.0,5.0
59,CLBP,1259,False,7.0,8.0,3.0,4.0,6.0,5.0
60,CLBP,1259,False,7.0,8.0,3.0,4.0,6.0,5.0
61,CLBP,1259,False,7.0,8.0,4.0,3.0,6.0,5.0
62,CLBP,1259,False,6.0,7.0,4.0,3.0,7.0,5.0
63,CLBP,1259,False,7.0,8.0,4.0,3.0,6.0,5.0
64,CLBP,1259,False,7.0,8.0,4.0,3.0,6.0,5.0
65,CLBP,1259,False,7.0,8.0,4.0,3.0,6.0,5.0
66,CLBP,1259,False,7.0,8.0,4.0,3.0,6.0,5.0
67,CLBP,1259,False,8.0,8.0,4.0,3.0,6.0,5.0
68,CLBP,1259,False,7.0,8.0,4.0,3.0,6.0,5.0
69,CLBP,1259,False,8.0,9.0,4.0,3.0,6.0,5.0
70,CLBP,1259,False,6.0,7.0,4.0,3.0,7.0,5.0
71,CLBP,1259,False,7.0,8.0,3.0,4.0,6.0,5.0
72,CLBP,1259,False,7.0,8.0,3.0,4.0,6.0,5.0
73,CLBP,1259,False,7.0,8.0,4.0,3.0,6.0,5.0
74,CLBP,1259,False,7.0,8.0,3.0,4.0,6.0,5.0
75,CLBP,1259,False,7.0,8.0,3.0,4.0,6.0,5.0
76,CLBP,1259,False,7.0,8.0,4.0,3.0,6.0,5.0
77,CLBP,1259,False,7.0,8.0,4.0,3.0,6.0,5.0
78,CLBP,1259,False,7.0,8.0,3.0,4.0,6.0,5.0
79,CLBP,1259,False,7.0,8.0,3.0,4.0,6.0,5.0
80,CLBP,1259,False,7.0,8.0,3.0,4.0,6.0,5.0
81,CLBP,1259,False,7.0,8.0,4.0,3.0,6.0,5.0
82,CLBP,1259,False,8.0,8.0,2.0,3.0,6.0,4.0
83,CLBP,1259,False,7.0,8.0,4.0,3.0,6.0,5.0
84,CLBP,1259,False,6.0,7.0,4.0,3.0,7.0,5.0
85,CLBP,1259,False,8.0,9.0,4.0,3.0,6.0,5.0
86,CLBP,1259,False,7.0,8.0,4.0,3.0,6.0,5.0
87,CLBP,1259,False,6.0,7.0,4.0,3.0,7.0,5.0
88,CLBP,1259,False,7.0,8.0,4.0,3.0,6.0,5.0
89,CLBP,1259,False,7.0,8.0,4.0,3.0,6.0,5.0
90,CLBP,1259,False,8.0,9.0,4.0,3.0,6.0,5.0
91,CLBP,1259,False,7.0,8.0,4.0,3.0,6.0,5.0
92,CLBP,1259,False,7.0,8.0,4.0,3.0,6.0,5.0
93,CLBP,1259,False,6.0,7.0,4.0,3.0,7.0,5.0
94,CLBP,1259,False,7.0,8.0,4.0,3.0,6.0,5.0
95,CLBP,1259,False,7.0,8.0,3.0,4.0,6.0,5.0
96,CLBP,1259,False,8.0,9.0,4.0,3.0,6.0,5.0
97,CLBP,1259,False,7.0,8.0,4.0,3.0,6.0,5.0
98,CLBP,1259,False,7.0,8.0,4.0,3.0,6.0,5.0
99,CLBP,1259,False,7.0,8.0,3.0,4.0,6.0,5.0
0,CLBP,1260,False,6.0,6.0,2.0,1.0,8.0,5.0
1,CLBP,1260,False,6.0,7.0,3.0,2.0,8.0,5.0
2,CLBP,1260,False,4.0,5.0,3.0,2.0,7.0,6.0
3,CLBP,1260,False,4.0,4.0,2.0,1.0,8.0,6.0
4,CLBP,1260,False,4.0,5.0,3.0,2.0,7.0,6.0
5,CLBP,1260,False,4.0,4.0,2.0,1.0,8.0,6.0
6,CLBP,1260,False,4.0,4.0,2.0,1.0,8.0,6.0
7,CLBP,1260,False,4.0,4.0,2.0,1.0,8.0,6.0
8,CLBP,1260,False,4.0,5.0,3.0,1.0,8.0,6.0
9,CLBP,1260,False,6.0,5.0,4.0,2.0,8.0,6.0
10,CLBP,1260,False,4.0,4.0,2.0,1.0,8.0,6.0
11,CLBP,1260,False,4.0,4.0,2.0,1.0,8.0,6.0
12,CLBP,1260,False,6.0,5.0,4.0,2.0,8.0,6.0
13,CLBP,1260,False,6.0,5.0,4.0,2.0,8.0,7.0
14,CLBP,1260,False,4.0,4.0,2.0,1.0,8.0,6.0
15,CLBP,1260,False,4.0,5.0,2.0,1.0,8.0,6.0
16,CLBP,1260,False,4.0,5.0,3.0,2.0,8.0,6.0
17,CLBP,1260,False,6.0,6.0,4.0,2.0,8.0,6.0
18,CLBP,1260,False,6.0,6.0,4.0,2.0,8.0,5.0
19,CLBP,1260,False,4.0,5.0,3.0,2.0,7.0,6.0
20,CLBP,1260,False,6.0,6.0,4.0,2.0,8.0,7.0
21,CLBP,1260,False,6.0,6.0,4.0,2.0,8.0,5.0
22,CLBP,1260,False,4.0,4.0,2.0,1.0,8.0,5.0
23,CLBP,1260,False,4.0,4.0,2.0,2.0,8.0,6.0
24,CLBP,1260,False,4.0,4.0,2.0,1.0,8.0,5.0
25,CLBP,1260,False,6.0,6.0,4.0,2.0,8.0,5.0
26,CLBP,1260,False,4.0,4.0,2.0,1.0,8.0,6.0
27,CLBP,1260,False,6.0,5.0,3.0,2.0,8.0,6.0
28,CLBP,1260,False,6.0,5.0,4.0,2.0,8.0,6.0
29,CLBP,1260,False,4.0,4.0,2.0,2.0,8.0,6.0
30,CLBP,1260,False,4.0,5.0,2.0,1.0,8.0,6.0
31,CLBP,1260,False,4.0,4.0,2.0,1.0,8.0,6.0
32,CLBP,1260,False,4.0,5.0,2.0,1.0,8.0,6.0
33,CLBP,1260,False,6.0,7.0,4.0,2.0,8.0,6.0
34,CLBP,1260,False,6.0,5.0,4.0,2.0,8.0,6.0
35,CLBP,1260,False,6.0,6.0,4.0,2.0,8.0,6.0
36,CLBP,1260,False,6.0,6.0,2.0,2.0,8.0,5.0
37,CLBP,1260,False,6.0,5.0,4.0,2.0,8.0,6.0
38,CLBP,1260,False,6.0,6.0,2.0,1.0,8.0,4.0
39,CLBP,1260,False,6.0,5.0,4.0,2.0,8.0,6.0
40,CLBP,1260,False,4.0,5.0,2.0,1.0,8.0,6.0
41,CLBP,1260,False,4.0,5.0,3.0,2.0,8.0,6.0
42,CLBP,1260,False,6.0,7.0,4.0,2.0,8.0,6.0
43,CLBP,1260,False,6.0,5.0,1.0,2.0,8.0,4.0
44,CLBP,1260,False,6.0,7.0,4.0,2.0,8.0,6.0
45,CLBP,1260,False,6.0,5.0,3.0,2.0,8.0,4.0
46,CLBP,1260,False,6.0,6.0,4.0,2.0,8.0,6.0
47,CLBP,1260,True,,,,,,
48,CLBP,1260,False,4.0,4.0,2.0,2.0,8.0,6.0
49,CLBP,1260,False,6.0,6.0,2.0,1.0,8.0,4.0
50,CLBP,1260,False,4.0,5.0,2.0,1.0,8.0,6.0
51,CLBP,1260,False,6.0,6.0,2.0,1.0,8.0,5.0
52,CLBP,1260,False,6.0,7.0,4.0,2.0,8.0,6.0
53,CLBP,1260,False,4.0,4.0,2.0,1.0,8.0,6.0
54,CLBP,1260,False,6.0,6.0,2.0,1.0,8.0,4.0
55,CLBP,1260,False,4.0,4.0,2.0,1.0,8.0,6.0
56,CLBP,1260,False,6.0,5.0,4.0,2.0,8.0,7.0
57,CLBP,1260,False,4.0,4.0,2.0,1.0,8.0,6.0
58,CLBP,1260,False,6.0,5.0,1.0,1.0,8.0,4.0
59,CLBP,1260,False,6.0,5.0,1.0,1.0,8.0,4.0
60,CLBP,1260,False,6.0,5.0,4.0,2.0,8.0,6.0
61,CLBP,1260,False,6.0,5.0,4.0,2.0,8.0,6.0
62,CLBP,1260,False,4.0,4.0,2.0,2.0,8.0,6.0
63,CLBP,1260,False,6.0,5.0,4.0,2.0,8.0,6.0
64,CLBP,1260,False,6.0,7.0,4.0,2.0,8.0,6.0
65,CLBP,1260,False,6.0,5.0,4.0,2.0,8.0,6.0
66,CLBP,1260,False,4.0,5.0,3.0,1.0,8.0,6.0
67,CLBP,1260,False,4.0,5.0,2.0,1.0,8.0,6.0
68,CLBP,1260,False,6.0,6.0,4.0,2.0,8.0,7.0
69,CLBP,1260,False,4.0,5.0,3.0,2.0,7.0,6.0
70,CLBP,1260,False,6.0,6.0,2.0,1.0,8.0,5.0
71,CLBP,1260,False,6.0,5.0,1.0,2.0,8.0,6.0
72,CLBP,1260,False,6.0,6.0,2.0,1.0,8.0,4.0
73,CLBP,1260,False,6.0,7.0,4.0,2.0,8.0,6.0
74,CLBP,1260,False,6.0,5.0,4.0,2.0,8.0,7.0
75,CLBP,1260,False,4.0,4.0,2.0,1.0,8.0,6.0
76,CLBP,1260,False,6.0,6.0,2.0,2.0,8.0,6.0
77,CLBP,1260,False,6.0,6.0,4.0,2.0,8.0,5.0
78,CLBP,1260,False,4.0,5.0,3.0,1.0,8.0,6.0
79,CLBP,1260,False,4.0,4.0,2.0,1.0,8.0,6.0
80,CLBP,1260,False,6.0,6.0,4.0,2.0,8.0,5.0
81,CLBP,1260,False,6.0,6.0,4.0,2.0,8.0,7.0
82,CLBP,1260,False,4.0,4.0,2.0,1.0,8.0,6.0
83,CLBP,1260,False,6.0,5.0,1.0,2.0,8.0,4.0
84,CLBP,1260,False,4.0,4.0,2.0,1.0,8.0,6.0
85,CLBP,1260,False,6.0,7.0,4.0,2.0,8.0,6.0
86,CLBP,1260,False,6.0,5.0,3.0,2.0,8.0,6.0
87,CLBP,1260,False,4.0,5.0,2.0,1.0,7.0,6.0
88,CLBP,1260,False,4.0,4.0,2.0,1.0,8.0,6.0
89,CLBP,1260,False,6.0,5.0,4.0,2.0,8.0,6.0
90,CLBP,1260,False,4.0,5.0,2.0,1.0,8.0,6.0
91,CLBP,1260,False,6.0,5.0,4.0,2.0,8.0,6.0
92,CLBP,1260,False,6.0,7.0,4.0,2.0,8.0,5.0
93,CLBP,1260,False,4.0,4.0,2.0,1.0,8.0,6.0
94,CLBP,1260,False,6.0,5.0,4.0,2.0,8.0,6.0
95,CLBP,1260,False,6.0,6.0,2.0,1.0,8.0,4.0
96,CLBP,1260,False,6.0,6.0,4.0,2.0,8.0,5.0
97,CLBP,1260,False,4.0,5.0,2.0,1.0,8.0,6.0
98,CLBP,1260,False,4.0,4.0,2.0,1.0,8.0,6.0
99,CLBP,1260,False,6.0,6.0,2.0,1.0,8.0,4.0
0,CLBP,1262,False,6.0,7.0,4.0,3.0,6.0,2.0
1,CLBP,1262,False,7.0,8.0,4.0,3.0,6.0,2.0
2,CLBP,1262,False,7.0,8.0,4.0,3.0,6.0,2.0
3,CLBP,1262,False,6.0,7.0,4.0,3.0,6.0,2.0
4,CLBP,1262,False,6.0,7.0,4.0,3.0,6.0,4.0
5,CLBP,1262,False,7.0,6.0,4.0,3.0,6.0,2.0
6,CLBP,1262,False,6.0,7.0,4.0,3.0,6.0,2.0
7,CLBP,1262,False,7.0,8.0,4.0,3.0,6.0,5.0
8,CLBP,1262,False,7.0,8.0,4.0,3.0,6.0,4.0
9,CLBP,1262,False,7.0,8.0,4.0,3.0,6.0,2.0
10,CLBP,1262,False,7.0,8.0,4.0,3.0,6.0,2.0
11,CLBP,1262,False,6.0,7.0,4.0,3.0,6.0,4.0
12,CLBP,1262,False,7.0,8.0,4.0,3.0,6.0,5.0
13,CLBP,1262,False,7.0,8.0,4.0,3.0,6.0,2.0
14,CLBP,1262,False,7.0,8.0,3.0,4.0,6.0,5.0
15,CLBP,1262,False,7.0,8.0,4.0,3.0,6.0,2.0
16,CLBP,1262,False,7.0,8.0,4.0,3.0,6.0,2.0
17,CLBP,1262,False,7.0,8.0,4.0,3.0,6.0,2.0
18,CLBP,1262,False,6.0,7.0,4.0,3.0,6.0,4.0
19,CLBP,1262,False,6.0,7.0,4.0,3.0,6.0,2.0
20,CLBP,1262,False,7.0,8.0,4.0,3.0,6.0,2.0
21,CLBP,1262,False,7.0,8.0,4.0,3.0,6.0,2.0
22,CLBP,1262,False,7.0,8.0,4.0,3.0,6.0,5.0
23,CLBP,1262,False,6.0,7.0,4.0,3.0,6.0,4.0
24,CLBP,1262,False,7.0,8.0,4.0,3.0,6.0,2.0
25,CLBP,1262,False,6.0,7.0,4.0,3.0,6.0,4.0
26,CLBP,1262,False,7.0,8.0,4.0,3.0,6.0,2.0
27,CLBP,1262,False,7.0,6.0,4.0,3.0,6.0,2.0
28,CLBP,1262,False,6.0,7.0,4.0,3.0,6.0,4.0
29,CLBP,1262,False,7.0,8.0,4.0,3.0,6.0,2.0
30,CLBP,1262,False,7.0,8.0,4.0,3.0,6.0,4.0
31,CLBP,1262,False,7.0,6.0,4.0,3.0,6.0,4.0
32,CLBP,1262,False,7.0,8.0,4.0,3.0,6.0,2.0
33,CLBP,1262,False,7.0,8.0,3.0,2.0,6.0,4.0
34,CLBP,1262,False,7.0,8.0,4.0,3.0,6.0,4.0
35,CLBP,1262,False,7.0,8.0,4.0,3.0,6.0,5.0
36,CLBP,1262,False,7.0,8.0,4.0,3.0,6.0,5.0
37,CLBP,1262,False,7.0,8.0,4.0,3.0,6.0,5.0
38,CLBP,1262,False,7.0,8.0,4.0,3.0,6.0,2.0
39,CLBP,1262,False,6.0,7.0,4.0,3.0,6.0,4.0
40,CLBP,1262,False,7.0,8.0,4.0,3.0,6.0,4.0
41,CLBP,1262,False,7.0,8.0,4.0,3.0,6.0,2.0
42,CLBP,1262,False,7.0,6.0,4.0,3.0,6.0,2.0
43,CLBP,1262,False,6.0,7.0,4.0,3.0,6.0,4.0
44,CLBP,1262,False,7.0,8.0,4.0,3.0,6.0,2.0
45,CLBP,1262,False,6.0,7.0,4.0,3.0,6.0,2.0
46,CLBP,1262,False,6.0,7.0,4.0,3.0,6.0,4.0
47,CLBP,1262,True,,,,,,
48,CLBP,1262,False,7.0,8.0,4.0,3.0,6.0,2.0
49,CLBP,1262,False,6.0,7.0,4.0,3.0,6.0,2.0
50,CLBP,1262,False,7.0,6.0,4.0,3.0,6.0,4.0
51,CLBP,1262,False,6.0,7.0,4.0,3.0,6.0,4.0
52,CLBP,1262,False,7.0,8.0,3.0,4.0,6.0,5.0
53,CLBP,1262,False,7.0,8.0,4.0,3.0,6.0,2.0
54,CLBP,1262,False,7.0,8.0,4.0,3.0,6.0,2.0
55,CLBP,1262,False,7.0,8.0,4.0,3.0,6.0,2.0
56,CLBP,1262,False,7.0,6.0,4.0,3.0,6.0,4.0
57,CLBP,1262,False,7.0,8.0,4.0,3.0,6.0,4.0
58,CLBP,1262,False,6.0,7.0,4.0,3.0,6.0,4.0
59,CLBP,1262,False,7.0,8.0,4.0,3.0,6.0,2.0
60,CLBP,1262,False,7.0,8.0,4.0,3.0,6.0,2.0
61,CLBP,1262,False,6.0,7.0,4.0,3.0,6.0,4.0
62,CLBP,1262,False,7.0,8.0,4.0,3.0,6.0,4.0
63,CLBP,1262,False,6.0,7.0,4.0,3.0,6.0,4.0
64,CLBP,1262,False,6.0,7.0,4.0,3.0,6.0,2.0
65,CLBP,1262,False,7.0,8.0,4.0,3.0,6.0,2.0
66,CLBP,1262,False,7.0,6.0,4.0,3.0,6.0,4.0
67,CLBP,1262,False,7.0,8.0,4.0,3.0,6.0,2.0
68,CLBP,1262,False,7.0,6.0,4.0,3.0,6.0,2.0
69,CLBP,1262,False,7.0,6.0,4.0,3.0,6.0,4.0
70,CLBP,1262,False,7.0,6.0,4.0,3.0,6.0,2.0
71,CLBP,1262,False,6.0,7.0,4.0,3.0,6.0,4.0
72,CLBP,1262,False,7.0,8.0,4.0,3.0,6.0,2.0
73,CLBP,1262,False,7.0,8.0,4.0,3.0,6.0,2.0
74,CLBP,1262,False,7.0,6.0,4.0,3.0,6.0,4.0
75,CLBP,1262,False,7.0,8.0,4.0,3.0,6.0,5.0
76,CLBP,1262,False,7.0,8.0,4.0,3.0,6.0,2.0
77,CLBP,1262,False,6.0,7.0,4.0,3.0,6.0,2.0
78,CLBP,1262,False,7.0,8.0,4.0,3.0,6.0,2.0
79,CLBP,1262,False,7.0,6.0,4.0,3.0,6.0,4.0
80,CLBP,1262,False,7.0,8.0,4.0,3.0,6.0,4.0
81,CLBP,1262,False,6.0,7.0,4.0,3.0,6.0,2.0
82,CLBP,1262,False,7.0,8.0,4.0,3.0,6.0,4.0
83,CLBP,1262,False,7.0,6.0,4.0,3.0,6.0,2.0
84,CLBP,1262,False,7.0,8.0,4.0,3.0,6.0,2.0
85,CLBP,1262,False,7.0,8.0,4.0,3.0,6.0,2.0
86,CLBP,1262,False,7.0,8.0,4.0,3.0,6.0,2.0
87,CLBP,1262,False,7.0,8.0,4.0,3.0,6.0,5.0
88,CLBP,1262,False,7.0,8.0,4.0,3.0,6.0,4.0
89,CLBP,1262,False,7.0,8.0,4.0,3.0,6.0,2.0
90,CLBP,1262,False,7.0,8.0,4.0,3.0,6.0,2.0
91,CLBP,1262,False,6.0,7.0,4.0,3.0,6.0,2.0
92,CLBP,1262,False,6.0,7.0,4.0,3.0,6.0,2.0
93,CLBP,1262,False,7.0,8.0,4.0,3.0,6.0,2.0
94,CLBP,1262,False,7.0,8.0,4.0,3.0,6.0,4.0
95,CLBP,1262,False,6.0,7.0,4.0,3.0,5.0,2.0
96,CLBP,1262,False,7.0,8.0,4.0,3.0,6.0,4.0
97,CLBP,1262,False,7.0,8.0,4.0,3.0,6.0,2.0
98,CLBP,1262,False,7.0,8.0,4.0,3.0,6.0,2.0
99,CLBP,1262,False,7.0,8.0,4.0,3.0,6.0,2.0
0,CLBP,1263,False,6.0,5.0,1.0,2.0,8.0,3.0
1,CLBP,1263,False,6.0,5.0,1.0,2.0,8.0,3.0
2,CLBP,1263,False,6.0,5.0,1.0,2.0,8.0,3.0
3,CLBP,1263,False,6.0,5.0,1.0,2.0,8.0,3.0
4,CLBP,1263,False,6.0,5.0,1.0,2.0,8.0,3.0
5,CLBP,1263,False,6.0,5.0,1.0,2.0,8.0,3.0
6,CLBP,1263,False,4.0,4.0,1.0,2.0,8.0,2.0
7,CLBP,1263,False,6.0,5.0,1.0,2.0,8.0,3.0
8,CLBP,1263,False,6.0,5.0,1.0,2.0,8.0,3.0
9,CLBP,1263,False,6.0,5.0,1.0,2.0,8.0,1.0
10,CLBP,1263,False,6.0,6.0,2.0,2.0,8.0,3.0
11,CLBP,1263,False,6.0,5.0,1.0,2.0,8.0,3.0
12,CLBP,1263,False,4.0,4.0,2.0,2.0,8.0,3.0
13,CLBP,1263,False,6.0,6.0,2.0,2.0,8.0,1.0
14,CLBP,1263,False,6.0,6.0,2.0,2.0,8.0,4.0
15,CLBP,1263,False,4.0,4.0,2.0,2.0,8.0,3.0
16,CLBP,1263,False,4.0,4.0,2.0,2.0,8.0,3.0
17,CLBP,1263,False,4.0,4.0,2.0,2.0,8.0,3.0
18,CLBP,1263,False,4.0,4.0,2.0,2.0,8.0,3.0
19,CLBP,1263,False,6.0,5.0,1.0,2.0,8.0,3.0
20,CLBP,1263,False,6.0,5.0,1.0,2.0,8.0,3.0
21,CLBP,1263,False,4.0,4.0,2.0,2.0,8.0,1.0
22,CLBP,1263,False,4.0,4.0,2.0,2.0,8.0,3.0
23,CLBP,1263,False,6.0,5.0,1.0,2.0,8.0,3.0
24,CLBP,1263,False,4.0,4.0,1.0,1.0,8.0,2.0
25,CLBP,1263,False,6.0,5.0,1.0,2.0,8.0,3.0
26,CLBP,1263,False,6.0,5.0,1.0,2.0,8.0,3.0
27,CLBP,1263,False,4.0,4.0,2.0,1.0,8.0,2.0
28,CLBP,1263,False,6.0,5.0,1.0,2.0,8.0,3.0
29,CLBP,1263,False,4.0,4.0,2.0,2.0,7.0,3.0
30,CLBP,1263,False,4.0,4.0,2.0,2.0,8.0,1.0
31,CLBP,1263,False,6.0,5.0,1.0,2.0,8.0,3.0
32,CLBP,1263,False,6.0,5.0,2.0,2.0,8.0,3.0
33,CLBP,1263,False,4.0,4.0,2.0,2.0,7.0,3.0
34,CLBP,1263,False,4.0,4.0,2.0,1.0,8.0,2.0
35,CLBP,1263,False,4.0,4.0,2.0,2.0,8.0,3.0
36,CLBP,1263,False,4.0,4.0,2.0,2.0,8.0,3.0
37,CLBP,1263,False,4.0,4.0,2.0,2.0,8.0,1.0
38,CLBP,1263,False,6.0,5.0,1.0,2.0,8.0,3.0
39,CLBP,1263,False,6.0,5.0,1.0,2.0,8.0,3.0
40,CLBP,1263,False,6.0,5.0,1.0,2.0,8.0,3.0
41,CLBP,1263,False,4.0,4.0,2.0,2.0,8.0,1.0
42,CLBP,1263,False,6.0,5.0,1.0,2.0,8.0,3.0
43,CLBP,1263,False,6.0,5.0,1.0,2.0,8.0,3.0
44,CLBP,1263,False,4.0,4.0,2.0,2.0,8.0,3.0
45,CLBP,1263,False,4.0,5.0,2.0,2.0,8.0,1.0
46,CLBP,1263,False,6.0,5.0,1.0,1.0,8.0,2.0
47,CLBP,1263,True,,,,,,
48,CLBP,1263,False,4.0,4.0,2.0,1.0,8.0,2.0
49,CLBP,1263,False,6.0,5.0,1.0,2.0,8.0,3.0
50,CLBP,1263,False,4.0,4.0,2.0,2.0,8.0,3.0
51,CLBP,1263,False,6.0,5.0,1.0,1.0,8.0,2.0
52,CLBP,1263,False,6.0,5.0,1.0,2.0,8.0,3.0
53,CLBP,1263,False,6.0,5.0,1.0,2.0,8.0,3.0
54,CLBP,1263,False,6.0,6.0,2.0,2.0,8.0,1.0
55,CLBP,1263,False,6.0,5.0,1.0,1.0,8.0,2.0
56,CLBP,1263,False,6.0,5.0,1.0,1.0,8.0,2.0
57,CLBP,1263,False,6.0,5.0,2.0,2.0,8.0,3.0
58,CLBP,1263,False,4.0,4.0,2.0,2.0,8.0,1.0
59,CLBP,1263,False,6.0,6.0,2.0,2.0,8.0,1.0
60,CLBP,1263,False,6.0,6.0,2.0,2.0,8.0,3.0
61,CLBP,1263,False,6.0,5.0,1.0,2.0,8.0,3.0
62,CLBP,1263,False,4.0,4.0,1.0,2.0,8.0,1.0
63,CLBP,1263,False,4.0,4.0,2.0,2.0,8.0,3.0
64,CLBP,1263,False,4.0,4.0,2.0,2.0,8.0,3.0
65,CLBP,1263,False,4.0,5.0,2.0,1.0,7.0,3.0
66,CLBP,1263,False,4.0,4.0,2.0,2.0,7.0,3.0
67,CLBP,1263,False,6.0,5.0,1.0,2.0,8.0,3.0
68,CLBP,1263,False,6.0,5.0,1.0,2.0,8.0,3.0
69,CLBP,1263,False,6.0,5.0,1.0,1.0,8.0,2.0
70,CLBP,1263,False,6.0,5.0,1.0,2.0,8.0,3.0
71,CLBP,1263,False,4.0,4.0,2.0,2.0,8.0,1.0
72,CLBP,1263,False,4.0,4.0,2.0,2.0,8.0,3.0
73,CLBP,1263,False,6.0,5.0,1.0,1.0,8.0,2.0
74,CLBP,1263,False,6.0,5.0,1.0,2.0,8.0,3.0
75,CLBP,1263,False,4.0,4.0,2.0,2.0,8.0,3.0
76,CLBP,1263,False,4.0,4.0,2.0,2.0,7.0,3.0
77,CLBP,1263,False,4.0,4.0,2.0,2.0,8.0,3.0
78,CLBP,1263,False,4.0,4.0,2.0,2.0,8.0,3.0
79,CLBP,1263,False,6.0,6.0,2.0,2.0,8.0,1.0
80,CLBP,1263,False,6.0,5.0,1.0,2.0,8.0,3.0
81,CLBP,1263,False,4.0,4.0,2.0,2.0,8.0,3.0
82,CLBP,1263,False,6.0,5.0,1.0,1.0,8.0,2.0
83,CLBP,1263,False,4.0,4.0,1.0,1.0,8.0,2.0
84,CLBP,1263,False,6.0,5.0,1.0,2.0,8.0,3.0
85,CLBP,1263,False,6.0,5.0,1.0,2.0,8.0,3.0
86,CLBP,1263,False,4.0,4.0,2.0,2.0,8.0,1.0
87,CLBP,1263,False,4.0,4.0,2.0,1.0,8.0,2.0
88,CLBP,1263,False,6.0,5.0,1.0,2.0,8.0,3.0
89,CLBP,1263,False,4.0,4.0,2.0,2.0,8.0,3.0
90,CLBP,1263,False,4.0,4.0,2.0,2.0,8.0,3.0
91,CLBP,1263,False,6.0,5.0,2.0,2.0,8.0,3.0
92,CLBP,1263,False,4.0,4.0,2.0,2.0,8.0,3.0
93,CLBP,1263,False,6.0,5.0,1.0,2.0,8.0,1.0
94,CLBP,1263,False,6.0,5.0,1.0,2.0,8.0,1.0
95,CLBP,1263,False,6.0,5.0,1.0,2.0,8.0,3.0
96,CLBP,1263,False,4.0,4.0,2.0,2.0,8.0,3.0
97,CLBP,1263,False,4.0,4.0,2.0,2.0,8.0,3.0
98,CLBP,1263,False,4.0,5.0,2.0,2.0,8.0,3.0
99,CLBP,1263,False,4.0,4.0,2.0,2.0,8.0,3.0
0,CLBP,1264,False,6.0,5.0,4.0,3.0,7.0,2.0
1,CLBP,1264,False,6.0,7.0,4.0,2.0,7.0,3.0
2,CLBP,1264,False,6.0,5.0,7.0,3.0,7.0,4.0
3,CLBP,1264,False,6.0,5.0,7.0,2.0,7.0,3.0
4,CLBP,1264,False,6.0,5.0,7.0,4.0,7.0,3.0
5,CLBP,1264,False,6.0,5.0,7.0,3.0,7.0,4.0
6,CLBP,1264,False,6.0,5.0,7.0,3.0,7.0,4.0
7,CLBP,1264,False,6.0,6.0,4.0,2.0,7.0,3.0
8,CLBP,1264,False,6.0,5.0,7.0,3.0,7.0,4.0
9,CLBP,1264,False,6.0,7.0,4.0,3.0,7.0,2.0
10,CLBP,1264,False,6.0,6.0,4.0,2.0,7.0,3.0
11,CLBP,1264,False,6.0,5.0,7.0,2.0,7.0,3.0
12,CLBP,1264,False,6.0,5.0,7.0,3.0,7.0,4.0
13,CLBP,1264,False,6.0,6.0,4.0,2.0,7.0,3.0
14,CLBP,1264,False,6.0,5.0,4.0,3.0,7.0,4.0
15,CLBP,1264,False,6.0,7.0,4.0,3.0,7.0,2.0
16,CLBP,1264,False,6.0,5.0,7.0,4.0,7.0,3.0
17,CLBP,1264,False,6.0,5.0,7.0,3.0,7.0,4.0
18,CLBP,1264,False,6.0,5.0,7.0,3.0,7.0,4.0
19,CLBP,1264,False,6.0,5.0,7.0,3.0,7.0,4.0
20,CLBP,1264,False,6.0,6.0,4.0,2.0,7.0,3.0
21,CLBP,1264,False,6.0,5.0,7.0,3.0,7.0,4.0
22,CLBP,1264,False,6.0,5.0,4.0,2.0,7.0,3.0
23,CLBP,1264,False,6.0,6.0,4.0,3.0,7.0,2.0
24,CLBP,1264,False,6.0,5.0,7.0,3.0,7.0,4.0
25,CLBP,1264,False,6.0,5.0,7.0,4.0,7.0,3.0
26,CLBP,1264,False,6.0,5.0,7.0,2.0,7.0,3.0
27,CLBP,1264,False,6.0,5.0,7.0,2.0,7.0,3.0
28,CLBP,1264,False,6.0,5.0,4.0,2.0,7.0,3.0
29,CLBP,1264,False,6.0,5.0,7.0,3.0,7.0,4.0
30,CLBP,1264,False,6.0,5.0,7.0,2.0,7.0,3.0
31,CLBP,1264,False,6.0,5.0,7.0,3.0,7.0,4.0
32,CLBP,1264,False,6.0,5.0,7.0,2.0,7.0,3.0
33,CLBP,1264,False,6.0,6.0,4.0,2.0,7.0,3.0
34,CLBP,1264,False,6.0,5.0,7.0,4.0,7.0,3.0
35,CLBP,1264,False,6.0,5.0,7.0,3.0,7.0,4.0
36,CLBP,1264,False,6.0,5.0,7.0,2.0,7.0,4.0
37,CLBP,1264,False,6.0,5.0,7.0,3.0,7.0,4.0
38,CLBP,1264,False,6.0,5.0,4.0,2.0,7.0,3.0
39,CLBP,1264,False,6.0,5.0,7.0,4.0,7.0,3.0
40,CLBP,1264,False,6.0,5.0,7.0,3.0,7.0,4.0
41,CLBP,1264,False,6.0,5.0,7.0,2.0,7.0,3.0
42,CLBP,1264,False,6.0,5.0,7.0,3.0,7.0,4.0
43,CLBP,1264,False,6.0,5.0,7.0,4.0,7.0,3.0
44,CLBP,1264,False,6.0,7.0,4.0,3.0,7.0,4.0
45,CLBP,1264,False,6.0,5.0,7.0,3.0,7.0,4.0
46,CLBP,1264,False,6.0,5.0,7.0,4.0,7.0,3.0
47,CLBP,1264,True,,,,,,
48,CLBP,1264,False,6.0,5.0,7.0,3.0,7.0,4.0
49,CLBP,1264,False,6.0,5.0,4.0,2.0,7.0,3.0
50,CLBP,1264,False,6.0,5.0,7.0,2.0,7.0,4.0
51,CLBP,1264,False,6.0,5.0,4.0,2.0,7.0,3.0
52,CLBP,1264,False,6.0,5.0,4.0,2.0,7.0,3.0
53,CLBP,1264,False,6.0,5.0,4.0,2.0,7.0,3.0
54,CLBP,1264,False,6.0,5.0,4.0,2.0,7.0,3.0
55,CLBP,1264,False,6.0,5.0,7.0,3.0,7.0,4.0
56,CLBP,1264,False,6.0,5.0,7.0,3.0,7.0,4.0
57,CLBP,1264,False,6.0,5.0,7.0,3.0,7.0,4.0
58,CLBP,1264,False,6.0,5.0,7.0,3.0,7.0,4.0
59,CLBP,1264,False,6.0,5.0,7.0,2.0,7.0,4.0
60,CLBP,1264,False,6.0,5.0,7.0,3.0,7.0,4.0
61,CLBP,1264,False,6.0,6.0,4.0,2.0,7.0,3.0
62,CLBP,1264,False,6.0,5.0,7.0,3.0,7.0,4.0
63,CLBP,1264,False,6.0,6.0,4.0,2.0,7.0,3.0
64,CLBP,1264,False,6.0,7.0,4.0,2.0,7.0,3.0
65,CLBP,1264,False,6.0,5.0,7.0,4.0,7.0,3.0
66,CLBP,1264,False,6.0,6.0,4.0,2.0,7.0,3.0
67,CLBP,1264,False,6.0,6.0,4.0,2.0,7.0,3.0
68,CLBP,1264,False,6.0,5.0,7.0,4.0,7.0,3.0
69,CLBP,1264,False,6.0,5.0,7.0,3.0,7.0,4.0
70,CLBP,1264,False,6.0,7.0,4.0,2.0,7.0,3.0
71,CLBP,1264,False,6.0,5.0,7.0,2.0,7.0,3.0
72,CLBP,1264,False,6.0,5.0,7.0,3.0,7.0,4.0
73,CLBP,1264,False,6.0,6.0,4.0,2.0,7.0,3.0
74,CLBP,1264,False,6.0,6.0,4.0,2.0,7.0,3.0
75,CLBP,1264,False,6.0,5.0,7.0,4.0,7.0,3.0
76,CLBP,1264,False,6.0,6.0,4.0,2.0,7.0,3.0
77,CLBP,1264,False,6.0,5.0,7.0,2.0,7.0,3.0
78,CLBP,1264,False,6.0,5.0,7.0,3.0,7.0,4.0
79,CLBP,1264,False,6.0,5.0,7.0,3.0,7.0,4.0
80,CLBP,1264,False,6.0,5.0,7.0,3.0,7.0,4.0
81,CLBP,1264,False,6.0,5.0,7.0,2.0,7.0,3.0
82,CLBP,1264,False,6.0,6.0,4.0,2.0,7.0,3.0
83,CLBP,1264,False,6.0,5.0,7.0,2.0,7.0,3.0
84,CLBP,1264,False,6.0,5.0,7.0,2.0,7.0,3.0
85,CLBP,1264,False,6.0,5.0,7.0,3.0,7.0,4.0
86,CLBP,1264,False,6.0,5.0,7.0,3.0,7.0,4.0
87,CLBP,1264,False,6.0,5.0,7.0,3.0,7.0,4.0
88,CLBP,1264,False,6.0,5.0,7.0,3.0,7.0,4.0
89,CLBP,1264,False,6.0,5.0,7.0,3.0,7.0,4.0
90,CLBP,1264,False,6.0,5.0,7.0,4.0,7.0,3.0
91,CLBP,1264,False,6.0,5.0,7.0,3.0,7.0,4.0
92,CLBP,1264,False,6.0,5.0,7.0,2.0,7.0,3.0
93,CLBP,1264,False,6.0,5.0,7.0,3.0,7.0,4.0
94,CLBP,1264,False,6.0,5.0,7.0,3.0,7.0,4.0
95,CLBP,1264,False,6.0,5.0,4.0,2.0,7.0,3.0
96,CLBP,1264,False,6.0,5.0,7.0,4.0,7.0,3.0
97,CLBP,1264,False,6.0,5.0,7.0,4.0,7.0,3.0
98,CLBP,1264,False,6.0,5.0,4.0,2.0,7.0,3.0
99,CLBP,1264,False,6.0,5.0,7.0,3.0,7.0,4.0
0,CLBP,1301,False,7.0,8.0,4.0,6.0,5.0,3.0
1,CLBP,1301,False,7.0,8.0,6.0,8.0,6.0,4.0
2,CLBP,1301,False,7.0,6.0,4.0,6.0,5.0,3.0
3,CLBP,1301,False,6.0,7.0,4.0,8.0,5.0,3.0
4,CLBP,1301,False,7.0,8.0,4.0,6.0,5.0,3.0
5,CLBP,1301,False,6.0,7.0,5.0,6.0,7.0,4.0
6,CLBP,1301,False,6.0,7.0,4.0,8.0,5.0,3.0
7,CLBP,1301,False,7.0,8.0,6.0,6.0,5.0,4.0
8,CLBP,1301,False,7.0,8.0,4.0,6.0,5.0,3.0
9,CLBP,1301,False,6.0,7.0,4.0,6.0,7.0,3.0
10,CLBP,1301,False,6.0,7.0,5.0,7.0,6.0,4.0
11,CLBP,1301,False,6.0,7.0,5.0,8.0,6.0,4.0
12,CLBP,1301,False,7.0,6.0,4.0,6.0,5.0,3.0
13,CLBP,1301,False,6.0,7.0,4.0,7.0,5.0,3.0
14,CLBP,1301,False,7.0,8.0,4.0,6.0,5.0,3.0
15,CLBP,1301,False,6.0,7.0,4.0,5.0,7.0,3.0
16,CLBP,1301,False,7.0,8.0,6.0,8.0,6.0,4.0
17,CLBP,1301,False,7.0,8.0,4.0,6.0,5.0,3.0
18,CLBP,1301,False,6.0,7.0,4.0,6.0,7.0,3.0
19,CLBP,1301,False,7.0,6.0,8.0,8.0,6.0,4.0
20,CLBP,1301,False,6.0,7.0,5.0,6.0,7.0,4.0
21,CLBP,1301,False,6.0,7.0,4.0,6.0,7.0,3.0
22,CLBP,1301,False,6.0,7.0,4.0,6.0,7.0,3.0
23,CLBP,1301,False,7.0,8.0,6.0,6.0,5.0,4.0
24,CLBP,1301,False,7.0,6.0,4.0,6.0,5.0,3.0
25,CLBP,1301,False,6.0,7.0,4.0,6.0,7.0,3.0
26,CLBP,1301,False,6.0,7.0,5.0,6.0,7.0,4.0
27,CLBP,1301,False,7.0,8.0,6.0,6.0,7.0,4.0
28,CLBP,1301,False,6.0,7.0,5.0,6.0,7.0,4.0
29,CLBP,1301,False,7.0,8.0,6.0,8.0,5.0,4.0
30,CLBP,1301,False,6.0,7.0,4.0,6.0,7.0,3.0
31,CLBP,1301,False,6.0,7.0,4.0,6.0,7.0,3.0
32,CLBP,1301,False,7.0,8.0,6.0,6.0,7.0,4.0
33,CLBP,1301,False,7.0,6.0,5.0,8.0,6.0,4.0
34,CLBP,1301,False,7.0,8.0,4.0,6.0,5.0,3.0
35,CLBP,1301,False,7.0,8.0,6.0,6.0,5.0,4.0
36,CLBP,1301,False,6.0,7.0,4.0,6.0,7.0,3.0
37,CLBP,1301,False,6.0,7.0,4.0,6.0,5.0,3.0
38,CLBP,1301,False,7.0,8.0,4.0,6.0,5.0,3.0
39,CLBP,1301,False,6.0,7.0,5.0,6.0,7.0,4.0
40,CLBP,1301,False,6.0,7.0,4.0,6.0,5.0,3.0
41,CLBP,1301,False,6.0,7.0,4.0,6.0,5.0,3.0
42,CLBP,1301,False,6.0,7.0,4.0,6.0,5.0,3.0
43,CLBP,1301,False,7.0,8.0,6.0,8.0,6.0,4.0
44,CLBP,1301,False,7.0,8.0,6.0,8.0,6.0,4.0
45,CLBP,1301,False,6.0,7.0,4.0,8.0,5.0,3.0
46,CLBP,1301,False,7.0,8.0,5.0,6.0,4.0,3.0
47,CLBP,1301,True,,,,,,
48,CLBP,1301,False,7.0,8.0,6.0,8.0,6.0,4.0
49,CLBP,1301,False,7.0,6.0,4.0,8.0,5.0,3.0
50,CLBP,1301,False,7.0,8.0,6.0,6.0,5.0,4.0
51,CLBP,1301,False,7.0,6.0,5.0,8.0,6.0,4.0
52,CLBP,1301,False,6.0,7.0,4.0,6.0,7.0,3.0
53,CLBP,1301,False,7.0,8.0,5.0,6.0,7.0,4.0
54,CLBP,1301,False,6.0,7.0,5.0,7.0,6.0,4.0
55,CLBP,1301,False,6.0,7.0,4.0,6.0,5.0,3.0
56,CLBP,1301,False,7.0,6.0,8.0,8.0,5.0,4.0
57,CLBP,1301,False,6.0,7.0,4.0,5.0,6.0,3.0
58,CLBP,1301,False,7.0,6.0,4.0,6.0,5.0,3.0
59,CLBP,1301,False,7.0,6.0,8.0,8.0,5.0,4.0
60,CLBP,1301,False,7.0,8.0,4.0,6.0,5.0,3.0
61,CLBP,1301,False,7.0,8.0,4.0,6.0,5.0,3.0
62,CLBP,1301,False,7.0,8.0,5.0,6.0,7.0,4.0
63,CLBP,1301,False,7.0,6.0,4.0,6.0,7.0,3.0
64,CLBP,1301,False,6.0,7.0,4.0,6.0,7.0,3.0
65,CLBP,1301,False,6.0,7.0,5.0,8.0,6.0,4.0
66,CLBP,1301,False,7.0,8.0,4.0,6.0,5.0,3.0
67,CLBP,1301,False,7.0,6.0,5.0,6.0,7.0,4.0
68,CLBP,1301,False,6.0,7.0,4.0,6.0,5.0,3.0
69,CLBP,1301,False,7.0,8.0,5.0,6.0,6.0,4.0
70,CLBP,1301,False,6.0,7.0,5.0,6.0,7.0,4.0
71,CLBP,1301,False,6.0,7.0,4.0,6.0,5.0,3.0
72,CLBP,1301,False,7.0,6.0,4.0,6.0,5.0,3.0
73,CLBP,1301,False,7.0,8.0,4.0,6.0,5.0,3.0
74,CLBP,1301,False,7.0,8.0,4.0,6.0,5.0,3.0
75,CLBP,1301,False,6.0,7.0,4.0,8.0,5.0,3.0
76,CLBP,1301,False,7.0,8.0,6.0,6.0,7.0,4.0
77,CLBP,1301,False,7.0,8.0,6.0,8.0,5.0,4.0
78,CLBP,1301,False,6.0,7.0,4.0,5.0,7.0,3.0
79,CLBP,1301,False,6.0,7.0,5.0,6.0,7.0,4.0
80,CLBP,1301,False,7.0,8.0,6.0,8.0,6.0,4.0
81,CLBP,1301,False,7.0,6.0,4.0,6.0,5.0,3.0
82,CLBP,1301,False,6.0,7.0,5.0,8.0,4.0,3.0
83,CLBP,1301,False,7.0,8.0,4.0,6.0,5.0,3.0
84,CLBP,1301,False,6.0,7.0,4.0,8.0,5.0,3.0
85,CLBP,1301,False,6.0,7.0,4.0,8.0,5.0,3.0
86,CLBP,1301,False,7.0,8.0,5.0,6.0,4.0,3.0
87,CLBP,1301,False,6.0,7.0,4.0,8.0,5.0,3.0
88,CLBP,1301,False,6.0,7.0,5.0,6.0,7.0,4.0
89,CLBP,1301,False,6.0,7.0,4.0,6.0,7.0,3.0
90,CLBP,1301,False,6.0,7.0,4.0,6.0,5.0,3.0
91,CLBP,1301,False,6.0,7.0,4.0,6.0,7.0,3.0
92,CLBP,1301,False,7.0,8.0,4.0,6.0,5.0,3.0
93,CLBP,1301,False,6.0,7.0,5.0,7.0,6.0,4.0
94,CLBP,1301,False,7.0,8.0,4.0,6.0,5.0,3.0
95,CLBP,1301,False,6.0,7.0,4.0,6.0,7.0,3.0
96,CLBP,1301,False,6.0,7.0,4.0,8.0,5.0,3.0
97,CLBP,1301,False,7.0,8.0,6.0,8.0,6.0,4.0
98,CLBP,1301,False,6.0,7.0,4.0,6.0,5.0,3.0
99,CLBP,1301,False,7.0,6.0,4.0,6.0,5.0,3.0
0,CLBP,1302,False,6.0,7.0,4.0,4.0,6.0,3.0
1,CLBP,1302,False,6.0,7.0,4.0,5.0,6.0,3.0
2,CLBP,1302,False,6.0,7.0,4.0,5.0,6.0,3.0
3,CLBP,1302,False,6.0,7.0,4.0,5.0,7.0,3.0
4,CLBP,1302,False,6.0,7.0,4.0,5.0,7.0,3.0
5,CLBP,1302,False,6.0,7.0,4.0,4.0,6.0,3.0
6,CLBP,1302,False,6.0,7.0,4.0,4.0,7.0,3.0
7,CLBP,1302,False,6.0,7.0,4.0,5.0,6.0,3.0
8,CLBP,1302,False,6.0,7.0,4.0,5.0,7.0,3.0
9,CLBP,1302,False,6.0,7.0,4.0,4.0,6.0,3.0
10,CLBP,1302,False,6.0,7.0,4.0,5.0,6.0,3.0
11,CLBP,1302,False,6.0,7.0,4.0,4.0,6.0,3.0
12,CLBP,1302,False,6.0,7.0,4.0,5.0,6.0,3.0
13,CLBP,1302,False,6.0,7.0,4.0,4.0,6.0,3.0
14,CLBP,1302,False,6.0,7.0,4.0,5.0,6.0,3.0
15,CLBP,1302,False,6.0,7.0,4.0,5.0,6.0,3.0
16,CLBP,1302,False,6.0,7.0,4.0,5.0,7.0,3.0
17,CLBP,1302,False,6.0,7.0,4.0,5.0,6.0,3.0
18,CLBP,1302,False,6.0,7.0,4.0,5.0,7.0,3.0
19,CLBP,1302,False,6.0,7.0,4.0,5.0,6.0,3.0
20,CLBP,1302,False,6.0,7.0,4.0,5.0,6.0,3.0
21,CLBP,1302,False,6.0,7.0,4.0,5.0,6.0,3.0
22,CLBP,1302,False,6.0,7.0,4.0,4.0,6.0,3.0
23,CLBP,1302,False,6.0,7.0,4.0,5.0,6.0,3.0
24,CLBP,1302,False,6.0,7.0,4.0,5.0,6.0,3.0
25,CLBP,1302,False,6.0,7.0,4.0,5.0,6.0,3.0
26,CLBP,1302,False,6.0,7.0,4.0,5.0,6.0,3.0
27,CLBP,1302,False,6.0,7.0,4.0,5.0,6.0,3.0
28,CLBP,1302,False,6.0,7.0,4.0,5.0,6.0,3.0
29,CLBP,1302,False,6.0,7.0,4.0,4.0,6.0,3.0
30,CLBP,1302,False,6.0,7.0,4.0,5.0,6.0,3.0
31,CLBP,1302,False,6.0,7.0,4.0,5.0,7.0,3.0
32,CLBP,1302,False,6.0,7.0,4.0,5.0,6.0,3.0
33,CLBP,1302,False,6.0,7.0,4.0,4.0,6.0,3.0
34,CLBP,1302,False,6.0,7.0,4.0,5.0,6.0,3.0
35,CLBP,1302,False,6.0,7.0,4.0,5.0,6.0,3.0
36,CLBP,1302,False,6.0,7.0,4.0,5.0,6.0,3.0
37,CLBP,1302,False,6.0,7.0,4.0,5.0,7.0,3.0
38,CLBP,1302,False,6.0,7.0,4.0,5.0,6.0,3.0
39,CLBP,1302,False,6.0,7.0,4.0,5.0,7.0,3.0
40,CLBP,1302,False,6.0,7.0,4.0,5.0,7.0,3.0
41,CLBP,1302,False,6.0,7.0,4.0,5.0,6.0,3.0
42,CLBP,1302,False,6.0,7.0,4.0,5.0,7.0,3.0
43,CLBP,1302,False,6.0,7.0,4.0,5.0,7.0,3.0
44,CLBP,1302,False,6.0,7.0,4.0,5.0,7.0,3.0
45,CLBP,1302,False,6.0,7.0,4.0,4.0,6.0,3.0
46,CLBP,1302,False,6.0,7.0,4.0,5.0,6.0,3.0
47,CLBP,1302,True,,,,,,
48,CLBP,1302,False,6.0,7.0,4.0,5.0,7.0,3.0
49,CLBP,1302,False,6.0,7.0,4.0,4.0,7.0,3.0
50,CLBP,1302,False,6.0,7.0,4.0,5.0,6.0,3.0
51,CLBP,1302,False,6.0,7.0,4.0,5.0,6.0,3.0
52,CLBP,1302,False,6.0,7.0,4.0,5.0,7.0,3.0
53,CLBP,1302,False,6.0,7.0,4.0,4.0,6.0,3.0
54,CLBP,1302,False,6.0,7.0,4.0,5.0,6.0,3.0
55,CLBP,1302,False,6.0,7.0,4.0,5.0,6.0,3.0
56,CLBP,1302,False,6.0,7.0,4.0,5.0,6.0,3.0
57,CLBP,1302,False,6.0,7.0,4.0,5.0,6.0,3.0
58,CLBP,1302,False,6.0,7.0,4.0,5.0,7.0,3.0
59,CLBP,1302,False,6.0,7.0,4.0,5.0,6.0,3.0
60,CLBP,1302,False,6.0,7.0,4.0,5.0,7.0,3.0
61,CLBP,1302,False,6.0,7.0,4.0,5.0,7.0,3.0
62,CLBP,1302,False,6.0,7.0,4.0,5.0,6.0,3.0
63,CLBP,1302,False,6.0,7.0,4.0,5.0,6.0,3.0
64,CLBP,1302,False,6.0,7.0,4.0,5.0,6.0,3.0
65,CLBP,1302,False,6.0,7.0,4.0,5.0,6.0,3.0
66,CLBP,1302,False,6.0,7.0,4.0,4.0,6.0,3.0
67,CLBP,1302,False,6.0,7.0,4.0,4.0,6.0,3.0
68,CLBP,1302,False,6.0,7.0,4.0,5.0,6.0,3.0
69,CLBP,1302,False,6.0,7.0,4.0,5.0,6.0,3.0
70,CLBP,1302,False,6.0,7.0,4.0,5.0,6.0,3.0
71,CLBP,1302,False,6.0,7.0,4.0,5.0,7.0,3.0
72,CLBP,1302,False,6.0,7.0,4.0,5.0,6.0,3.0
73,CLBP,1302,False,6.0,7.0,4.0,5.0,7.0,3.0
74,CLBP,1302,False,6.0,7.0,4.0,5.0,7.0,3.0
75,CLBP,1302,False,6.0,7.0,4.0,4.0,6.0,3.0
76,CLBP,1302,False,6.0,7.0,4.0,5.0,7.0,3.0
77,CLBP,1302,False,6.0,7.0,4.0,5.0,6.0,3.0
78,CLBP,1302,False,6.0,7.0,4.0,5.0,6.0,3.0
79,CLBP,1302,False,6.0,7.0,4.0,5.0,6.0,3.0
80,CLBP,1302,False,6.0,7.0,4.0,5.0,6.0,3.0
81,CLBP,1302,False,6.0,7.0,4.0,5.0,6.0,3.0
82,CLBP,1302,False,6.0,7.0,4.0,5.0,7.0,3.0
83,CLBP,1302,False,6.0,7.0,4.0,4.0,6.0,3.0
84,CLBP,1302,False,6.0,7.0,4.0,5.0,7.0,3.0
85,CLBP,1302,False,6.0,7.0,4.0,4.0,6.0,3.0
86,CLBP,1302,False,6.0,7.0,4.0,5.0,6.0,3.0
87,CLBP,1302,False,6.0,7.0,4.0,4.0,6.0,3.0
88,CLBP,1302,False,6.0,7.0,4.0,5.0,6.0,3.0
89,CLBP,1302,False,6.0,7.0,4.0,4.0,6.0,3.0
90,CLBP,1302,False,6.0,7.0,4.0,5.0,7.0,3.0
91,CLBP,1302,False,6.0,7.0,4.0,5.0,6.0,3.0
92,CLBP,1302,False,6.0,7.0,4.0,5.0,6.0,3.0
93,CLBP,1302,False,6.0,7.0,4.0,5.0,6.0,3.0
94,CLBP,1302,False,6.0,7.0,4.0,4.0,6.0,3.0
95,CLBP,1302,False,6.0,7.0,4.0,5.0,6.0,3.0
96,CLBP,1302,False,6.0,7.0,4.0,5.0,6.0,3.0
97,CLBP,1302,False,6.0,7.0,4.0,5.0,6.0,3.0
98,CLBP,1302,False,6.0,7.0,4.0,5.0,7.0,3.0
99,CLBP,1302,False,6.0,7.0,4.0,5.0,6.0,3.0
0,CLBP,1303,False,6.0,5.0,7.0,8.0,4.0,7.0
1,CLBP,1303,False,6.0,5.0,7.0,8.0,4.0,7.0
2,CLBP,1303,False,6.0,5.0,7.0,8.0,4.0,7.0
3,CLBP,1303,False,6.0,5.0,7.0,8.0,4.0,7.0
4,CLBP,1303,False,6.0,5.0,7.0,8.0,4.0,6.0
5,CLBP,1303,False,6.0,5.0,7.0,8.0,4.0,7.0
6,CLBP,1303,False,6.0,5.0,7.0,8.0,4.0,7.0
7,CLBP,1303,False,6.0,5.0,7.0,8.0,4.0,6.0
8,CLBP,1303,False,6.0,5.0,7.0,8.0,4.0,8.0
9,CLBP,1303,False,6.0,5.0,7.0,8.0,4.0,7.0
10,CLBP,1303,False,6.0,5.0,7.0,8.0,4.0,7.0
11,CLBP,1303,False,6.0,5.0,7.0,8.0,4.0,6.0
12,CLBP,1303,False,6.0,5.0,7.0,8.0,4.0,7.0
13,CLBP,1303,False,6.0,5.0,7.0,8.0,4.0,6.0
14,CLBP,1303,False,6.0,5.0,7.0,8.0,4.0,7.0
15,CLBP,1303,False,6.0,5.0,7.0,8.0,4.0,7.0
16,CLBP,1303,False,6.0,5.0,7.0,8.0,4.0,7.0
17,CLBP,1303,False,6.0,5.0,7.0,8.0,4.0,6.0
18,CLBP,1303,False,6.0,5.0,7.0,8.0,4.0,6.0
19,CLBP,1303,False,6.0,5.0,7.0,8.0,4.0,7.0
20,CLBP,1303,False,6.0,5.0,7.0,8.0,4.0,7.0
21,CLBP,1303,False,6.0,5.0,7.0,8.0,4.0,7.0
22,CLBP,1303,False,6.0,5.0,7.0,8.0,4.0,7.0
23,CLBP,1303,False,6.0,5.0,7.0,8.0,4.0,7.0
24,CLBP,1303,False,6.0,5.0,7.0,8.0,4.0,6.0
25,CLBP,1303,False,6.0,5.0,7.0,8.0,4.0,7.0
26,CLBP,1303,False,6.0,5.0,7.0,8.0,4.0,6.0
27,CLBP,1303,False,6.0,5.0,7.0,8.0,4.0,8.0
28,CLBP,1303,False,6.0,5.0,7.0,8.0,4.0,7.0
29,CLBP,1303,False,6.0,5.0,7.0,8.0,4.0,7.0
30,CLBP,1303,False,6.0,5.0,7.0,8.0,4.0,6.0
31,CLBP,1303,False,6.0,5.0,7.0,8.0,4.0,7.0
32,CLBP,1303,False,6.0,5.0,7.0,8.0,4.0,7.0
33,CLBP,1303,False,6.0,5.0,7.0,8.0,4.0,6.0
34,CLBP,1303,False,6.0,5.0,7.0,8.0,4.0,7.0
35,CLBP,1303,False,6.0,5.0,7.0,8.0,4.0,7.0
36,CLBP,1303,False,6.0,5.0,7.0,8.0,4.0,8.0
37,CLBP,1303,False,6.0,5.0,7.0,8.0,4.0,6.0
38,CLBP,1303,False,6.0,5.0,7.0,8.0,4.0,7.0
39,CLBP,1303,False,6.0,5.0,7.0,8.0,4.0,6.0
40,CLBP,1303,False,6.0,5.0,7.0,8.0,4.0,7.0
41,CLBP,1303,False,6.0,5.0,7.0,8.0,4.0,7.0
42,CLBP,1303,False,6.0,5.0,7.0,8.0,4.0,6.0
43,CLBP,1303,False,6.0,5.0,7.0,8.0,4.0,7.0
44,CLBP,1303,False,6.0,5.0,7.0,8.0,4.0,6.0
45,CLBP,1303,False,6.0,5.0,7.0,8.0,4.0,7.0
46,CLBP,1303,False,6.0,5.0,7.0,8.0,4.0,8.0
47,CLBP,1303,True,,,,,,
48,CLBP,1303,False,6.0,5.0,7.0,8.0,4.0,7.0
49,CLBP,1303,False,6.0,5.0,7.0,8.0,4.0,7.0
50,CLBP,1303,False,6.0,5.0,7.0,8.0,4.0,6.0
51,CLBP,1303,False,6.0,5.0,7.0,8.0,4.0,6.0
52,CLBP,1303,False,6.0,5.0,7.0,8.0,4.0,7.0
53,CLBP,1303,False,6.0,5.0,7.0,8.0,4.0,7.0
54,CLBP,1303,False,6.0,5.0,7.0,8.0,4.0,7.0
55,CLBP,1303,False,6.0,5.0,7.0,8.0,4.0,6.0
56,CLBP,1303,False,6.0,5.0,7.0,8.0,4.0,6.0
57,CLBP,1303,False,6.0,5.0,7.0,8.0,4.0,8.0
58,CLBP,1303,False,6.0,5.0,7.0,8.0,4.0,7.0
59,CLBP,1303,False,6.0,5.0,7.0,8.0,4.0,6.0
60,CLBP,1303,False,6.0,5.0,7.0,8.0,4.0,6.0
61,CLBP,1303,False,6.0,5.0,7.0,8.0,4.0,6.0
62,CLBP,1303,False,6.0,5.0,7.0,8.0,4.0,6.0
63,CLBP,1303,False,6.0,5.0,7.0,8.0,4.0,6.0
64,CLBP,1303,False,6.0,5.0,7.0,8.0,4.0,6.0
65,CLBP,1303,False,6.0,5.0,7.0,8.0,4.0,8.0
66,CLBP,1303,False,6.0,5.0,7.0,8.0,4.0,7.0
67,CLBP,1303,False,6.0,5.0,7.0,8.0,4.0,6.0
68,CLBP,1303,False,6.0,5.0,7.0,8.0,4.0,6.0
69,CLBP,1303,False,6.0,5.0,7.0,8.0,4.0,7.0
70,CLBP,1303,False,6.0,5.0,7.0,8.0,4.0,6.0
71,CLBP,1303,False,6.0,5.0,7.0,8.0,4.0,7.0
72,CLBP,1303,False,6.0,5.0,7.0,8.0,4.0,6.0
73,CLBP,1303,False,6.0,5.0,7.0,8.0,4.0,6.0
74,CLBP,1303,False,6.0,5.0,7.0,8.0,4.0,6.0
75,CLBP,1303,False,6.0,5.0,7.0,8.0,4.0,8.0
76,CLBP,1303,False,6.0,5.0,7.0,8.0,4.0,6.0
77,CLBP,1303,False,6.0,5.0,7.0,8.0,4.0,6.0
78,CLBP,1303,False,6.0,5.0,7.0,8.0,4.0,6.0
79,CLBP,1303,False,6.0,5.0,7.0,8.0,4.0,7.0
80,CLBP,1303,False,6.0,5.0,7.0,8.0,4.0,6.0
81,CLBP,1303,False,6.0,5.0,7.0,8.0,4.0,6.0
82,CLBP,1303,False,6.0,5.0,7.0,8.0,4.0,7.0
83,CLBP,1303,False,6.0,5.0,7.0,8.0,4.0,6.0
84,CLBP,1303,False,6.0,5.0,7.0,8.0,4.0,7.0
85,CLBP,1303,False,6.0,5.0,7.0,8.0,4.0,6.0
86,CLBP,1303,False,6.0,5.0,7.0,8.0,4.0,8.0
87,CLBP,1303,False,6.0,5.0,7.0,8.0,4.0,7.0
88,CLBP,1303,False,6.0,5.0,7.0,8.0,4.0,6.0
89,CLBP,1303,False,6.0,5.0,7.0,8.0,4.0,6.0
90,CLBP,1303,False,6.0,5.0,7.0,8.0,4.0,8.0
91,CLBP,1303,False,6.0,5.0,7.0,8.0,4.0,8.0
92,CLBP,1303,False,6.0,5.0,7.0,8.0,4.0,7.0
93,CLBP,1303,False,6.0,5.0,7.0,8.0,4.0,8.0
94,CLBP,1303,False,6.0,5.0,7.0,8.0,4.0,8.0
95,CLBP,1303,False,6.0,5.0,7.0,8.0,4.0,6.0
96,CLBP,1303,False,6.0,5.0,7.0,8.0,4.0,6.0
97,CLBP,1303,False,6.0,5.0,7.0,8.0,4.0,7.0
98,CLBP,1303,False,6.0,5.0,7.0,8.0,4.0,6.0
99,CLBP,1303,False,6.0,5.0,7.0,8.0,4.0,7.0
0,CLBP,1306,False,6.0,5.0,4.0,2.0,7.0,3.0
1,CLBP,1306,False,6.0,7.0,4.0,2.0,8.0,3.0
2,CLBP,1306,False,6.0,5.0,2.0,2.0,7.0,3.0
3,CLBP,1306,False,6.0,6.0,2.0,2.0,7.0,3.0
4,CLBP,1306,False,6.0,6.0,2.0,2.0,7.0,3.0
5,CLBP,1306,False,6.0,5.0,1.0,2.0,7.0,3.0
6,CLBP,1306,False,6.0,7.0,3.0,2.0,7.0,4.0
7,CLBP,1306,False,6.0,6.0,2.0,2.0,8.0,3.0
8,CLBP,1306,False,6.0,7.0,3.0,2.0,8.0,4.0
9,CLBP,1306,False,4.0,6.0,2.0,2.0,7.0,3.0
10,CLBP,1306,False,6.0,7.0,4.0,2.0,7.0,3.0
11,CLBP,1306,False,6.0,7.0,3.0,2.0,8.0,4.0
12,CLBP,1306,False,6.0,5.0,2.0,2.0,7.0,3.0
13,CLBP,1306,False,6.0,6.0,2.0,2.0,8.0,1.0
14,CLBP,1306,False,6.0,5.0,4.0,2.0,7.0,3.0
15,CLBP,1306,False,6.0,7.0,4.0,3.0,7.0,4.0
16,CLBP,1306,False,6.0,7.0,4.0,2.0,7.0,3.0
17,CLBP,1306,False,6.0,7.0,3.0,2.0,7.0,4.0
18,CLBP,1306,False,6.0,7.0,4.0,3.0,7.0,2.0
19,CLBP,1306,False,6.0,7.0,4.0,3.0,7.0,2.0
20,CLBP,1306,False,6.0,7.0,3.0,2.0,7.0,4.0
21,CLBP,1306,False,6.0,5.0,2.0,2.0,7.0,3.0
22,CLBP,1306,False,6.0,5.0,4.0,2.0,7.0,3.0
23,CLBP,1306,False,6.0,5.0,3.0,2.0,7.0,3.0
24,CLBP,1306,False,6.0,6.0,2.0,2.0,7.0,3.0
25,CLBP,1306,False,6.0,5.0,2.0,2.0,7.0,3.0
26,CLBP,1306,False,4.0,4.0,2.0,2.0,7.0,3.0
27,CLBP,1306,False,6.0,6.0,4.0,3.0,7.0,4.0
28,CLBP,1306,False,6.0,6.0,2.0,2.0,7.0,3.0
29,CLBP,1306,False,6.0,7.0,4.0,2.0,7.0,3.0
30,CLBP,1306,False,6.0,6.0,2.0,2.0,7.0,3.0
31,CLBP,1306,False,6.0,7.0,4.0,3.0,7.0,4.0
32,CLBP,1306,False,6.0,5.0,3.0,2.0,7.0,3.0
33,CLBP,1306,False,6.0,6.0,2.0,2.0,7.0,3.0
34,CLBP,1306,False,4.0,6.0,2.0,2.0,7.0,3.0
35,CLBP,1306,False,6.0,7.0,4.0,3.0,7.0,4.0
36,CLBP,1306,False,6.0,5.0,1.0,2.0,7.0,3.0
37,CLBP,1306,False,6.0,7.0,4.0,3.0,7.0,2.0
38,CLBP,1306,False,6.0,6.0,2.0,2.0,8.0,3.0
39,CLBP,1306,False,6.0,5.0,1.0,2.0,7.0,3.0
40,CLBP,1306,False,6.0,5.0,4.0,2.0,7.0,3.0
41,CLBP,1306,False,6.0,7.0,4.0,3.0,7.0,2.0
42,CLBP,1306,False,6.0,7.0,4.0,3.0,7.0,2.0
43,CLBP,1306,False,6.0,6.0,2.0,2.0,7.0,3.0
44,CLBP,1306,False,6.0,7.0,4.0,3.0,7.0,2.0
45,CLBP,1306,False,6.0,7.0,4.0,2.0,7.0,3.0
46,CLBP,1306,False,6.0,6.0,2.0,2.0,7.0,3.0
47,CLBP,1306,True,,,,,,
48,CLBP,1306,False,6.0,6.0,2.0,2.0,8.0,3.0
49,CLBP,1306,False,6.0,6.0,2.0,2.0,8.0,3.0
50,CLBP,1306,False,6.0,7.0,4.0,2.0,7.0,3.0
51,CLBP,1306,False,6.0,7.0,3.0,2.0,8.0,4.0
52,CLBP,1306,False,6.0,6.0,2.0,2.0,7.0,3.0
53,CLBP,1306,False,4.0,4.0,2.0,2.0,7.0,3.0
54,CLBP,1306,False,6.0,5.0,3.0,2.0,7.0,4.0
55,CLBP,1306,False,6.0,6.0,2.0,2.0,7.0,3.0
56,CLBP,1306,False,6.0,6.0,2.0,2.0,7.0,3.0
57,CLBP,1306,False,6.0,6.0,2.0,2.0,7.0,3.0
58,CLBP,1306,False,6.0,7.0,4.0,3.0,7.0,2.0
59,CLBP,1306,False,6.0,7.0,3.0,2.0,8.0,4.0
60,CLBP,1306,False,6.0,7.0,4.0,3.0,7.0,2.0
61,CLBP,1306,False,6.0,5.0,4.0,2.0,7.0,3.0
62,CLBP,1306,False,6.0,7.0,4.0,2.0,7.0,3.0
63,CLBP,1306,False,6.0,7.0,4.0,2.0,8.0,3.0
64,CLBP,1306,False,6.0,7.0,3.0,2.0,7.0,4.0
65,CLBP,1306,False,6.0,5.0,4.0,2.0,7.0,3.0
66,CLBP,1306,False,6.0,7.0,4.0,3.0,7.0,2.0
67,CLBP,1306,False,6.0,7.0,4.0,2.0,8.0,3.0
68,CLBP,1306,False,6.0,7.0,4.0,3.0,7.0,2.0
69,CLBP,1306,False,6.0,6.0,2.0,2.0,7.0,3.0
70,CLBP,1306,False,6.0,5.0,4.0,2.0,7.0,3.0
71,CLBP,1306,False,6.0,7.0,3.0,2.0,7.0,3.0
72,CLBP,1306,False,6.0,5.0,4.0,3.0,7.0,2.0
73,CLBP,1306,False,6.0,6.0,2.0,2.0,8.0,3.0
74,CLBP,1306,False,6.0,7.0,4.0,2.0,8.0,3.0
75,CLBP,1306,False,6.0,7.0,3.0,2.0,8.0,4.0
76,CLBP,1306,False,6.0,6.0,2.0,2.0,7.0,3.0
77,CLBP,1306,False,6.0,6.0,2.0,2.0,7.0,3.0
78,CLBP,1306,False,6.0,6.0,2.0,2.0,7.0,3.0
79,CLBP,1306,False,6.0,5.0,2.0,2.0,7.0,3.0
80,CLBP,1306,False,6.0,5.0,4.0,2.0,7.0,3.0
81,CLBP,1306,False,6.0,5.0,4.0,3.0,7.0,2.0
82,CLBP,1306,False,6.0,7.0,4.0,3.0,7.0,4.0
83,CLBP,1306,False,6.0,7.0,3.0,2.0,7.0,4.0
84,CLBP,1306,False,6.0,7.0,3.0,2.0,7.0,4.0
85,CLBP,1306,False,6.0,7.0,4.0,3.0,7.0,2.0
86,CLBP,1306,False,6.0,7.0,4.0,2.0,7.0,3.0
87,CLBP,1306,False,6.0,7.0,3.0,2.0,7.0,2.0
88,CLBP,1306,False,6.0,7.0,3.0,2.0,7.0,4.0
89,CLBP,1306,False,6.0,5.0,2.0,2.0,7.0,3.0
90,CLBP,1306,False,6.0,7.0,4.0,2.0,7.0,3.0
91,CLBP,1306,False,6.0,6.0,2.0,2.0,7.0,3.0
92,CLBP,1306,False,6.0,5.0,1.0,2.0,7.0,3.0
93,CLBP,1306,False,6.0,7.0,4.0,3.0,7.0,4.0
94,CLBP,1306,False,6.0,6.0,2.0,2.0,7.0,3.0
95,CLBP,1306,False,6.0,5.0,2.0,2.0,7.0,3.0
96,CLBP,1306,False,6.0,5.0,1.0,2.0,7.0,2.0
97,CLBP,1306,False,6.0,7.0,4.0,2.0,7.0,3.0
98,CLBP,1306,False,6.0,7.0,4.0,3.0,7.0,2.0
99,CLBP,1306,False,6.0,6.0,2.0,2.0,7.0,3.0
0,CLBP,1308,False,7.0,8.0,6.0,4.0,5.0,6.0
1,CLBP,1308,False,8.0,9.0,6.0,7.0,4.0,6.0
2,CLBP,1308,False,8.0,9.0,6.0,7.0,4.0,6.0
3,CLBP,1308,False,8.0,8.0,6.0,7.0,4.0,6.0
4,CLBP,1308,False,8.0,9.0,6.0,7.0,4.0,6.0
5,CLBP,1308,False,8.0,8.0,6.0,7.0,4.0,6.0
6,CLBP,1308,False,8.0,9.0,6.0,7.0,4.0,6.0
7,CLBP,1308,False,8.0,9.0,6.0,7.0,4.0,6.0
8,CLBP,1308,False,8.0,8.0,6.0,7.0,4.0,6.0
9,CLBP,1308,False,7.0,8.0,5.0,6.0,4.0,5.0
10,CLBP,1308,False,8.0,9.0,6.0,4.0,5.0,6.0
11,CLBP,1308,False,8.0,8.0,4.0,6.0,4.0,5.0
12,CLBP,1308,False,7.0,8.0,5.0,6.0,4.0,5.0
13,CLBP,1308,False,8.0,9.0,6.0,7.0,4.0,6.0
14,CLBP,1308,False,7.0,8.0,6.0,5.0,4.0,6.0
15,CLBP,1308,False,7.0,8.0,5.0,6.0,4.0,7.0
16,CLBP,1308,False,7.0,8.0,5.0,6.0,4.0,7.0
17,CLBP,1308,False,8.0,7.0,6.0,5.0,4.0,6.0
18,CLBP,1308,False,8.0,9.0,6.0,7.0,4.0,6.0
19,CLBP,1308,False,8.0,9.0,6.0,7.0,4.0,6.0
20,CLBP,1308,False,8.0,7.0,6.0,5.0,4.0,6.0
21,CLBP,1308,False,8.0,9.0,6.0,7.0,4.0,6.0
22,CLBP,1308,False,8.0,9.0,6.0,7.0,4.0,6.0
23,CLBP,1308,False,8.0,9.0,6.0,7.0,4.0,6.0
24,CLBP,1308,False,8.0,9.0,6.0,7.0,4.0,8.0
25,CLBP,1308,False,8.0,9.0,6.0,7.0,4.0,6.0
26,CLBP,1308,False,8.0,9.0,6.0,7.0,4.0,8.0
27,CLBP,1308,False,8.0,9.0,6.0,7.0,4.0,8.0
28,CLBP,1308,False,8.0,9.0,6.0,7.0,4.0,6.0
29,CLBP,1308,False,8.0,9.0,6.0,7.0,4.0,6.0
30,CLBP,1308,False,7.0,8.0,6.0,6.0,4.0,5.0
31,CLBP,1308,False,8.0,9.0,6.0,7.0,4.0,6.0
32,CLBP,1308,False,8.0,9.0,6.0,7.0,4.0,6.0
33,CLBP,1308,False,8.0,7.0,6.0,4.0,5.0,5.0
34,CLBP,1308,False,8.0,7.0,6.0,5.0,4.0,6.0
35,CLBP,1308,False,8.0,9.0,6.0,7.0,4.0,6.0
36,CLBP,1308,False,8.0,9.0,6.0,7.0,4.0,6.0
37,CLBP,1308,False,8.0,7.0,8.0,6.0,4.0,7.0
38,CLBP,1308,False,8.0,8.0,6.0,7.0,4.0,6.0
39,CLBP,1308,False,8.0,9.0,6.0,7.0,4.0,8.0
40,CLBP,1308,False,8.0,9.0,6.0,7.0,4.0,6.0
41,CLBP,1308,False,8.0,9.0,6.0,7.0,4.0,6.0
42,CLBP,1308,False,8.0,9.0,6.0,7.0,4.0,6.0
43,CLBP,1308,False,8.0,9.0,6.0,7.0,4.0,6.0
44,CLBP,1308,False,8.0,9.0,6.0,7.0,4.0,8.0
45,CLBP,1308,False,8.0,8.0,6.0,7.0,4.0,6.0
46,CLBP,1308,False,8.0,9.0,6.0,7.0,4.0,6.0
47,CLBP,1308,True,,,,,,
48,CLBP,1308,False,7.0,8.0,5.0,6.0,4.0,5.0
49,CLBP,1308,False,8.0,9.0,6.0,7.0,4.0,6.0
50,CLBP,1308,False,8.0,7.0,9.0,6.0,4.0,7.0
51,CLBP,1308,False,8.0,9.0,6.0,7.0,4.0,6.0
52,CLBP,1308,False,7.0,8.0,6.0,5.0,4.0,6.0
53,CLBP,1308,False,7.0,8.0,6.0,4.0,5.0,6.0
54,CLBP,1308,False,8.0,8.0,4.0,6.0,4.0,5.0
55,CLBP,1308,False,8.0,9.0,6.0,7.0,4.0,8.0
56,CLBP,1308,False,8.0,9.0,6.0,4.0,5.0,6.0
57,CLBP,1308,False,8.0,9.0,6.0,7.0,4.0,6.0
58,CLBP,1308,False,8.0,9.0,6.0,7.0,4.0,6.0
59,CLBP,1308,False,8.0,9.0,6.0,7.0,4.0,6.0
60,CLBP,1308,False,8.0,9.0,6.0,4.0,5.0,7.0
61,CLBP,1308,False,7.0,8.0,4.0,6.0,4.0,5.0
62,CLBP,1308,False,8.0,9.0,6.0,7.0,4.0,8.0
63,CLBP,1308,False,8.0,9.0,6.0,7.0,4.0,8.0
64,CLBP,1308,False,7.0,8.0,5.0,6.0,4.0,5.0
65,CLBP,1308,False,8.0,9.0,6.0,7.0,4.0,6.0
66,CLBP,1308,False,8.0,7.0,8.0,6.0,4.0,7.0
67,CLBP,1308,False,8.0,9.0,6.0,7.0,4.0,6.0
68,CLBP,1308,False,8.0,9.0,6.0,7.0,4.0,6.0
69,CLBP,1308,False,8.0,9.0,6.0,7.0,4.0,6.0
70,CLBP,1308,False,8.0,9.0,6.0,7.0,4.0,8.0
71,CLBP,1308,False,7.0,8.0,6.0,4.0,5.0,5.0
72,CLBP,1308,False,8.0,9.0,6.0,7.0,4.0,6.0
73,CLBP,1308,False,8.0,7.0,6.0,5.0,4.0,6.0
74,CLBP,1308,False,8.0,7.0,6.0,5.0,4.0,6.0
75,CLBP,1308,False,8.0,9.0,6.0,7.0,4.0,8.0
76,CLBP,1308,False,8.0,7.0,6.0,4.0,5.0,6.0
77,CLBP,1308,False,8.0,9.0,6.0,7.0,4.0,6.0
78,CLBP,1308,False,8.0,9.0,7.0,6.0,4.0,5.0
79,CLBP,1308,False,8.0,9.0,6.0,7.0,4.0,6.0
80,CLBP,1308,False,8.0,9.0,6.0,7.0,4.0,6.0
81,CLBP,1308,False,7.0,8.0,5.0,6.0,4.0,6.0
82,CLBP,1308,False,7.0,8.0,5.0,6.0,4.0,5.0
83,CLBP,1308,False,7.0,8.0,5.0,4.0,6.0,6.0
84,CLBP,1308,False,7.0,8.0,6.0,6.0,4.0,5.0
85,CLBP,1308,False,8.0,9.0,7.0,6.0,4.0,5.0
86,CLBP,1308,False,8.0,9.0,6.0,7.0,4.0,6.0
87,CLBP,1308,False,8.0,7.0,6.0,5.0,4.0,6.0
88,CLBP,1308,False,7.0,8.0,6.0,6.0,4.0,5.0
89,CLBP,1308,False,8.0,9.0,6.0,4.0,5.0,7.0
90,CLBP,1308,False,8.0,9.0,6.0,7.0,4.0,8.0
91,CLBP,1308,False,7.0,8.0,6.0,5.0,4.0,6.0
92,CLBP,1308,False,8.0,9.0,6.0,7.0,4.0,6.0
93,CLBP,1308,False,8.0,9.0,6.0,7.0,4.0,6.0
94,CLBP,1308,False,8.0,9.0,6.0,7.0,4.0,6.0
95,CLBP,1308,False,8.0,9.0,7.0,6.0,4.0,5.0
96,CLBP,1308,False,8.0,9.0,6.0,7.0,4.0,8.0
97,CLBP,1308,False,7.0,8.0,5.0,6.0,4.0,6.0
98,CLBP,1308,False,8.0,9.0,6.0,7.0,4.0,6.0
99,CLBP,1308,False,7.0,8.0,6.0,4.0,5.0,5.0
0,CLBP,1309,False,8.0,7.0,9.0,9.0,2.0,8.0
1,CLBP,1309,False,8.0,7.0,9.0,8.0,4.0,7.0
2,CLBP,1309,False,8.0,7.0,9.0,9.0,2.0,8.0
3,CLBP,1309,False,8.0,7.0,9.0,8.0,4.0,8.0
4,CLBP,1309,False,8.0,7.0,9.0,9.0,3.0,8.0
5,CLBP,1309,False,8.0,7.0,9.0,9.0,2.0,8.0
6,CLBP,1309,False,8.0,7.0,9.0,8.0,4.0,9.0
7,CLBP,1309,False,8.0,7.0,9.0,9.0,3.0,8.0
8,CLBP,1309,False,8.0,7.0,9.0,8.0,4.0,8.0
9,CLBP,1309,False,8.0,7.0,9.0,9.0,2.0,8.0
10,CLBP,1309,False,8.0,7.0,9.0,8.0,4.0,8.0
11,CLBP,1309,False,8.0,7.0,9.0,9.0,2.0,8.0
12,CLBP,1309,False,8.0,7.0,9.0,8.0,4.0,8.0
13,CLBP,1309,False,8.0,7.0,9.0,9.0,2.0,8.0
14,CLBP,1309,False,8.0,7.0,9.0,9.0,4.0,8.0
15,CLBP,1309,False,8.0,7.0,9.0,9.0,2.0,8.0
16,CLBP,1309,False,8.0,7.0,9.0,9.0,2.0,8.0
17,CLBP,1309,False,8.0,7.0,9.0,9.0,2.0,8.0
18,CLBP,1309,False,8.0,7.0,9.0,9.0,2.0,8.0
19,CLBP,1309,False,8.0,7.0,9.0,9.0,2.0,8.0
20,CLBP,1309,False,8.0,7.0,9.0,9.0,2.0,8.0
21,CLBP,1309,False,8.0,7.0,9.0,9.0,2.0,8.0
22,CLBP,1309,False,8.0,7.0,9.0,8.0,4.0,8.0
23,CLBP,1309,False,8.0,7.0,9.0,9.0,3.0,8.0
24,CLBP,1309,False,8.0,7.0,9.0,9.0,2.0,8.0
25,CLBP,1309,False,8.0,7.0,9.0,9.0,2.0,8.0
26,CLBP,1309,False,8.0,7.0,9.0,8.0,4.0,8.0
27,CLBP,1309,False,8.0,7.0,9.0,8.0,4.0,9.0
28,CLBP,1309,False,8.0,7.0,9.0,8.0,4.0,8.0
29,CLBP,1309,False,8.0,7.0,9.0,9.0,3.0,8.0
30,CLBP,1309,False,8.0,7.0,9.0,9.0,3.0,8.0
31,CLBP,1309,False,8.0,7.0,9.0,9.0,4.0,8.0
32,CLBP,1309,False,8.0,7.0,9.0,9.0,2.0,8.0
33,CLBP,1309,False,8.0,7.0,9.0,9.0,2.0,8.0
34,CLBP,1309,False,8.0,7.0,9.0,8.0,3.0,8.0
35,CLBP,1309,False,8.0,7.0,9.0,9.0,2.0,8.0
36,CLBP,1309,False,8.0,7.0,9.0,9.0,2.0,8.0
37,CLBP,1309,False,8.0,7.0,9.0,9.0,2.0,8.0
38,CLBP,1309,False,8.0,7.0,9.0,8.0,4.0,7.0
39,CLBP,1309,False,8.0,7.0,9.0,9.0,2.0,8.0
40,CLBP,1309,False,8.0,7.0,9.0,9.0,2.0,8.0
41,CLBP,1309,False,8.0,7.0,9.0,9.0,2.0,8.0
42,CLBP,1309,False,8.0,7.0,9.0,9.0,2.0,8.0
43,CLBP,1309,False,8.0,7.0,9.0,9.0,4.0,8.0
44,CLBP,1309,False,8.0,7.0,9.0,8.0,4.0,7.0
45,CLBP,1309,False,8.0,7.0,9.0,9.0,4.0,8.0
46,CLBP,1309,False,8.0,7.0,9.0,9.0,3.0,8.0
47,CLBP,1309,True,,,,,,
48,CLBP,1309,False,8.0,7.0,9.0,9.0,4.0,8.0
49,CLBP,1309,False,8.0,7.0,9.0,9.0,2.0,8.0
50,CLBP,1309,False,8.0,7.0,9.0,9.0,3.0,8.0
51,CLBP,1309,False,8.0,7.0,9.0,9.0,4.0,8.0
52,CLBP,1309,False,8.0,7.0,9.0,9.0,3.0,8.0
53,CLBP,1309,False,8.0,7.0,9.0,9.0,4.0,8.0
54,CLBP,1309,False,8.0,7.0,9.0,8.0,4.0,8.0
55,CLBP,1309,False,8.0,7.0,9.0,9.0,2.0,8.0
56,CLBP,1309,False,8.0,7.0,9.0,9.0,3.0,8.0
57,CLBP,1309,False,8.0,7.0,9.0,9.0,2.0,8.0
58,CLBP,1309,False,8.0,7.0,9.0,8.0,4.0,8.0
59,CLBP,1309,False,8.0,7.0,9.0,9.0,2.0,8.0
60,CLBP,1309,False,8.0,7.0,9.0,9.0,3.0,8.0
61,CLBP,1309,False,8.0,7.0,9.0,9.0,3.0,8.0
62,CLBP,1309,False,8.0,7.0,9.0,9.0,2.0,8.0
63,CLBP,1309,False,8.0,7.0,9.0,9.0,3.0,8.0
64,CLBP,1309,False,8.0,7.0,9.0,8.0,4.0,8.0
65,CLBP,1309,False,8.0,7.0,9.0,9.0,2.0,8.0
66,CLBP,1309,False,8.0,7.0,9.0,9.0,2.0,8.0
67,CLBP,1309,False,8.0,7.0,9.0,9.0,2.0,8.0
68,CLBP,1309,False,8.0,7.0,9.0,9.0,4.0,8.0
69,CLBP,1309,False,8.0,6.0,9.0,8.0,3.0,7.0
70,CLBP,1309,False,8.0,7.0,9.0,9.0,2.0,8.0
71,CLBP,1309,False,8.0,7.0,9.0,9.0,2.0,8.0
72,CLBP,1309,False,8.0,7.0,9.0,9.0,2.0,8.0
73,CLBP,1309,False,8.0,7.0,9.0,9.0,4.0,8.0
74,CLBP,1309,False,8.0,7.0,9.0,9.0,2.0,8.0
75,CLBP,1309,False,8.0,7.0,9.0,9.0,2.0,8.0
76,CLBP,1309,False,8.0,7.0,9.0,8.0,4.0,8.0
77,CLBP,1309,False,8.0,7.0,9.0,9.0,4.0,8.0
78,CLBP,1309,False,8.0,7.0,9.0,9.0,3.0,8.0
79,CLBP,1309,False,8.0,7.0,9.0,9.0,2.0,8.0
80,CLBP,1309,False,8.0,7.0,9.0,8.0,4.0,7.0
81,CLBP,1309,False,8.0,7.0,9.0,9.0,2.0,8.0
82,CLBP,1309,False,8.0,7.0,9.0,9.0,2.0,8.0
83,CLBP,1309,False,8.0,7.0,9.0,9.0,2.0,8.0
84,CLBP,1309,False,8.0,7.0,9.0,9.0,4.0,8.0
85,CLBP,1309,False,8.0,7.0,9.0,9.0,4.0,8.0
86,CLBP,1309,False,8.0,7.0,9.0,9.0,2.0,8.0
87,CLBP,1309,False,8.0,7.0,9.0,9.0,3.0,8.0
88,CLBP,1309,False,8.0,7.0,9.0,9.0,2.0,8.0
89,CLBP,1309,False,8.0,7.0,9.0,9.0,4.0,8.0
90,CLBP,1309,False,8.0,7.0,9.0,9.0,3.0,8.0
91,CLBP,1309,False,8.0,7.0,9.0,9.0,4.0,8.0
92,CLBP,1309,False,8.0,7.0,9.0,9.0,2.0,8.0
93,CLBP,1309,False,8.0,7.0,9.0,9.0,2.0,8.0
94,CLBP,1309,False,8.0,7.0,9.0,8.0,4.0,9.0
95,CLBP,1309,False,8.0,7.0,9.0,8.0,4.0,7.0
96,CLBP,1309,False,8.0,7.0,9.0,9.0,4.0,8.0
97,CLBP,1309,False,8.0,7.0,9.0,9.0,4.0,8.0
98,CLBP,1309,False,8.0,7.0,9.0,9.0,2.0,8.0
99,CLBP,1309,False,8.0,7.0,9.0,9.0,4.0,8.0
0,CLBP,1310,False,8.0,9.0,7.0,8.0,3.0,6.0
1,CLBP,1310,False,8.0,9.0,7.0,6.0,3.0,5.0
2,CLBP,1310,False,8.0,9.0,7.0,8.0,4.0,6.0
3,CLBP,1310,False,8.0,9.0,7.0,8.0,4.0,6.0
4,CLBP,1310,False,8.0,9.0,7.0,8.0,4.0,6.0
5,CLBP,1310,False,8.0,9.0,7.0,8.0,3.0,6.0
6,CLBP,1310,False,8.0,9.0,7.0,6.0,4.0,5.0
7,CLBP,1310,False,8.0,9.0,7.0,8.0,3.0,6.0
8,CLBP,1310,False,8.0,7.0,8.0,6.0,4.0,5.0
9,CLBP,1310,False,8.0,9.0,7.0,8.0,4.0,6.0
10,CLBP,1310,False,8.0,9.0,7.0,6.0,3.0,5.0
11,CLBP,1310,False,8.0,9.0,7.0,6.0,4.0,5.0
12,CLBP,1310,False,8.0,9.0,7.0,6.0,3.0,5.0
13,CLBP,1310,False,8.0,9.0,7.0,8.0,3.0,6.0
14,CLBP,1310,False,8.0,9.0,7.0,8.0,3.0,6.0
15,CLBP,1310,False,8.0,9.0,7.0,8.0,3.0,6.0
16,CLBP,1310,False,8.0,9.0,7.0,8.0,3.0,6.0
17,CLBP,1310,False,8.0,9.0,7.0,6.0,4.0,5.0
18,CLBP,1310,False,8.0,9.0,7.0,6.0,3.0,5.0
19,CLBP,1310,False,8.0,9.0,7.0,6.0,4.0,5.0
20,CLBP,1310,False,8.0,9.0,7.0,6.0,3.0,5.0
21,CLBP,1310,False,8.0,9.0,7.0,8.0,3.0,6.0
22,CLBP,1310,False,8.0,9.0,7.0,6.0,4.0,5.0
23,CLBP,1310,False,8.0,9.0,7.0,6.0,3.0,5.0
24,CLBP,1310,False,8.0,7.0,9.0,8.0,3.0,6.0
25,CLBP,1310,False,8.0,9.0,7.0,6.0,4.0,5.0
26,CLBP,1310,False,8.0,9.0,7.0,8.0,4.0,6.0
27,CLBP,1310,False,8.0,9.0,7.0,8.0,4.0,6.0
28,CLBP,1310,False,8.0,9.0,7.0,6.0,3.0,5.0
29,CLBP,1310,False,8.0,9.0,7.0,8.0,3.0,6.0
30,CLBP,1310,False,8.0,9.0,7.0,6.0,4.0,5.0
31,CLBP,1310,False,8.0,9.0,7.0,6.0,4.0,5.0
32,CLBP,1310,False,8.0,7.0,8.0,7.0,4.0,6.0
33,CLBP,1310,False,8.0,9.0,7.0,6.0,4.0,5.0
34,CLBP,1310,False,8.0,7.0,9.0,8.0,3.0,6.0
35,CLBP,1310,False,8.0,9.0,7.0,6.0,4.0,5.0
36,CLBP,1310,False,8.0,7.0,9.0,8.0,3.0,6.0
37,CLBP,1310,False,8.0,9.0,7.0,6.0,3.0,5.0
38,CLBP,1310,False,8.0,9.0,7.0,6.0,4.0,5.0
39,CLBP,1310,False,8.0,9.0,7.0,6.0,4.0,5.0
40,CLBP,1310,False,8.0,9.0,7.0,8.0,3.0,6.0
41,CLBP,1310,False,8.0,9.0,7.0,8.0,3.0,6.0
42,CLBP,1310,False,8.0,9.0,7.0,8.0,3.0,6.0
43,CLBP,1310,False,8.0,9.0,7.0,6.0,4.0,5.0
44,CLBP,1310,False,8.0,9.0,7.0,6.0,3.0,5.0
45,CLBP,1310,False,8.0,9.0,7.0,6.0,4.0,5.0
46,CLBP,1310,False,8.0,9.0,7.0,6.0,4.0,5.0
47,CLBP,1310,True,,,,,,
48,CLBP,1310,False,8.0,9.0,7.0,6.0,3.0,5.0
49,CLBP,1310,False,8.0,9.0,7.0,8.0,4.0,6.0
50,CLBP,1310,False,8.0,9.0,7.0,8.0,3.0,6.0
51,CLBP,1310,False,8.0,9.0,7.0,6.0,4.0,5.0
52,CLBP,1310,False,8.0,9.0,7.0,6.0,4.0,5.0
53,CLBP,1310,False,8.0,9.0,7.0,6.0,4.0,5.0
54,CLBP,1310,False,8.0,9.0,7.0,6.0,4.0,5.0
55,CLBP,1310,False,8.0,9.0,7.0,6.0,4.0,5.0
56,CLBP,1310,False,8.0,9.0,7.0,8.0,3.0,6.0
57,CLBP,1310,False,8.0,9.0,7.0,6.0,4.0,5.0
58,CLBP,1310,False,8.0,9.0,7.0,6.0,4.0,5.0
59,CLBP,1310,False,8.0,9.0,7.0,6.0,3.0,5.0
60,CLBP,1310,False,8.0,9.0,7.0,8.0,4.0,6.0
61,CLBP,1310,False,8.0,9.0,7.0,8.0,3.0,6.0
62,CLBP,1310,False,8.0,9.0,7.0,8.0,3.0,6.0
63,CLBP,1310,False,8.0,9.0,7.0,8.0,4.0,6.0
64,CLBP,1310,False,8.0,9.0,7.0,6.0,4.0,5.0
65,CLBP,1310,False,8.0,9.0,7.0,8.0,4.0,6.0
66,CLBP,1310,False,8.0,9.0,7.0,8.0,3.0,6.0
67,CLBP,1310,False,8.0,9.0,7.0,8.0,3.0,6.0
68,CLBP,1310,False,8.0,9.0,7.0,6.0,4.0,5.0
69,CLBP,1310,False,8.0,9.0,7.0,6.0,4.0,5.0
70,CLBP,1310,False,8.0,9.0,7.0,6.0,4.0,5.0
71,CLBP,1310,False,8.0,9.0,7.0,8.0,3.0,6.0
72,CLBP,1310,False,8.0,9.0,7.0,8.0,3.0,6.0
73,CLBP,1310,False,8.0,9.0,7.0,8.0,3.0,6.0
74,CLBP,1310,False,8.0,9.0,7.0,6.0,4.0,5.0
75,CLBP,1310,False,8.0,9.0,7.0,6.0,4.0,5.0
76,CLBP,1310,False,8.0,9.0,7.0,6.0,3.0,5.0
77,CLBP,1310,False,8.0,9.0,7.0,6.0,4.0,5.0
78,CLBP,1310,False,8.0,9.0,7.0,8.0,4.0,6.0
79,CLBP,1310,False,8.0,9.0,7.0,6.0,4.0,5.0
80,CLBP,1310,False,8.0,9.0,7.0,8.0,4.0,6.0
81,CLBP,1310,False,8.0,9.0,7.0,6.0,4.0,5.0
82,CLBP,1310,False,8.0,9.0,7.0,6.0,4.0,5.0
83,CLBP,1310,False,8.0,9.0,7.0,8.0,3.0,6.0
84,CLBP,1310,False,8.0,9.0,7.0,8.0,3.0,6.0
85,CLBP,1310,False,8.0,9.0,7.0,6.0,4.0,5.0
86,CLBP,1310,False,8.0,9.0,7.0,8.0,3.0,6.0
87,CLBP,1310,False,8.0,7.0,9.0,7.0,3.0,6.0
88,CLBP,1310,False,8.0,9.0,7.0,6.0,4.0,5.0
89,CLBP,1310,False,8.0,9.0,7.0,6.0,4.0,5.0
90,CLBP,1310,False,8.0,9.0,7.0,8.0,4.0,6.0
91,CLBP,1310,False,8.0,9.0,7.0,8.0,4.0,6.0
92,CLBP,1310,False,8.0,9.0,7.0,6.0,4.0,5.0
93,CLBP,1310,False,8.0,9.0,7.0,6.0,4.0,5.0
94,CLBP,1310,False,8.0,7.0,9.0,8.0,3.0,6.0
95,CLBP,1310,False,8.0,9.0,7.0,8.0,3.0,6.0
96,CLBP,1310,False,8.0,9.0,7.0,6.0,3.0,5.0
97,CLBP,1310,False,8.0,7.0,8.0,7.0,4.0,6.0
98,CLBP,1310,False,8.0,9.0,7.0,6.0,3.0,5.0
99,CLBP,1310,False,8.0,9.0,7.0,6.0,4.0,5.0
0,CLBP,1311,False,8.0,7.0,9.0,8.0,4.0,6.0
1,CLBP,1311,False,7.0,6.0,8.0,8.0,4.0,5.0
2,CLBP,1311,False,6.0,5.0,7.0,8.0,4.0,6.0
3,CLBP,1311,False,7.0,6.0,8.0,8.0,4.0,5.0
4,CLBP,1311,False,6.0,5.0,7.0,8.0,4.0,3.0
5,CLBP,1311,False,6.0,7.0,5.0,7.0,4.0,6.0
6,CLBP,1311,False,6.0,5.0,7.0,8.0,4.0,6.0
7,CLBP,1311,False,7.0,6.0,8.0,8.0,4.0,6.0
8,CLBP,1311,False,6.0,5.0,7.0,8.0,4.0,6.0
9,CLBP,1311,False,7.0,6.0,8.0,8.0,4.0,5.0
10,CLBP,1311,False,7.0,6.0,8.0,8.0,4.0,6.0
11,CLBP,1311,False,8.0,7.0,9.0,8.0,4.0,6.0
12,CLBP,1311,False,6.0,7.0,5.0,8.0,4.0,6.0
13,CLBP,1311,False,8.0,7.0,9.0,8.0,6.0,7.0
14,CLBP,1311,False,6.0,5.0,7.0,8.0,4.0,6.0
15,CLBP,1311,False,7.0,6.0,8.0,8.0,4.0,5.0
16,CLBP,1311,False,6.0,5.0,7.0,8.0,4.0,6.0
17,CLBP,1311,False,7.0,6.0,8.0,8.0,4.0,5.0
18,CLBP,1311,False,7.0,6.0,8.0,8.0,4.0,6.0
19,CLBP,1311,False,7.0,6.0,8.0,8.0,4.0,6.0
20,CLBP,1311,False,6.0,5.0,7.0,8.0,4.0,6.0
21,CLBP,1311,False,6.0,5.0,7.0,8.0,4.0,6.0
22,CLBP,1311,False,7.0,6.0,8.0,8.0,4.0,5.0
23,CLBP,1311,False,6.0,5.0,7.0,8.0,4.0,6.0
24,CLBP,1311,False,6.0,5.0,7.0,8.0,4.0,6.0
25,CLBP,1311,False,7.0,6.0,8.0,8.0,4.0,6.0
26,CLBP,1311,False,8.0,7.0,8.0,9.0,4.0,6.0
27,CLBP,1311,False,6.0,5.0,7.0,8.0,4.0,6.0
28,CLBP,1311,False,6.0,5.0,7.0,8.0,4.0,3.0
29,CLBP,1311,False,7.0,6.0,8.0,8.0,4.0,5.0
30,CLBP,1311,False,8.0,7.0,8.0,8.0,4.0,6.0
31,CLBP,1311,False,7.0,6.0,8.0,8.0,4.0,6.0
32,CLBP,1311,False,8.0,7.0,9.0,8.0,4.0,6.0
33,CLBP,1311,False,7.0,6.0,8.0,8.0,4.0,6.0
34,CLBP,1311,False,6.0,5.0,7.0,8.0,4.0,6.0
35,CLBP,1311,False,6.0,5.0,7.0,8.0,4.0,6.0
36,CLBP,1311,False,7.0,6.0,8.0,8.0,4.0,6.0
37,CLBP,1311,False,8.0,7.0,9.0,8.0,6.0,5.0
38,CLBP,1311,False,7.0,6.0,8.0,8.0,4.0,6.0
39,CLBP,1311,False,7.0,6.0,8.0,8.0,4.0,6.0
40,CLBP,1311,False,7.0,6.0,8.0,8.0,4.0,6.0
41,CLBP,1311,False,7.0,6.0,8.0,8.0,4.0,5.0
42,CLBP,1311,False,7.0,6.0,8.0,8.0,4.0,6.0
43,CLBP,1311,False,7.0,6.0,8.0,8.0,4.0,6.0
44,CLBP,1311,False,8.0,7.0,9.0,8.0,6.0,7.0
45,CLBP,1311,False,7.0,6.0,8.0,8.0,4.0,6.0
46,CLBP,1311,False,7.0,6.0,8.0,8.0,4.0,6.0
47,CLBP,1311,True,,,,,,
48,CLBP,1311,False,7.0,6.0,8.0,8.0,4.0,6.0
49,CLBP,1311,False,7.0,6.0,8.0,8.0,4.0,5.0
50,CLBP,1311,False,6.0,7.0,5.0,8.0,4.0,3.0
51,CLBP,1311,False,6.0,5.0,7.0,8.0,4.0,6.0
52,CLBP,1311,False,7.0,6.0,8.0,8.0,4.0,6.0
53,CLBP,1311,False,7.0,6.0,8.0,8.0,4.0,5.0
54,CLBP,1311,False,6.0,5.0,7.0,8.0,4.0,6.0
55,CLBP,1311,False,7.0,6.0,8.0,8.0,4.0,6.0
56,CLBP,1311,False,7.0,6.0,8.0,8.0,4.0,5.0
57,CLBP,1311,False,7.0,6.0,8.0,8.0,4.0,6.0
58,CLBP,1311,False,6.0,7.0,5.0,8.0,4.0,6.0
59,CLBP,1311,False,7.0,6.0,8.0,8.0,4.0,6.0
60,CLBP,1311,False,6.0,5.0,7.0,8.0,4.0,6.0
61,CLBP,1311,False,6.0,5.0,7.0,8.0,4.0,6.0
62,CLBP,1311,False,7.0,6.0,8.0,8.0,4.0,6.0
63,CLBP,1311,False,7.0,6.0,8.0,8.0,4.0,6.0
64,CLBP,1311,False,7.0,6.0,8.0,8.0,4.0,6.0
65,CLBP,1311,False,6.0,5.0,7.0,8.0,4.0,6.0
66,CLBP,1311,False,6.0,5.0,7.0,8.0,4.0,6.0
67,CLBP,1311,False,6.0,5.0,7.0,8.0,4.0,6.0
68,CLBP,1311,False,7.0,6.0,8.0,8.0,4.0,5.0
69,CLBP,1311,False,8.0,7.0,9.0,8.0,4.0,6.0
70,CLBP,1311,False,6.0,7.0,5.0,8.0,4.0,6.0
71,CLBP,1311,False,6.0,7.0,5.0,8.0,4.0,6.0
72,CLBP,1311,False,8.0,7.0,9.0,8.0,4.0,6.0
73,CLBP,1311,False,6.0,7.0,5.0,8.0,4.0,6.0
74,CLBP,1311,False,7.0,6.0,8.0,8.0,4.0,6.0
75,CLBP,1311,False,6.0,5.0,7.0,8.0,4.0,3.0
76,CLBP,1311,False,7.0,6.0,8.0,8.0,4.0,6.0
77,CLBP,1311,False,7.0,6.0,8.0,8.0,4.0,6.0
78,CLBP,1311,False,6.0,5.0,7.0,8.0,4.0,6.0
79,CLBP,1311,False,7.0,6.0,8.0,8.0,4.0,6.0
80,CLBP,1311,False,7.0,6.0,8.0,8.0,4.0,6.0
81,CLBP,1311,False,7.0,6.0,8.0,8.0,4.0,5.0
82,CLBP,1311,False,6.0,7.0,5.0,8.0,4.0,6.0
83,CLBP,1311,False,7.0,6.0,8.0,8.0,4.0,6.0
84,CLBP,1311,False,7.0,6.0,8.0,8.0,4.0,5.0
85,CLBP,1311,False,7.0,6.0,8.0,8.0,4.0,6.0
86,CLBP,1311,False,6.0,5.0,7.0,8.0,4.0,6.0
87,CLBP,1311,False,7.0,6.0,8.0,8.0,4.0,6.0
88,CLBP,1311,False,8.0,7.0,9.0,8.0,6.0,7.0
89,CLBP,1311,False,7.0,6.0,8.0,8.0,4.0,6.0
90,CLBP,1311,False,7.0,6.0,8.0,8.0,4.0,6.0
91,CLBP,1311,False,7.0,6.0,8.0,8.0,4.0,6.0
92,CLBP,1311,False,7.0,6.0,8.0,8.0,4.0,6.0
93,CLBP,1311,False,7.0,6.0,8.0,8.0,4.0,5.0
94,CLBP,1311,False,6.0,7.0,5.0,8.0,4.0,6.0
95,CLBP,1311,False,6.0,5.0,7.0,8.0,4.0,6.0
96,CLBP,1311,False,7.0,6.0,8.0,8.0,4.0,6.0
97,CLBP,1311,False,7.0,6.0,8.0,8.0,4.0,6.0
98,CLBP,1311,False,7.0,6.0,8.0,8.0,4.0,6.0
99,CLBP,1311,False,7.0,6.0,8.0,8.0,4.0,6.0
0,CLBP,1312,False,6.0,7.0,4.0,2.0,7.0,3.0
1,CLBP,1312,False,6.0,7.0,4.0,2.0,7.0,3.0
2,CLBP,1312,False,6.0,7.0,4.0,3.0,7.0,2.0
3,CLBP,1312,False,6.0,7.0,4.0,2.0,7.0,3.0
4,CLBP,1312,False,6.0,7.0,3.0,2.0,7.0,2.0
5,CLBP,1312,False,6.0,7.0,4.0,2.0,7.0,3.0
6,CLBP,1312,False,6.0,7.0,4.0,2.0,7.0,3.0
7,CLBP,1312,False,6.0,7.0,4.0,2.0,7.0,3.0
8,CLBP,1312,False,6.0,7.0,4.0,2.0,7.0,3.0
9,CLBP,1312,False,6.0,7.0,4.0,2.0,7.0,3.0
10,CLBP,1312,False,6.0,7.0,4.0,2.0,7.0,3.0
11,CLBP,1312,False,6.0,7.0,4.0,2.0,8.0,3.0
12,CLBP,1312,False,6.0,7.0,4.0,2.0,7.0,3.0
13,CLBP,1312,False,6.0,7.0,4.0,3.0,7.0,2.0
14,CLBP,1312,False,6.0,7.0,4.0,2.0,7.0,3.0
15,CLBP,1312,False,6.0,7.0,4.0,2.0,7.0,3.0
16,CLBP,1312,False,6.0,7.0,4.0,2.0,7.0,3.0
17,CLBP,1312,False,6.0,7.0,4.0,2.0,7.0,3.0
18,CLBP,1312,False,6.0,7.0,4.0,2.0,7.0,3.0
19,CLBP,1312,False,6.0,7.0,4.0,2.0,7.0,3.0
20,CLBP,1312,False,6.0,7.0,4.0,3.0,7.0,2.0
21,CLBP,1312,False,6.0,7.0,4.0,2.0,7.0,3.0
22,CLBP,1312,False,6.0,7.0,4.0,3.0,7.0,2.0
23,CLBP,1312,False,6.0,7.0,4.0,2.0,8.0,3.0
24,CLBP,1312,False,6.0,7.0,4.0,2.0,7.0,3.0
25,CLBP,1312,False,6.0,7.0,4.0,2.0,8.0,3.0
26,CLBP,1312,False,6.0,7.0,4.0,2.0,7.0,3.0
27,CLBP,1312,False,6.0,7.0,4.0,2.0,7.0,3.0
28,CLBP,1312,False,6.0,7.0,3.0,2.0,7.0,1.0
29,CLBP,1312,False,6.0,7.0,4.0,2.0,7.0,3.0
30,CLBP,1312,False,6.0,7.0,4.0,2.0,7.0,3.0
31,CLBP,1312,False,6.0,7.0,4.0,2.0,7.0,3.0
32,CLBP,1312,False,6.0,7.0,4.0,2.0,7.0,3.0
33,CLBP,1312,False,6.0,7.0,4.0,2.0,7.0,3.0
34,CLBP,1312,False,6.0,7.0,4.0,2.0,7.0,3.0
35,CLBP,1312,False,6.0,7.0,4.0,2.0,7.0,3.0
36,CLBP,1312,False,6.0,7.0,4.0,2.0,8.0,3.0
37,CLBP,1312,False,6.0,7.0,4.0,2.0,7.0,3.0
38,CLBP,1312,False,6.0,7.0,4.0,3.0,7.0,2.0
39,CLBP,1312,False,6.0,7.0,4.0,2.0,7.0,3.0
40,CLBP,1312,False,6.0,7.0,4.0,2.0,7.0,3.0
41,CLBP,1312,False,6.0,7.0,4.0,2.0,7.0,3.0
42,CLBP,1312,False,6.0,7.0,4.0,2.0,7.0,3.0
43,CLBP,1312,False,6.0,7.0,4.0,2.0,7.0,3.0
44,CLBP,1312,False,6.0,7.0,4.0,2.0,7.0,3.0
45,CLBP,1312,False,6.0,7.0,4.0,2.0,8.0,3.0
46,CLBP,1312,False,6.0,7.0,4.0,2.0,7.0,3.0
47,CLBP,1312,True,,,,,,
48,CLBP,1312,False,6.0,7.0,4.0,2.0,8.0,3.0
49,CLBP,1312,False,6.0,7.0,4.0,2.0,8.0,3.0
50,CLBP,1312,False,6.0,7.0,4.0,2.0,7.0,3.0
51,CLBP,1312,False,6.0,7.0,4.0,2.0,7.0,3.0
52,CLBP,1312,False,6.0,7.0,4.0,3.0,7.0,2.0
53,CLBP,1312,False,6.0,7.0,4.0,2.0,7.0,3.0
54,CLBP,1312,False,6.0,7.0,4.0,2.0,8.0,3.0
55,CLBP,1312,False,6.0,7.0,4.0,2.0,7.0,3.0
56,CLBP,1312,False,6.0,7.0,4.0,2.0,7.0,3.0
57,CLBP,1312,False,6.0,7.0,4.0,2.0,8.0,3.0
58,CLBP,1312,False,6.0,7.0,4.0,3.0,7.0,2.0
59,CLBP,1312,False,6.0,7.0,4.0,3.0,7.0,2.0
60,CLBP,1312,False,6.0,7.0,4.0,2.0,7.0,3.0
61,CLBP,1312,False,6.0,7.0,4.0,3.0,7.0,2.0
62,CLBP,1312,False,6.0,7.0,3.0,2.0,7.0,2.0
63,CLBP,1312,False,6.0,7.0,4.0,2.0,7.0,3.0
64,CLBP,1312,False,6.0,7.0,4.0,3.0,7.0,2.0
65,CLBP,1312,False,6.0,7.0,3.0,2.0,7.0,2.0
66,CLBP,1312,False,6.0,7.0,4.0,2.0,7.0,3.0
67,CLBP,1312,False,6.0,7.0,4.0,2.0,8.0,3.0
68,CLBP,1312,False,6.0,7.0,4.0,2.0,7.0,3.0
69,CLBP,1312,False,6.0,7.0,4.0,2.0,7.0,3.0
70,CLBP,1312,False,6.0,7.0,4.0,2.0,7.0,3.0
71,CLBP,1312,False,6.0,7.0,4.0,2.0,7.0,3.0
72,CLBP,1312,False,6.0,7.0,4.0,2.0,7.0,3.0
73,CLBP,1312,False,6.0,7.0,4.0,2.0,7.0,3.0
74,CLBP,1312,False,6.0,7.0,3.0,2.0,8.0,1.0
75,CLBP,1312,False,6.0,7.0,4.0,2.0,7.0,3.0
76,CLBP,1312,False,6.0,7.0,4.0,2.0,7.0,3.0
77,CLBP,1312,False,6.0,7.0,4.0,2.0,7.0,3.0
78,CLBP,1312,False,6.0,7.0,4.0,2.0,7.0,3.0
79,CLBP,1312,False,6.0,7.0,4.0,2.0,7.0,3.0
80,CLBP,1312,False,6.0,7.0,4.0,2.0,7.0,3.0
81,CLBP,1312,False,6.0,7.0,4.0,2.0,7.0,3.0
82,CLBP,1312,False,6.0,7.0,4.0,2.0,7.0,3.0
83,CLBP,1312,False,6.0,7.0,4.0,2.0,7.0,3.0
84,CLBP,1312,False,6.0,7.0,4.0,3.0,7.0,2.0
85,CLBP,1312,False,6.0,7.0,4.0,2.0,7.0,3.0
86,CLBP,1312,False,6.0,7.0,4.0,2.0,8.0,3.0
87,CLBP,1312,False,6.0,7.0,4.0,2.0,7.0,3.0
88,CLBP,1312,False,6.0,7.0,4.0,2.0,8.0,3.0
89,CLBP,1312,False,6.0,7.0,4.0,2.0,7.0,3.0
90,CLBP,1312,False,6.0,7.0,4.0,2.0,8.0,3.0
91,CLBP,1312,False,6.0,7.0,4.0,2.0,8.0,3.0
92,CLBP,1312,False,6.0,7.0,4.0,2.0,7.0,3.0
93,CLBP,1312,False,6.0,7.0,4.0,2.0,7.0,3.0
94,CLBP,1312,False,6.0,7.0,4.0,2.0,7.0,3.0
95,CLBP,1312,False,6.0,7.0,4.0,2.0,7.0,3.0
96,CLBP,1312,False,6.0,7.0,4.0,2.0,7.0,3.0
97,CLBP,1312,False,6.0,7.0,4.0,2.0,7.0,3.0
98,CLBP,1312,False,6.0,7.0,4.0,2.0,8.0,3.0
99,CLBP,1312,False,6.0,7.0,4.0,2.0,7.0,3.0
0,CLBP,1314,False,7.0,6.0,8.0,8.0,4.0,5.0
1,CLBP,1314,False,7.0,8.0,6.0,8.0,4.0,5.0
2,CLBP,1314,False,7.0,6.0,8.0,8.0,4.0,6.0
3,CLBP,1314,False,7.0,6.0,8.0,8.0,4.0,6.0
4,CLBP,1314,False,8.0,7.0,9.0,8.0,4.0,6.0
5,CLBP,1314,False,8.0,7.0,9.0,8.0,4.0,6.0
6,CLBP,1314,False,8.0,7.0,8.0,7.0,4.0,6.0
7,CLBP,1314,False,8.0,7.0,9.0,8.0,4.0,6.0
8,CLBP,1314,False,8.0,7.0,8.0,7.0,4.0,5.0
9,CLBP,1314,False,7.0,8.0,6.0,8.0,4.0,5.0
10,CLBP,1314,False,8.0,7.0,9.0,8.0,4.0,6.0
11,CLBP,1314,False,7.0,8.0,6.0,8.0,4.0,5.0
12,CLBP,1314,False,8.0,7.0,9.0,8.0,4.0,6.0
13,CLBP,1314,False,8.0,7.0,9.0,8.0,4.0,6.0
14,CLBP,1314,False,7.0,6.0,8.0,8.0,4.0,6.0
15,CLBP,1314,False,8.0,7.0,9.0,8.0,4.0,6.0
16,CLBP,1314,False,7.0,8.0,6.0,8.0,4.0,5.0
17,CLBP,1314,False,7.0,8.0,6.0,8.0,4.0,5.0
18,CLBP,1314,False,7.0,6.0,8.0,8.0,4.0,5.0
19,CLBP,1314,False,7.0,6.0,8.0,8.0,4.0,5.0
20,CLBP,1314,False,7.0,6.0,8.0,8.0,4.0,6.0
21,CLBP,1314,False,7.0,6.0,8.0,8.0,4.0,5.0
22,CLBP,1314,False,7.0,8.0,6.0,8.0,4.0,5.0
23,CLBP,1314,False,8.0,7.0,9.0,8.0,4.0,6.0
24,CLBP,1314,False,7.0,6.0,8.0,8.0,4.0,5.0
25,CLBP,1314,False,8.0,7.0,8.0,8.0,4.0,6.0
26,CLBP,1314,False,8.0,7.0,9.0,8.0,4.0,6.0
27,CLBP,1314,False,7.0,6.0,8.0,8.0,4.0,5.0
28,CLBP,1314,False,8.0,7.0,9.0,8.0,4.0,6.0
29,CLBP,1314,False,8.0,7.0,9.0,8.0,4.0,6.0
30,CLBP,1314,False,7.0,6.0,8.0,8.0,4.0,6.0
31,CLBP,1314,False,7.0,6.0,8.0,8.0,4.0,6.0
32,CLBP,1314,False,8.0,7.0,9.0,8.0,4.0,6.0
33,CLBP,1314,False,8.0,7.0,9.0,8.0,4.0,6.0
34,CLBP,1314,False,7.0,6.0,8.0,8.0,4.0,6.0
35,CLBP,1314,False,7.0,6.0,8.0,8.0,4.0,5.0
36,CLBP,1314,False,7.0,8.0,6.0,8.0,4.0,5.0
37,CLBP,1314,False,8.0,7.0,9.0,8.0,4.0,6.0
38,CLBP,1314,False,7.0,6.0,8.0,8.0,4.0,5.0
39,CLBP,1314,False,7.0,6.0,8.0,8.0,4.0,5.0
40,CLBP,1314,False,8.0,7.0,9.0,8.0,4.0,6.0
41,CLBP,1314,False,8.0,7.0,9.0,8.0,4.0,6.0
42,CLBP,1314,False,8.0,7.0,9.0,8.0,4.0,6.0
43,CLBP,1314,False,8.0,7.0,9.0,8.0,4.0,6.0
44,CLBP,1314,False,8.0,7.0,9.0,8.0,4.0,6.0
45,CLBP,1314,False,7.0,6.0,8.0,8.0,4.0,6.0
46,CLBP,1314,False,7.0,6.0,8.0,8.0,4.0,5.0
47,CLBP,1314,True,,,,,,
48,CLBP,1314,False,7.0,6.0,8.0,8.0,4.0,5.0
49,CLBP,1314,False,8.0,7.0,9.0,8.0,4.0,6.0
50,CLBP,1314,False,7.0,8.0,6.0,8.0,4.0,5.0
51,CLBP,1314,False,8.0,7.0,9.0,8.0,4.0,6.0
52,CLBP,1314,False,7.0,6.0,8.0,8.0,4.0,6.0
53,CLBP,1314,False,7.0,6.0,8.0,8.0,4.0,6.0
54,CLBP,1314,False,7.0,6.0,8.0,8.0,4.0,6.0
55,CLBP,1314,False,7.0,6.0,8.0,8.0,4.0,6.0
56,CLBP,1314,False,8.0,7.0,9.0,8.0,4.0,6.0
57,CLBP,1314,False,8.0,7.0,8.0,8.0,4.0,6.0
58,CLBP,1314,False,7.0,6.0,8.0,8.0,4.0,6.0
59,CLBP,1314,False,8.0,7.0,9.0,8.0,4.0,6.0
60,CLBP,1314,False,7.0,6.0,8.0,8.0,4.0,6.0
61,CLBP,1314,False,8.0,7.0,9.0,8.0,4.0,6.0
62,CLBP,1314,False,8.0,7.0,9.0,8.0,4.0,6.0
63,CLBP,1314,False,7.0,8.0,6.0,8.0,4.0,5.0
64,CLBP,1314,False,7.0,6.0,8.0,8.0,4.0,6.0
65,CLBP,1314,False,7.0,6.0,8.0,8.0,4.0,6.0
66,CLBP,1314,False,8.0,7.0,9.0,8.0,4.0,6.0
67,CLBP,1314,False,8.0,7.0,9.0,8.0,4.0,6.0
68,CLBP,1314,False,7.0,6.0,8.0,8.0,4.0,5.0
69,CLBP,1314,False,7.0,8.0,6.0,8.0,4.0,5.0
70,CLBP,1314,False,7.0,6.0,8.0,8.0,4.0,6.0
71,CLBP,1314,False,8.0,7.0,8.0,7.0,4.0,6.0
72,CLBP,1314,False,7.0,6.0,8.0,8.0,4.0,5.0
73,CLBP,1314,False,7.0,6.0,8.0,8.0,4.0,6.0
74,CLBP,1314,False,7.0,8.0,6.0,8.0,4.0,5.0
75,CLBP,1314,False,7.0,6.0,8.0,8.0,4.0,5.0
76,CLBP,1314,False,7.0,6.0,8.0,8.0,4.0,6.0
77,CLBP,1314,False,7.0,8.0,6.0,8.0,4.0,5.0
78,CLBP,1314,False,8.0,7.0,9.0,8.0,4.0,6.0
79,CLBP,1314,False,8.0,7.0,9.0,8.0,4.0,6.0
80,CLBP,1314,False,7.0,6.0,8.0,8.0,4.0,5.0
81,CLBP,1314,False,7.0,8.0,6.0,8.0,4.0,5.0
82,CLBP,1314,False,7.0,6.0,8.0,8.0,4.0,6.0
83,CLBP,1314,False,7.0,8.0,6.0,8.0,4.0,5.0
84,CLBP,1314,False,8.0,7.0,9.0,8.0,4.0,6.0
85,CLBP,1314,False,7.0,8.0,6.0,8.0,4.0,5.0
86,CLBP,1314,False,7.0,8.0,6.0,8.0,4.0,5.0
87,CLBP,1314,False,8.0,7.0,9.0,8.0,4.0,6.0
88,CLBP,1314,False,8.0,7.0,9.0,8.0,4.0,6.0
89,CLBP,1314,False,7.0,6.0,8.0,8.0,4.0,5.0
90,CLBP,1314,False,8.0,7.0,9.0,8.0,4.0,6.0
91,CLBP,1314,False,7.0,6.0,8.0,8.0,4.0,6.0
92,CLBP,1314,False,7.0,6.0,8.0,8.0,4.0,6.0
93,CLBP,1314,False,7.0,8.0,6.0,8.0,4.0,5.0
94,CLBP,1314,False,7.0,6.0,8.0,8.0,4.0,5.0
95,CLBP,1314,False,8.0,7.0,8.0,8.0,4.0,6.0
96,CLBP,1314,False,8.0,7.0,9.0,8.0,4.0,6.0
97,CLBP,1314,False,7.0,6.0,8.0,8.0,4.0,6.0
98,CLBP,1314,False,8.0,7.0,9.0,8.0,4.0,6.0
99,CLBP,1314,False,8.0,7.0,9.0,8.0,4.0,6.0
0,CLBP,1315,False,8.0,9.0,7.0,8.0,2.0,6.0
1,CLBP,1315,False,8.0,9.0,7.0,8.0,2.0,6.0
2,CLBP,1315,False,8.0,9.0,7.0,8.0,2.0,6.0
3,CLBP,1315,False,8.0,9.0,6.0,7.0,2.0,4.0
4,CLBP,1315,False,8.0,9.0,7.0,8.0,2.0,6.0
5,CLBP,1315,False,8.0,9.0,6.0,7.0,2.0,4.0
6,CLBP,1315,False,8.0,9.0,7.0,8.0,2.0,6.0
7,CLBP,1315,False,8.0,9.0,6.0,8.0,2.0,4.0
8,CLBP,1315,False,8.0,9.0,7.0,8.0,2.0,6.0
9,CLBP,1315,False,8.0,9.0,7.0,8.0,2.0,6.0
10,CLBP,1315,False,8.0,9.0,7.0,8.0,2.0,4.0
11,CLBP,1315,False,8.0,9.0,7.0,8.0,2.0,4.0
12,CLBP,1315,False,8.0,9.0,6.0,7.0,3.0,4.0
13,CLBP,1315,False,8.0,9.0,7.0,8.0,2.0,4.0
14,CLBP,1315,False,8.0,9.0,7.0,8.0,2.0,6.0
15,CLBP,1315,False,8.0,9.0,7.0,8.0,2.0,4.0
16,CLBP,1315,False,8.0,9.0,7.0,8.0,2.0,6.0
17,CLBP,1315,False,8.0,9.0,7.0,8.0,2.0,4.0
18,CLBP,1315,False,8.0,9.0,7.0,8.0,2.0,6.0
19,CLBP,1315,False,8.0,9.0,7.0,8.0,2.0,6.0
20,CLBP,1315,False,8.0,9.0,7.0,8.0,2.0,4.0
21,CLBP,1315,False,8.0,9.0,7.0,8.0,2.0,6.0
22,CLBP,1315,False,8.0,9.0,6.0,8.0,2.0,4.0
23,CLBP,1315,False,8.0,9.0,7.0,8.0,2.0,6.0
24,CLBP,1315,False,8.0,9.0,7.0,8.0,2.0,6.0
25,CLBP,1315,False,8.0,9.0,6.0,7.0,2.0,4.0
26,CLBP,1315,False,8.0,9.0,7.0,8.0,2.0,4.0
27,CLBP,1315,False,8.0,9.0,7.0,8.0,2.0,4.0
28,CLBP,1315,False,8.0,9.0,7.0,8.0,3.0,6.0
29,CLBP,1315,False,8.0,9.0,6.0,7.0,3.0,4.0
30,CLBP,1315,False,8.0,9.0,7.0,8.0,2.0,4.0
31,CLBP,1315,False,8.0,9.0,7.0,8.0,2.0,6.0
32,CLBP,1315,False,8.0,9.0,6.0,7.0,2.0,4.0
33,CLBP,1315,False,8.0,9.0,7.0,8.0,2.0,6.0
34,CLBP,1315,False,8.0,9.0,7.0,8.0,2.0,6.0
35,CLBP,1315,False,8.0,9.0,6.0,8.0,2.0,4.0
36,CLBP,1315,False,8.0,9.0,7.0,8.0,2.0,6.0
37,CLBP,1315,False,8.0,9.0,7.0,8.0,2.0,4.0
38,CLBP,1315,False,8.0,9.0,7.0,8.0,2.0,6.0
39,CLBP,1315,False,8.0,9.0,7.0,8.0,2.0,6.0
40,CLBP,1315,False,8.0,9.0,6.0,7.0,2.0,4.0
41,CLBP,1315,False,8.0,9.0,7.0,8.0,2.0,6.0
42,CLBP,1315,False,8.0,9.0,7.0,8.0,2.0,6.0
43,CLBP,1315,False,8.0,9.0,7.0,8.0,2.0,4.0
44,CLBP,1315,False,8.0,9.0,7.0,8.0,2.0,6.0
45,CLBP,1315,False,8.0,9.0,6.0,7.0,3.0,4.0
46,CLBP,1315,False,8.0,9.0,7.0,8.0,2.0,6.0
47,CLBP,1315,True,,,,,,
48,CLBP,1315,False,8.0,9.0,6.0,8.0,2.0,4.0
49,CLBP,1315,False,8.0,9.0,7.0,8.0,2.0,6.0
50,CLBP,1315,False,8.0,9.0,6.0,8.0,2.0,4.0
51,CLBP,1315,False,8.0,9.0,7.0,8.0,2.0,6.0
52,CLBP,1315,False,8.0,9.0,7.0,8.0,2.0,4.0
53,CLBP,1315,False,8.0,9.0,7.0,8.0,2.0,4.0
54,CLBP,1315,False,8.0,9.0,7.0,8.0,2.0,6.0
55,CLBP,1315,False,8.0,9.0,6.0,8.0,2.0,4.0
56,CLBP,1315,False,8.0,9.0,6.0,7.0,3.0,4.0
57,CLBP,1315,False,8.0,9.0,6.0,8.0,2.0,4.0
58,CLBP,1315,False,8.0,9.0,7.0,8.0,2.0,6.0
59,CLBP,1315,False,8.0,9.0,7.0,8.0,2.0,6.0
60,CLBP,1315,False,8.0,9.0,6.0,8.0,2.0,4.0
61,CLBP,1315,False,8.0,9.0,6.0,7.0,2.0,4.0
62,CLBP,1315,False,8.0,9.0,7.0,8.0,2.0,6.0
63,CLBP,1315,False,8.0,9.0,7.0,8.0,2.0,6.0
64,CLBP,1315,False,8.0,9.0,7.0,8.0,2.0,6.0
65,CLBP,1315,False,8.0,9.0,7.0,8.0,2.0,6.0
66,CLBP,1315,False,8.0,9.0,6.0,7.0,3.0,4.0
67,CLBP,1315,False,8.0,9.0,7.0,8.0,2.0,4.0
68,CLBP,1315,False,8.0,9.0,6.0,7.0,2.0,4.0
69,CLBP,1315,False,8.0,9.0,7.0,8.0,2.0,6.0
70,CLBP,1315,False,8.0,9.0,6.0,7.0,2.0,4.0
71,CLBP,1315,False,8.0,9.0,6.0,7.0,2.0,4.0
72,CLBP,1315,False,8.0,9.0,7.0,8.0,2.0,6.0
73,CLBP,1315,False,8.0,9.0,7.0,8.0,2.0,6.0
74,CLBP,1315,False,8.0,9.0,7.0,8.0,2.0,6.0
75,CLBP,1315,False,8.0,9.0,7.0,8.0,2.0,6.0
76,CLBP,1315,False,8.0,9.0,7.0,8.0,2.0,6.0
77,CLBP,1315,False,8.0,9.0,6.0,7.0,2.0,4.0
78,CLBP,1315,False,8.0,9.0,6.0,7.0,2.0,4.0
79,CLBP,1315,False,8.0,9.0,7.0,8.0,2.0,6.0
80,CLBP,1315,False,8.0,9.0,6.0,7.0,2.0,4.0
81,CLBP,1315,False,8.0,9.0,7.0,8.0,2.0,6.0
82,CLBP,1315,False,8.0,9.0,7.0,8.0,2.0,6.0
83,CLBP,1315,False,8.0,9.0,6.0,8.0,2.0,4.0
84,CLBP,1315,False,8.0,9.0,6.0,7.0,2.0,4.0
85,CLBP,1315,False,8.0,9.0,7.0,8.0,2.0,4.0
86,CLBP,1315,False,8.0,9.0,7.0,8.0,2.0,6.0
87,CLBP,1315,False,8.0,9.0,7.0,8.0,2.0,6.0
88,CLBP,1315,False,8.0,9.0,7.0,8.0,2.0,4.0
89,CLBP,1315,False,8.0,9.0,7.0,8.0,2.0,4.0
90,CLBP,1315,False,8.0,9.0,7.0,8.0,2.0,6.0
91,CLBP,1315,False,8.0,9.0,7.0,8.0,2.0,6.0
92,CLBP,1315,False,8.0,9.0,7.0,8.0,2.0,4.0
93,CLBP,1315,False,8.0,9.0,6.0,8.0,2.0,4.0
94,CLBP,1315,False,8.0,9.0,6.0,7.0,2.0,4.0
95,CLBP,1315,False,8.0,9.0,7.0,8.0,2.0,6.0
96,CLBP,1315,False,8.0,9.0,7.0,8.0,2.0,6.0
97,CLBP,1315,False,8.0,9.0,7.0,8.0,2.0,6.0
98,CLBP,1315,False,8.0,9.0,7.0,8.0,2.0,4.0
99,CLBP,1315,False,8.0,9.0,7.0,8.0,2.0,6.0
0,CLBP,13002,False,4.0,4.0,0.0,0.0,8.0,0.0
1,CLBP,13002,False,4.0,4.0,0.0,0.0,8.0,0.0
2,CLBP,13002,False,4.0,4.0,0.0,0.0,8.0,0.0
3,CLBP,13002,False,4.0,4.0,1.0,1.0,8.0,1.0
4,CLBP,13002,False,4.0,4.0,2.0,1.0,8.0,2.0
5,CLBP,13002,False,4.0,4.0,0.0,0.0,8.0,0.0
6,CLBP,13002,False,4.0,4.0,1.0,1.0,8.0,1.0
7,CLBP,13002,False,4.0,4.0,0.0,0.0,8.0,0.0
8,CLBP,13002,False,4.0,4.0,0.0,0.0,8.0,0.0
9,CLBP,13002,False,4.0,4.0,1.0,1.0,8.0,1.0
10,CLBP,13002,False,4.0,4.0,1.0,1.0,8.0,1.0
11,CLBP,13002,False,4.0,4.0,0.0,0.0,8.0,0.0
12,CLBP,13002,False,4.0,4.0,0.0,0.0,8.0,0.0
13,CLBP,13002,False,4.0,4.0,1.0,1.0,8.0,1.0
14,CLBP,13002,False,4.0,4.0,0.0,0.0,8.0,0.0
15,CLBP,13002,False,4.0,4.0,1.0,1.0,8.0,1.0
16,CLBP,13002,False,4.0,4.0,0.0,0.0,8.0,0.0
17,CLBP,13002,False,4.0,4.0,1.0,1.0,8.0,1.0
18,CLBP,13002,False,4.0,4.0,1.0,1.0,8.0,1.0
19,CLBP,13002,False,4.0,4.0,0.0,0.0,8.0,0.0
20,CLBP,13002,False,4.0,4.0,0.0,0.0,8.0,0.0
21,CLBP,13002,False,4.0,4.0,0.0,0.0,8.0,0.0
22,CLBP,13002,False,4.0,4.0,1.0,1.0,8.0,1.0
23,CLBP,13002,False,4.0,4.0,0.0,0.0,8.0,0.0
24,CLBP,13002,False,4.0,4.0,0.0,0.0,8.0,0.0
25,CLBP,13002,False,4.0,4.0,1.0,1.0,8.0,1.0
26,CLBP,13002,False,4.0,4.0,1.0,1.0,8.0,2.0
27,CLBP,13002,False,4.0,4.0,1.0,1.0,8.0,1.0
28,CLBP,13002,False,4.0,4.0,0.0,0.0,8.0,0.0
29,CLBP,13002,False,4.0,4.0,0.0,0.0,8.0,0.0
30,CLBP,13002,False,4.0,4.0,1.0,1.0,8.0,1.0
31,CLBP,13002,False,4.0,4.0,0.0,0.0,8.0,0.0
32,CLBP,13002,False,4.0,4.0,0.0,0.0,8.0,0.0
33,CLBP,13002,False,4.0,4.0,1.0,1.0,8.0,1.0
34,CLBP,13002,False,4.0,4.0,0.0,0.0,8.0,0.0
35,CLBP,13002,False,4.0,4.0,1.0,1.0,8.0,1.0
36,CLBP,13002,False,4.0,4.0,1.0,1.0,8.0,1.0
37,CLBP,13002,False,4.0,4.0,0.0,0.0,8.0,0.0
38,CLBP,13002,False,4.0,4.0,0.0,0.0,8.0,0.0
39,CLBP,13002,False,4.0,4.0,0.0,0.0,8.0,0.0
40,CLBP,13002,False,4.0,4.0,1.0,1.0,8.0,1.0
41,CLBP,13002,False,4.0,4.0,0.0,0.0,8.0,0.0
42,CLBP,13002,False,4.0,4.0,0.0,0.0,8.0,0.0
43,CLBP,13002,False,4.0,4.0,0.0,0.0,8.0,0.0
44,CLBP,13002,False,4.0,4.0,0.0,0.0,8.0,0.0
45,CLBP,13002,False,4.0,4.0,1.0,1.0,8.0,1.0
46,CLBP,13002,False,4.0,4.0,1.0,1.0,8.0,1.0
47,CLBP,13002,True,,,,,,
48,CLBP,13002,False,4.0,4.0,1.0,1.0,8.0,1.0
49,CLBP,13002,False,4.0,4.0,1.0,1.0,8.0,1.0
50,CLBP,13002,False,4.0,4.0,1.0,1.0,8.0,1.0
51,CLBP,13002,False,4.0,4.0,0.0,0.0,8.0,0.0
52,CLBP,13002,False,4.0,4.0,1.0,1.0,8.0,1.0
53,CLBP,13002,False,4.0,4.0,2.0,1.0,8.0,1.0
54,CLBP,13002,False,4.0,4.0,0.0,0.0,8.0,0.0
55,CLBP,13002,False,4.0,4.0,0.0,0.0,8.0,0.0
56,CLBP,13002,False,4.0,4.0,1.0,1.0,8.0,1.0
57,CLBP,13002,False,4.0,4.0,0.0,0.0,8.0,0.0
58,CLBP,13002,False,4.0,4.0,0.0,0.0,8.0,0.0
59,CLBP,13002,False,4.0,4.0,0.0,0.0,8.0,0.0
60,CLBP,13002,False,4.0,4.0,0.0,0.0,8.0,0.0
61,CLBP,13002,False,4.0,4.0,1.0,1.0,8.0,1.0
62,CLBP,13002,False,4.0,4.0,1.0,1.0,8.0,1.0
63,CLBP,13002,False,4.0,4.0,0.0,0.0,8.0,0.0
64,CLBP,13002,False,4.0,4.0,0.0,0.0,8.0,0.0
65,CLBP,13002,False,4.0,4.0,0.0,0.0,8.0,0.0
66,CLBP,13002,False,4.0,4.0,0.0,0.0,8.0,0.0
67,CLBP,13002,False,4.0,4.0,0.0,0.0,8.0,0.0
68,CLBP,13002,False,4.0,4.0,1.0,1.0,8.0,1.0
69,CLBP,13002,False,4.0,4.0,0.0,0.0,8.0,0.0
70,CLBP,13002,False,4.0,4.0,1.0,1.0,8.0,1.0
71,CLBP,13002,False,4.0,4.0,0.0,0.0,8.0,0.0
72,CLBP,13002,False,4.0,4.0,2.0,1.0,8.0,1.0
73,CLBP,13002,False,4.0,4.0,1.0,1.0,8.0,1.0
74,CLBP,13002,False,4.0,4.0,0.0,0.0,8.0,0.0
75,CLBP,13002,False,4.0,4.0,1.0,1.0,8.0,1.0
76,CLBP,13002,False,4.0,4.0,1.0,1.0,8.0,1.0
77,CLBP,13002,False,4.0,4.0,1.0,1.0,8.0,1.0
78,CLBP,13002,False,4.0,4.0,1.0,1.0,8.0,1.0
79,CLBP,13002,False,4.0,4.0,2.0,1.0,8.0,2.0
80,CLBP,13002,False,4.0,4.0,0.0,0.0,8.0,0.0
81,CLBP,13002,False,4.0,4.0,0.0,0.0,8.0,0.0
82,CLBP,13002,False,4.0,4.0,1.0,1.0,8.0,1.0
83,CLBP,13002,False,4.0,4.0,2.0,1.0,8.0,1.0
84,CLBP,13002,False,4.0,4.0,0.0,0.0,8.0,0.0
85,CLBP,13002,False,4.0,4.0,2.0,1.0,8.0,1.0
86,CLBP,13002,False,4.0,4.0,2.0,2.0,8.0,1.0
87,CLBP,13002,False,4.0,4.0,2.0,1.0,8.0,1.0
88,CLBP,13002,False,4.0,4.0,0.0,0.0,8.0,0.0
89,CLBP,13002,False,4.0,4.0,1.0,1.0,8.0,1.0
90,CLBP,13002,False,4.0,4.0,1.0,1.0,8.0,1.0
91,CLBP,13002,False,4.0,4.0,0.0,0.0,8.0,0.0
92,CLBP,13002,False,4.0,4.0,1.0,1.0,8.0,1.0
93,CLBP,13002,False,4.0,4.0,1.0,1.0,8.0,1.0
94,CLBP,13002,False,4.0,4.0,0.0,0.0,8.0,0.0
95,CLBP,13002,False,4.0,4.0,1.0,1.0,8.0,1.0
96,CLBP,13002,False,4.0,4.0,0.0,0.0,8.0,0.0
97,CLBP,13002,False,4.0,4.0,2.0,1.0,8.0,1.0
98,CLBP,13002,False,4.0,4.0,1.0,1.0,8.0,1.0
99,CLBP,13002,False,4.0,4.0,1.0,1.0,8.0,1.0
0,CLBP,13003,False,6.0,5.0,7.0,4.0,7.0,3.0
1,CLBP,13003,False,6.0,5.0,4.0,4.0,7.0,3.0
2,CLBP,13003,False,6.0,5.0,4.0,4.0,7.0,3.0
3,CLBP,13003,False,6.0,5.0,4.0,4.0,7.0,3.0
4,CLBP,13003,False,6.0,5.0,4.0,4.0,7.0,3.0
5,CLBP,13003,False,6.0,6.0,4.0,5.0,7.0,4.0
6,CLBP,13003,False,6.0,5.0,7.0,6.0,7.0,5.0
7,CLBP,13003,False,6.0,5.0,4.0,4.0,7.0,3.0
8,CLBP,13003,False,6.0,6.0,4.0,5.0,7.0,4.0
9,CLBP,13003,False,6.0,5.0,4.0,4.0,7.0,3.0
10,CLBP,13003,False,6.0,5.0,7.0,4.0,7.0,3.0
11,CLBP,13003,False,6.0,5.0,4.0,4.0,7.0,3.0
12,CLBP,13003,False,6.0,5.0,4.0,4.0,7.0,3.0
13,CLBP,13003,False,6.0,6.0,4.0,7.0,6.0,5.0
14,CLBP,13003,False,6.0,5.0,7.0,4.0,7.0,3.0
15,CLBP,13003,False,6.0,6.0,4.0,7.0,6.0,5.0
16,CLBP,13003,False,6.0,5.0,7.0,4.0,7.0,3.0
17,CLBP,13003,False,6.0,5.0,7.0,4.0,7.0,3.0
18,CLBP,13003,False,6.0,5.0,4.0,4.0,7.0,3.0
19,CLBP,13003,False,6.0,5.0,4.0,4.0,7.0,3.0
20,CLBP,13003,False,6.0,5.0,7.0,4.0,7.0,3.0
21,CLBP,13003,False,6.0,5.0,7.0,4.0,7.0,3.0
22,CLBP,13003,False,6.0,6.0,4.0,5.0,7.0,4.0
23,CLBP,13003,False,6.0,5.0,7.0,4.0,7.0,3.0
24,CLBP,13003,False,6.0,5.0,4.0,4.0,7.0,3.0
25,CLBP,13003,False,6.0,6.0,4.0,5.0,7.0,4.0
26,CLBP,13003,False,6.0,5.0,7.0,4.0,7.0,3.0
27,CLBP,13003,False,6.0,5.0,4.0,4.0,7.0,3.0
28,CLBP,13003,False,6.0,5.0,7.0,4.0,7.0,3.0
29,CLBP,13003,False,6.0,5.0,4.0,4.0,7.0,3.0
30,CLBP,13003,False,6.0,5.0,4.0,4.0,7.0,3.0
31,CLBP,13003,False,6.0,5.0,7.0,4.0,7.0,3.0
32,CLBP,13003,False,6.0,6.0,4.0,5.0,7.0,4.0
33,CLBP,13003,False,6.0,5.0,4.0,4.0,7.0,3.0
34,CLBP,13003,False,6.0,5.0,7.0,4.0,7.0,3.0
35,CLBP,13003,False,6.0,5.0,4.0,4.0,7.0,3.0
36,CLBP,13003,False,6.0,5.0,4.0,7.0,6.0,5.0
37,CLBP,13003,False,6.0,5.0,7.0,4.0,7.0,3.0
38,CLBP,13003,False,6.0,6.0,4.0,5.0,7.0,4.0
39,CLBP,13003,False,6.0,5.0,7.0,6.0,7.0,5.0
40,CLBP,13003,False,6.0,5.0,4.0,7.0,6.0,5.0
41,CLBP,13003,False,6.0,6.0,4.0,5.0,7.0,4.0
42,CLBP,13003,False,6.0,5.0,7.0,4.0,7.0,3.0
43,CLBP,13003,False,6.0,5.0,7.0,6.0,7.0,4.0
44,CLBP,13003,False,6.0,5.0,7.0,4.0,7.0,3.0
45,CLBP,13003,False,6.0,5.0,4.0,4.0,7.0,3.0
46,CLBP,13003,False,6.0,5.0,4.0,4.0,7.0,3.0
47,CLBP,13003,True,,,,,,
48,CLBP,13003,False,6.0,5.0,4.0,4.0,7.0,3.0
49,CLBP,13003,False,6.0,5.0,4.0,7.0,6.0,5.0
50,CLBP,13003,False,6.0,5.0,4.0,4.0,7.0,3.0
51,CLBP,13003,False,6.0,5.0,7.0,4.0,7.0,3.0
52,CLBP,13003,False,6.0,5.0,4.0,7.0,6.0,4.0
53,CLBP,13003,False,6.0,5.0,4.0,4.0,7.0,3.0
54,CLBP,13003,False,6.0,5.0,7.0,4.0,7.0,3.0
55,CLBP,13003,False,6.0,5.0,7.0,4.0,7.0,3.0
56,CLBP,13003,False,6.0,5.0,4.0,7.0,6.0,5.0
57,CLBP,13003,False,6.0,5.0,4.0,4.0,7.0,3.0
58,CLBP,13003,False,6.0,6.0,4.0,5.0,7.0,4.0
59,CLBP,13003,False,6.0,6.0,4.0,7.0,6.0,5.0
60,CLBP,13003,False,6.0,5.0,7.0,4.0,7.0,3.0
61,CLBP,13003,False,6.0,5.0,4.0,7.0,6.0,5.0
62,CLBP,13003,False,6.0,6.0,4.0,7.0,6.0,5.0
63,CLBP,13003,False,6.0,5.0,7.0,4.0,7.0,3.0
64,CLBP,13003,False,6.0,5.0,7.0,4.0,7.0,3.0
65,CLBP,13003,False,6.0,6.0,4.0,5.0,7.0,4.0
66,CLBP,13003,False,6.0,5.0,7.0,4.0,7.0,3.0
67,CLBP,13003,False,6.0,6.0,4.0,5.0,7.0,4.0
68,CLBP,13003,False,6.0,5.0,4.0,7.0,6.0,5.0
69,CLBP,13003,False,6.0,5.0,7.0,4.0,7.0,3.0
70,CLBP,13003,False,6.0,5.0,7.0,4.0,7.0,3.0
71,CLBP,13003,False,6.0,5.0,4.0,4.0,7.0,3.0
72,CLBP,13003,False,6.0,6.0,4.0,5.0,7.0,3.0
73,CLBP,13003,False,6.0,6.0,4.0,5.0,7.0,4.0
74,CLBP,13003,False,6.0,6.0,4.0,5.0,7.0,4.0
75,CLBP,13003,False,6.0,5.0,7.0,4.0,7.0,3.0
76,CLBP,13003,False,6.0,6.0,4.0,4.0,7.0,3.0
77,CLBP,13003,False,6.0,5.0,4.0,4.0,7.0,3.0
78,CLBP,13003,False,6.0,6.0,4.0,5.0,7.0,4.0
79,CLBP,13003,False,6.0,6.0,4.0,5.0,7.0,3.0
80,CLBP,13003,False,6.0,5.0,7.0,4.0,7.0,3.0
81,CLBP,13003,False,6.0,5.0,7.0,6.0,7.0,4.0
82,CLBP,13003,False,6.0,5.0,4.0,4.0,7.0,3.0
83,CLBP,13003,False,6.0,6.0,4.0,7.0,6.0,5.0
84,CLBP,13003,False,6.0,5.0,4.0,4.0,7.0,3.0
85,CLBP,13003,False,6.0,5.0,7.0,4.0,7.0,3.0
86,CLBP,13003,False,6.0,5.0,4.0,4.0,7.0,3.0
87,CLBP,13003,False,6.0,5.0,7.0,4.0,7.0,3.0
88,CLBP,13003,False,6.0,5.0,4.0,4.0,7.0,3.0
89,CLBP,13003,False,6.0,5.0,4.0,4.0,7.0,3.0
90,CLBP,13003,False,6.0,5.0,4.0,4.0,7.0,3.0
91,CLBP,13003,False,6.0,5.0,7.0,4.0,7.0,3.0
92,CLBP,13003,False,6.0,5.0,4.0,7.0,6.0,5.0
93,CLBP,13003,False,6.0,5.0,4.0,7.0,6.0,5.0
94,CLBP,13003,False,6.0,5.0,4.0,4.0,7.0,3.0
95,CLBP,13003,False,6.0,5.0,7.0,4.0,7.0,3.0
96,CLBP,13003,False,6.0,5.0,4.0,4.0,7.0,3.0
97,CLBP,13003,False,6.0,5.0,7.0,6.0,7.0,4.0
98,CLBP,13003,False,6.0,6.0,4.0,5.0,7.0,4.0
99,CLBP,13003,False,6.0,6.0,4.0,5.0,7.0,4.0
0,CLBP,13004,False,8.0,7.0,1.0,2.0,6.0,3.0
1,CLBP,13004,False,7.0,8.0,4.0,3.0,6.0,2.0
2,CLBP,13004,False,8.0,7.0,5.0,4.0,6.0,3.0
3,CLBP,13004,False,7.0,8.0,3.0,2.0,6.0,4.0
4,CLBP,13004,False,7.0,6.0,4.0,3.0,6.0,2.0
5,CLBP,13004,False,8.0,7.0,4.0,3.0,6.0,2.0
6,CLBP,13004,False,7.0,6.0,4.0,2.0,6.0,3.0
7,CLBP,13004,False,6.0,7.0,4.0,3.0,7.0,2.0
8,CLBP,13004,False,7.0,6.0,4.0,3.0,6.0,2.0
9,CLBP,13004,False,6.0,7.0,3.0,2.0,7.0,4.0
10,CLBP,13004,False,8.0,7.0,6.0,4.0,6.0,3.0
11,CLBP,13004,False,8.0,7.0,5.0,3.0,6.0,4.0
12,CLBP,13004,False,7.0,6.0,4.0,3.0,6.0,4.0
13,CLBP,13004,False,7.0,6.0,4.0,2.0,6.0,3.0
14,CLBP,13004,False,7.0,6.0,4.0,2.0,6.0,3.0
15,CLBP,13004,False,7.0,6.0,4.0,3.0,6.0,2.0
16,CLBP,13004,False,8.0,7.0,6.0,2.0,6.0,3.0
17,CLBP,13004,False,6.0,7.0,4.0,3.0,6.0,2.0
18,CLBP,13004,False,7.0,6.0,4.0,3.0,6.0,4.0
19,CLBP,13004,False,7.0,8.0,4.0,2.0,6.0,3.0
20,CLBP,13004,False,7.0,6.0,4.0,3.0,6.0,4.0
21,CLBP,13004,False,7.0,6.0,4.0,3.0,6.0,2.0
22,CLBP,13004,False,8.0,7.0,2.0,2.0,6.0,3.0
23,CLBP,13004,False,7.0,6.0,4.0,2.0,6.0,3.0
24,CLBP,13004,False,8.0,7.0,4.0,2.0,6.0,3.0
25,CLBP,13004,False,8.0,7.0,2.0,3.0,6.0,4.0
26,CLBP,13004,False,7.0,8.0,4.0,3.0,6.0,2.0
27,CLBP,13004,False,6.0,5.0,7.0,4.0,6.0,5.0
28,CLBP,13004,False,7.0,6.0,4.0,3.0,6.0,2.0
29,CLBP,13004,False,7.0,6.0,4.0,3.0,6.0,4.0
30,CLBP,13004,False,7.0,6.0,4.0,2.0,6.0,3.0
31,CLBP,13004,False,6.0,7.0,4.0,2.0,7.0,3.0
32,CLBP,13004,False,7.0,6.0,4.0,2.0,6.0,3.0
33,CLBP,13004,False,7.0,6.0,4.0,3.0,6.0,2.0
34,CLBP,13004,False,6.0,7.0,4.0,3.0,7.0,2.0
35,CLBP,13004,False,7.0,8.0,4.0,3.0,6.0,2.0
36,CLBP,13004,False,7.0,6.0,4.0,3.0,6.0,2.0
37,CLBP,13004,False,7.0,6.0,4.0,3.0,6.0,2.0
38,CLBP,13004,False,8.0,7.0,2.0,2.0,6.0,1.0
39,CLBP,13004,False,8.0,7.0,2.0,3.0,6.0,4.0
40,CLBP,13004,False,7.0,8.0,4.0,3.0,6.0,2.0
41,CLBP,13004,False,8.0,7.0,2.0,3.0,6.0,4.0
42,CLBP,13004,False,7.0,8.0,4.0,3.0,6.0,2.0
43,CLBP,13004,False,7.0,6.0,4.0,2.0,6.0,3.0
44,CLBP,13004,False,6.0,7.0,4.0,2.0,7.0,3.0
45,CLBP,13004,False,7.0,6.0,4.0,2.0,6.0,3.0
46,CLBP,13004,False,7.0,6.0,4.0,3.0,6.0,2.0
47,CLBP,13004,True,,,,,,
48,CLBP,13004,False,7.0,6.0,4.0,2.0,6.0,3.0
49,CLBP,13004,False,7.0,6.0,4.0,3.0,6.0,2.0
50,CLBP,13004,False,7.0,6.0,4.0,3.0,6.0,4.0
51,CLBP,13004,False,6.0,7.0,3.0,2.0,6.0,4.0
52,CLBP,13004,False,7.0,6.0,4.0,3.0,6.0,2.0
53,CLBP,13004,False,6.0,7.0,3.0,2.0,7.0,4.0
54,CLBP,13004,False,6.0,5.0,7.0,3.0,6.0,4.0
55,CLBP,13004,False,7.0,6.0,4.0,3.0,6.0,2.0
56,CLBP,13004,False,7.0,6.0,4.0,2.0,6.0,3.0
57,CLBP,13004,False,7.0,8.0,4.0,3.0,6.0,2.0
58,CLBP,13004,False,7.0,8.0,4.0,3.0,6.0,2.0
59,CLBP,13004,False,7.0,8.0,4.0,2.0,6.0,3.0
60,CLBP,13004,False,7.0,6.0,4.0,2.0,6.0,3.0
61,CLBP,13004,False,7.0,6.0,4.0,3.0,6.0,2.0
62,CLBP,13004,False,7.0,6.0,4.0,3.0,6.0,2.0
63,CLBP,13004,False,7.0,6.0,4.0,2.0,6.0,3.0
64,CLBP,13004,False,6.0,7.0,4.0,2.0,6.0,3.0
65,CLBP,13004,False,6.0,7.0,4.0,2.0,7.0,3.0
66,CLBP,13004,False,7.0,6.0,5.0,3.0,6.0,4.0
67,CLBP,13004,False,7.0,8.0,4.0,3.0,6.0,2.0
68,CLBP,13004,False,7.0,6.0,4.0,3.0,6.0,2.0
69,CLBP,13004,False,7.0,8.0,4.0,3.0,6.0,2.0
70,CLBP,13004,False,6.0,5.0,4.0,2.0,7.0,3.0
71,CLBP,13004,False,7.0,6.0,4.0,2.0,6.0,3.0
72,CLBP,13004,False,8.0,7.0,2.0,2.0,6.0,3.0
73,CLBP,13004,False,8.0,7.0,2.0,2.0,6.0,1.0
74,CLBP,13004,False,7.0,6.0,4.0,2.0,6.0,3.0
75,CLBP,13004,False,7.0,6.0,8.0,3.0,6.0,4.0
76,CLBP,13004,False,6.0,7.0,4.0,2.0,6.0,3.0
77,CLBP,13004,False,7.0,6.0,5.0,2.0,6.0,3.0
78,CLBP,13004,False,8.0,7.0,6.0,4.0,6.0,5.0
79,CLBP,13004,False,7.0,6.0,4.0,3.0,6.0,2.0
80,CLBP,13004,False,7.0,6.0,4.0,3.0,6.0,2.0
81,CLBP,13004,False,7.0,6.0,4.0,2.0,6.0,3.0
82,CLBP,13004,False,6.0,7.0,4.0,2.0,7.0,3.0
83,CLBP,13004,False,8.0,7.0,5.0,3.0,6.0,4.0
84,CLBP,13004,False,7.0,6.0,4.0,3.0,6.0,2.0
85,CLBP,13004,False,7.0,6.0,4.0,3.0,6.0,4.0
86,CLBP,13004,False,8.0,7.0,5.0,4.0,6.0,3.0
87,CLBP,13004,False,6.0,5.0,7.0,2.0,7.0,3.0
88,CLBP,13004,False,7.0,6.0,4.0,2.0,6.0,3.0
89,CLBP,13004,False,7.0,6.0,4.0,2.0,6.0,3.0
90,CLBP,13004,False,7.0,8.0,4.0,3.0,6.0,2.0
91,CLBP,13004,False,7.0,6.0,5.0,3.0,6.0,4.0
92,CLBP,13004,False,8.0,7.0,2.0,3.0,6.0,4.0
93,CLBP,13004,False,7.0,6.0,4.0,3.0,6.0,2.0
94,CLBP,13004,False,7.0,8.0,4.0,3.0,6.0,2.0
95,CLBP,13004,False,7.0,6.0,4.0,3.0,6.0,2.0
96,CLBP,13004,False,6.0,7.0,4.0,3.0,7.0,2.0
97,CLBP,13004,False,7.0,6.0,4.0,2.0,6.0,3.0
98,CLBP,13004,False,7.0,6.0,4.0,2.0,6.0,3.0
99,CLBP,13004,False,7.0,6.0,4.0,2.0,6.0,3.0
0,HC,1501,False,4.0,2.0,6.0,5.0,6.0,3.0
1,HC,1501,False,4.0,2.0,6.0,5.0,6.0,4.0
2,HC,1501,False,4.0,2.0,6.0,5.0,6.0,3.0
3,HC,1501,False,2.0,0.0,4.0,3.0,6.0,2.0
4,HC,1501,False,4.0,2.0,6.0,5.0,6.0,4.0
5,HC,1501,False,4.0,2.0,6.0,5.0,6.0,3.0
6,HC,1501,False,2.0,1.0,3.0,4.0,6.0,2.0
7,HC,1501,False,2.0,1.0,3.0,4.0,6.0,3.0
8,HC,1501,False,4.0,2.0,6.0,5.0,6.0,3.0
9,HC,1501,False,4.0,2.0,6.0,5.0,6.0,3.0
10,HC,1501,False,4.0,2.0,6.0,5.0,6.0,3.0
11,HC,1501,False,2.0,1.0,3.0,4.0,6.0,2.0
12,HC,1501,False,2.0,1.0,3.0,4.0,6.0,3.0
13,HC,1501,False,4.0,2.0,6.0,5.0,6.0,3.0
14,HC,1501,False,4.0,2.0,6.0,5.0,6.0,3.0
15,HC,1501,False,4.0,2.0,6.0,5.0,6.0,3.0
16,HC,1501,False,4.0,2.0,6.0,5.0,6.0,3.0
17,HC,1501,False,2.0,1.0,4.0,3.0,6.0,2.0
18,HC,1501,False,4.0,2.0,6.0,5.0,6.0,4.0
19,HC,1501,False,2.0,1.0,3.0,4.0,6.0,3.0
20,HC,1501,False,2.0,0.0,4.0,3.0,6.0,2.0
21,HC,1501,False,4.0,2.0,6.0,5.0,6.0,4.0
22,HC,1501,False,2.0,1.0,3.0,4.0,6.0,3.0
23,HC,1501,False,4.0,2.0,6.0,5.0,6.0,4.0
24,HC,1501,False,2.0,0.0,4.0,3.0,6.0,2.0
25,HC,1501,False,4.0,2.0,6.0,5.0,6.0,4.0
26,HC,1501,False,4.0,2.0,6.0,5.0,6.0,3.0
27,HC,1501,False,4.0,2.0,6.0,5.0,6.0,3.0
28,HC,1501,False,4.0,2.0,6.0,5.0,6.0,3.0
29,HC,1501,False,4.0,2.0,6.0,5.0,6.0,4.0
30,HC,1501,False,4.0,2.0,6.0,5.0,6.0,3.0
31,HC,1501,False,2.0,1.0,3.0,4.0,6.0,3.0
32,HC,1501,False,4.0,2.0,6.0,5.0,6.0,4.0
33,HC,1501,False,4.0,2.0,6.0,5.0,6.0,3.0
34,HC,1501,False,4.0,2.0,6.0,5.0,6.0,3.0
35,HC,1501,False,4.0,2.0,6.0,5.0,6.0,3.0
36,HC,1501,False,4.0,2.0,6.0,5.0,6.0,4.0
37,HC,1501,False,4.0,2.0,6.0,5.0,6.0,3.0
38,HC,1501,False,2.0,0.0,4.0,3.0,6.0,2.0
39,HC,1501,False,2.0,1.0,3.0,4.0,6.0,3.0
40,HC,1501,False,2.0,0.0,4.0,3.0,6.0,2.0
41,HC,1501,False,4.0,2.0,6.0,5.0,6.0,3.0
42,HC,1501,False,4.0,2.0,6.0,5.0,6.0,3.0
43,HC,1501,False,2.0,1.0,4.0,3.0,6.0,2.0
44,HC,1501,False,4.0,2.0,6.0,5.0,6.0,3.0
45,HC,1501,False,4.0,2.0,6.0,5.0,6.0,4.0
46,HC,1501,False,4.0,2.0,6.0,5.0,6.0,3.0
47,HC,1501,True,,,,,,
48,HC,1501,False,2.0,1.0,3.0,4.0,6.0,2.0
49,HC,1501,False,4.0,2.0,6.0,5.0,6.0,3.0
50,HC,1501,False,2.0,1.0,3.0,4.0,6.0,2.0
51,HC,1501,False,4.0,2.0,6.0,5.0,6.0,4.0
52,HC,1501,False,4.0,2.0,6.0,5.0,6.0,4.0
53,HC,1501,False,2.0,0.0,4.0,3.0,6.0,2.0
54,HC,1501,False,4.0,2.0,6.0,5.0,6.0,3.0
55,HC,1501,False,2.0,1.0,3.0,4.0,6.0,3.0
56,HC,1501,False,2.0,1.0,3.0,4.0,6.0,3.0
57,HC,1501,False,4.0,2.0,6.0,5.0,6.0,3.0
58,HC,1501,False,2.0,1.0,3.0,4.0,6.0,3.0
59,HC,1501,False,4.0,2.0,6.0,5.0,6.0,3.0
60,HC,1501,False,2.0,1.0,3.0,4.0,6.0,3.0
61,HC,1501,False,2.0,0.0,4.0,3.0,6.0,2.0
62,HC,1501,False,4.0,2.0,6.0,5.0,6.0,4.0
63,HC,1501,False,4.0,2.0,6.0,5.0,6.0,3.0
64,HC,1501,False,4.0,2.0,6.0,5.0,6.0,4.0
65,HC,1501,False,4.0,2.0,6.0,5.0,6.0,3.0
66,HC,1501,False,2.0,1.0,3.0,4.0,6.0,3.0
67,HC,1501,False,4.0,2.0,6.0,5.0,6.0,4.0
68,HC,1501,False,4.0,2.0,6.0,5.0,6.0,3.0
69,HC,1501,False,2.0,1.0,3.0,4.0,6.0,3.0
70,HC,1501,False,2.0,0.0,4.0,3.0,6.0,2.0
71,HC,1501,False,4.0,2.0,6.0,5.0,6.0,3.0
72,HC,1501,False,2.0,1.0,3.0,4.0,6.0,3.0
73,HC,1501,False,4.0,2.0,6.0,5.0,6.0,3.0
74,HC,1501,False,4.0,2.0,6.0,5.0,6.0,4.0
75,HC,1501,False,2.0,0.0,4.0,3.0,6.0,2.0
76,HC,1501,False,4.0,2.0,6.0,5.0,6.0,3.0
77,HC,1501,False,4.0,2.0,6.0,5.0,6.0,3.0
78,HC,1501,False,4.0,2.0,6.0,5.0,6.0,3.0
79,HC,1501,False,2.0,0.0,4.0,3.0,6.0,2.0
80,HC,1501,False,4.0,2.0,6.0,5.0,6.0,3.0
81,HC,1501,False,2.0,1.0,3.0,4.0,6.0,3.0
82,HC,1501,False,4.0,2.0,6.0,5.0,6.0,4.0
83,HC,1501,False,4.0,2.0,6.0,5.0,6.0,4.0
84,HC,1501,False,4.0,2.0,6.0,5.0,6.0,3.0
85,HC,1501,False,4.0,2.0,6.0,5.0,6.0,4.0
86,HC,1501,False,4.0,2.0,6.0,5.0,6.0,4.0
87,HC,1501,False,4.0,2.0,6.0,5.0,6.0,3.0
88,HC,1501,False,4.0,2.0,6.0,5.0,6.0,4.0
89,HC,1501,False,4.0,2.0,6.0,5.0,6.0,3.0
90,HC,1501,False,2.0,1.0,3.0,4.0,6.0,3.0
91,HC,1501,False,4.0,2.0,6.0,5.0,6.0,3.0
92,HC,1501,False,4.0,2.0,6.0,5.0,6.0,3.0
93,HC,1501,False,4.0,2.0,6.0,5.0,6.0,3.0
94,HC,1501,False,4.0,2.0,6.0,5.0,6.0,3.0
95,HC,1501,False,4.0,2.0,6.0,5.0,6.0,4.0
96,HC,1501,False,4.0,2.0,6.0,5.0,6.0,3.0
97,HC,1501,False,4.0,2.0,6.0,5.0,6.0,3.0
98,HC,1501,False,4.0,2.0,6.0,5.0,6.0,3.0
99,HC,1501,False,4.0,2.0,6.0,5.0,6.0,3.0
0,HC,1502,False,2.0,0.0,2.0,1.0,8.0,2.0
1,HC,1502,False,0.0,0.0,0.0,1.0,8.0,2.0
2,HC,1502,False,0.0,0.0,0.0,1.0,9.0,2.0
3,HC,1502,False,2.0,1.0,1.0,1.0,8.0,2.0
4,HC,1502,False,1.0,0.0,1.0,1.0,9.0,2.0
5,HC,1502,False,0.0,0.0,0.0,0.0,8.0,2.0
6,HC,1502,False,0.0,0.0,0.0,0.0,9.0,2.0
7,HC,1502,False,0.0,0.0,0.0,1.0,8.0,2.0
8,HC,1502,False,0.0,0.0,0.0,0.0,9.0,1.0
9,HC,1502,False,0.0,0.0,0.0,0.0,8.0,2.0
10,HC,1502,False,1.0,0.0,1.0,1.0,8.0,2.0
11,HC,1502,False,1.0,0.0,1.0,2.0,8.0,3.0
12,HC,1502,False,2.0,1.0,1.0,1.0,8.0,2.0
13,HC,1502,False,1.0,0.0,1.0,1.0,8.0,2.0
14,HC,1502,False,1.0,0.0,1.0,1.0,8.0,2.0
15,HC,1502,False,2.0,1.0,1.0,1.0,8.0,2.0
16,HC,1502,False,0.0,0.0,0.0,0.0,9.0,2.0
17,HC,1502,False,0.0,0.0,0.0,0.0,9.0,2.0
18,HC,1502,False,0.0,0.0,0.0,0.0,9.0,1.0
19,HC,1502,False,1.0,0.0,1.0,1.0,8.0,2.0
20,HC,1502,False,2.0,0.0,2.0,1.0,8.0,2.0
21,HC,1502,False,0.0,0.0,0.0,0.0,9.0,2.0
22,HC,1502,False,0.0,0.0,0.0,0.0,9.0,1.0
23,HC,1502,False,0.0,0.0,0.0,1.0,8.0,2.0
24,HC,1502,False,2.0,0.0,2.0,1.0,8.0,2.0
25,HC,1502,False,1.0,0.0,1.0,1.0,8.0,2.0
26,HC,1502,False,1.0,0.0,1.0,1.0,8.0,2.0
27,HC,1502,False,2.0,1.0,1.0,1.0,8.0,2.0
28,HC,1502,False,0.0,0.0,0.0,0.0,9.0,1.0
29,HC,1502,False,2.0,1.0,1.0,1.0,8.0,2.0
30,HC,1502,False,2.0,1.0,1.0,1.0,8.0,2.0
31,HC,1502,False,0.0,0.0,0.0,0.0,8.0,2.0
32,HC,1502,False,1.0,0.0,1.0,1.0,9.0,2.0
33,HC,1502,False,2.0,1.0,1.0,1.0,8.0,2.0
34,HC,1502,False,1.0,0.0,1.0,1.0,8.0,2.0
35,HC,1502,False,2.0,0.0,2.0,1.0,8.0,2.0
36,HC,1502,False,2.0,1.0,1.0,1.0,8.0,2.0
37,HC,1502,False,0.0,0.0,0.0,0.0,8.0,2.0
38,HC,1502,False,2.0,1.0,1.0,1.0,8.0,2.0
39,HC,1502,False,2.0,1.0,1.0,1.0,8.0,2.0
40,HC,1502,False,0.0,0.0,0.0,0.0,9.0,2.0
41,HC,1502,False,2.0,1.0,1.0,1.0,8.0,2.0
42,HC,1502,False,0.0,0.0,0.0,1.0,9.0,2.0
43,HC,1502,False,2.0,1.0,1.0,1.0,8.0,2.0
44,HC,1502,False,2.0,1.0,1.0,1.0,8.0,2.0
45,HC,1502,False,2.0,1.0,1.0,1.0,8.0,2.0
46,HC,1502,False,0.0,0.0,0.0,1.0,9.0,2.0
47,HC,1502,True,,,,,,
48,HC,1502,False,0.0,0.0,0.0,0.0,8.0,2.0
49,HC,1502,False,0.0,0.0,0.0,0.0,9.0,2.0
50,HC,1502,False,2.0,0.0,2.0,1.0,8.0,3.0
51,HC,1502,False,0.0,0.0,0.0,0.0,8.0,2.0
52,HC,1502,False,0.0,0.0,0.0,0.0,8.0,2.0
53,HC,1502,False,2.0,0.0,2.0,1.0,8.0,2.0
54,HC,1502,False,1.0,0.0,1.0,0.0,9.0,2.0
55,HC,1502,False,0.0,0.0,0.0,0.0,9.0,2.0
56,HC,1502,False,0.0,0.0,0.0,0.0,9.0,1.0
57,HC,1502,False,0.0,0.0,0.0,0.0,9.0,1.0
58,HC,1502,False,2.0,1.0,1.0,1.0,8.0,2.0
59,HC,1502,False,1.0,0.0,1.0,1.0,8.0,2.0
60,HC,1502,False,0.0,0.0,0.0,0.0,9.0,1.0
61,HC,1502,False,0.0,0.0,0.0,0.0,8.0,2.0
62,HC,1502,False,0.0,0.0,0.0,1.0,8.0,2.0
63,HC,1502,False,1.0,0.0,1.0,2.0,8.0,3.0
64,HC,1502,False,0.0,0.0,0.0,1.0,8.0,2.0
65,HC,1502,False,1.0,0.0,1.0,2.0,8.0,3.0
66,HC,1502,False,1.0,0.0,1.0,1.0,8.0,2.0
67,HC,1502,False,0.0,0.0,0.0,0.0,8.0,2.0
68,HC,1502,False,0.0,0.0,0.0,1.0,8.0,2.0
69,HC,1502,False,2.0,1.0,1.0,1.0,8.0,2.0
70,HC,1502,False,0.0,0.0,0.0,0.0,8.0,2.0
71,HC,1502,False,1.0,0.0,1.0,2.0,8.0,3.0
72,HC,1502,False,2.0,1.0,1.0,1.0,8.0,2.0
73,HC,1502,False,0.0,0.0,0.0,0.0,9.0,1.0
74,HC,1502,False,2.0,1.0,1.0,1.0,8.0,2.0
75,HC,1502,False,2.0,1.0,1.0,1.0,8.0,2.0
76,HC,1502,False,0.0,0.0,0.0,0.0,8.0,2.0
77,HC,1502,False,1.0,0.0,1.0,2.0,8.0,3.0
78,HC,1502,False,1.0,0.0,1.0,1.0,8.0,2.0
79,HC,1502,False,2.0,1.0,1.0,1.0,8.0,2.0
80,HC,1502,False,2.0,1.0,1.0,1.0,8.0,2.0
81,HC,1502,False,0.0,0.0,0.0,0.0,9.0,1.0
82,HC,1502,False,1.0,0.0,1.0,0.0,8.0,2.0
83,HC,1502,False,2.0,1.0,1.0,1.0,8.0,2.0
84,HC,1502,False,1.0,0.0,1.0,1.0,8.0,2.0
85,HC,1502,False,0.0,0.0,0.0,0.0,8.0,2.0
86,HC,1502,False,2.0,0.0,2.0,1.0,8.0,2.0
87,HC,1502,False,1.0,0.0,1.0,0.0,8.0,2.0
88,HC,1502,False,0.0,0.0,0.0,0.0,8.0,2.0
89,HC,1502,False,2.0,1.0,1.0,1.0,8.0,2.0
90,HC,1502,False,2.0,1.0,1.0,1.0,8.0,2.0
91,HC,1502,False,1.0,0.0,1.0,1.0,8.0,2.0
92,HC,1502,False,0.0,0.0,0.0,1.0,9.0,2.0
93,HC,1502,False,2.0,1.0,1.0,1.0,8.0,2.0
94,HC,1502,False,2.0,1.0,1.0,1.0,8.0,2.0
95,HC,1502,False,2.0,1.0,1.0,1.0,8.0,2.0
96,HC,1502,False,2.0,0.0,2.0,1.0,8.0,2.0
97,HC,1502,False,1.0,0.0,1.0,2.0,8.0,3.0
98,HC,1502,False,2.0,1.0,1.0,1.0,8.0,2.0
99,HC,1502,False,1.0,0.0,1.0,1.0,8.0,2.0
0,HC,1503,False,2.0,0.0,2.0,1.0,8.0,2.0
1,HC,1503,False,0.0,0.0,0.0,0.0,9.0,1.0
2,HC,1503,False,0.0,0.0,0.0,0.0,9.0,1.0
3,HC,1503,False,0.0,0.0,0.0,0.0,9.0,1.0
4,HC,1503,False,2.0,0.0,2.0,1.0,8.0,2.0
5,HC,1503,False,0.0,0.0,0.0,0.0,8.0,2.0
6,HC,1503,False,0.0,0.0,0.0,0.0,9.0,1.0
7,HC,1503,False,2.0,0.0,2.0,1.0,8.0,2.0
8,HC,1503,False,0.0,0.0,0.0,0.0,9.0,1.0
9,HC,1503,False,0.0,0.0,0.0,0.0,9.0,1.0
10,HC,1503,False,0.0,0.0,0.0,0.0,8.0,2.0
11,HC,1503,False,0.0,0.0,0.0,0.0,9.0,1.0
12,HC,1503,False,0.0,0.0,0.0,0.0,9.0,1.0
13,HC,1503,False,0.0,0.0,0.0,0.0,9.0,1.0
14,HC,1503,False,0.0,0.0,0.0,0.0,9.0,1.0
15,HC,1503,False,0.0,0.0,0.0,0.0,9.0,1.0
16,HC,1503,False,0.0,0.0,0.0,0.0,8.0,2.0
17,HC,1503,False,2.0,1.0,2.0,1.0,8.0,2.0
18,HC,1503,False,0.0,0.0,0.0,0.0,8.0,2.0
19,HC,1503,False,0.0,0.0,0.0,0.0,8.0,2.0
20,HC,1503,False,0.0,0.0,0.0,0.0,8.0,2.0
21,HC,1503,False,0.0,0.0,0.0,0.0,8.0,1.0
22,HC,1503,False,0.0,0.0,0.0,0.0,9.0,1.0
23,HC,1503,False,0.0,0.0,0.0,0.0,9.0,1.0
24,HC,1503,False,0.0,0.0,0.0,0.0,9.0,0.0
25,HC,1503,False,0.0,0.0,0.0,0.0,8.0,2.0
26,HC,1503,False,0.0,0.0,0.0,0.0,8.0,2.0
27,HC,1503,False,0.0,0.0,0.0,0.0,9.0,1.0
28,HC,1503,False,0.0,0.0,0.0,0.0,9.0,1.0
29,HC,1503,False,0.0,0.0,0.0,0.0,9.0,1.0
30,HC,1503,False,0.0,0.0,0.0,0.0,9.0,1.0
31,HC,1503,False,0.0,0.0,0.0,0.0,9.0,1.0
32,HC,1503,False,0.0,0.0,0.0,0.0,8.0,2.0
33,HC,1503,False,0.0,0.0,0.0,0.0,9.0,1.0
34,HC,1503,False,0.0,0.0,0.0,0.0,9.0,0.0
35,HC,1503,False,0.0,0.0,0.0,0.0,9.0,1.0
36,HC,1503,False,0.0,0.0,0.0,0.0,9.0,0.0
37,HC,1503,False,0.0,0.0,0.0,0.0,8.0,2.0
38,HC,1503,False,0.0,0.0,0.0,0.0,9.0,0.0
39,HC,1503,False,0.0,0.0,0.0,0.0,9.0,1.0
40,HC,1503,False,0.0,0.0,0.0,0.0,9.0,1.0
41,HC,1503,False,0.0,0.0,0.0,0.0,9.0,1.0
42,HC,1503,False,0.0,0.0,0.0,0.0,9.0,1.0
43,HC,1503,False,0.0,0.0,0.0,0.0,8.0,2.0
44,HC,1503,False,0.0,0.0,0.0,0.0,9.0,1.0
45,HC,1503,False,2.0,0.0,2.0,1.0,8.0,2.0
46,HC,1503,False,0.0,0.0,0.0,0.0,9.0,1.0
47,HC,1503,True,,,,,,
48,HC,1503,False,0.0,0.0,0.0,0.0,9.0,1.0
49,HC,1503,False,0.0,0.0,0.0,0.0,9.0,1.0
50,HC,1503,False,0.0,0.0,0.0,0.0,8.0,2.0
51,HC,1503,False,0.0,0.0,0.0,0.0,9.0,0.0
52,HC,1503,False,2.0,0.0,2.0,1.0,8.0,2.0
53,HC,1503,False,0.0,0.0,0.0,0.0,9.0,1.0
54,HC,1503,False,0.0,0.0,0.0,0.0,8.0,2.0
55,HC,1503,False,2.0,1.0,2.0,1.0,8.0,2.0
56,HC,1503,False,0.0,0.0,0.0,0.0,9.0,0.0
57,HC,1503,False,0.0,0.0,0.0,0.0,9.0,1.0
58,HC,1503,False,0.0,0.0,0.0,0.0,8.0,2.0
59,HC,1503,False,0.0,0.0,0.0,0.0,9.0,1.0
60,HC,1503,False,0.0,0.0,0.0,0.0,8.0,2.0
61,HC,1503,False,0.0,0.0,0.0,0.0,8.0,2.0
62,HC,1503,False,0.0,0.0,0.0,0.0,9.0,0.0
63,HC,1503,False,0.0,0.0,0.0,0.0,8.0,2.0
64,HC,1503,False,0.0,0.0,0.0,0.0,9.0,1.0
65,HC,1503,False,2.0,0.0,2.0,1.0,8.0,3.0
66,HC,1503,False,2.0,0.0,2.0,1.0,8.0,2.0
67,HC,1503,False,0.0,0.0,0.0,0.0,8.0,2.0
68,HC,1503,False,2.0,0.0,2.0,1.0,8.0,2.0
69,HC,1503,False,0.0,0.0,0.0,0.0,8.0,2.0
70,HC,1503,False,0.0,0.0,0.0,0.0,9.0,1.0
71,HC,1503,False,0.0,0.0,0.0,0.0,9.0,1.0
72,HC,1503,False,2.0,1.0,1.0,1.0,8.0,2.0
73,HC,1503,False,0.0,0.0,0.0,0.0,9.0,1.0
74,HC,1503,False,0.0,0.0,0.0,0.0,9.0,1.0
75,HC,1503,False,0.0,0.0,0.0,0.0,9.0,1.0
76,HC,1503,False,0.0,0.0,0.0,0.0,8.0,2.0
77,HC,1503,False,0.0,0.0,0.0,0.0,8.0,2.0
78,HC,1503,False,0.0,0.0,0.0,0.0,8.0,2.0
79,HC,1503,False,0.0,0.0,0.0,0.0,9.0,1.0
80,HC,1503,False,2.0,1.0,1.0,1.0,8.0,2.0
81,HC,1503,False,0.0,0.0,0.0,0.0,8.0,2.0
82,HC,1503,False,0.0,0.0,0.0,0.0,8.0,2.0
83,HC,1503,False,0.0,0.0,0.0,0.0,9.0,1.0
84,HC,1503,False,0.0,0.0,0.0,0.0,9.0,1.0
85,HC,1503,False,0.0,0.0,0.0,0.0,8.0,2.0
86,HC,1503,False,2.0,1.0,3.0,2.0,8.0,3.0
87,HC,1503,False,2.0,1.0,1.0,1.0,8.0,2.0
88,HC,1503,False,0.0,0.0,0.0,0.0,9.0,1.0
89,HC,1503,False,0.0,0.0,0.0,0.0,8.0,2.0
90,HC,1503,False,0.0,0.0,0.0,0.0,8.0,2.0
91,HC,1503,False,0.0,0.0,0.0,0.0,9.0,0.0
92,HC,1503,False,0.0,0.0,0.0,0.0,8.0,2.0
93,HC,1503,False,0.0,0.0,0.0,0.0,9.0,1.0
94,HC,1503,False,0.0,0.0,0.0,0.0,9.0,1.0
95,HC,1503,False,0.0,0.0,0.0,0.0,8.0,2.0
96,HC,1503,False,0.0,0.0,0.0,0.0,9.0,1.0
97,HC,1503,False,0.0,0.0,0.0,0.0,9.0,1.0
98,HC,1503,False,0.0,0.0,0.0,0.0,9.0,1.0
99,HC,1503,False,0.0,0.0,0.0,0.0,8.0,2.0
0,HC,1504,False,6.0,2.0,8.0,4.0,5.0,7.0
1,HC,1504,False,6.0,2.0,8.0,4.0,5.0,7.0
2,HC,1504,False,6.0,2.0,8.0,4.0,5.0,7.0
3,HC,1504,False,6.0,2.0,8.0,4.0,5.0,7.0
4,HC,1504,False,6.0,2.0,8.0,4.0,6.0,8.0
5,HC,1504,False,6.0,0.0,8.0,4.0,6.0,8.0
6,HC,1504,False,6.0,2.0,8.0,5.0,6.0,8.0
7,HC,1504,False,6.0,2.0,8.0,5.0,6.0,7.0
8,HC,1504,False,6.0,0.0,8.0,4.0,5.0,8.0
9,HC,1504,False,6.0,2.0,8.0,5.0,7.0,8.0
10,HC,1504,False,6.0,2.0,8.0,4.0,6.0,7.0
11,HC,1504,False,6.0,0.0,6.0,4.0,6.0,8.0
12,HC,1504,False,6.0,2.0,8.0,4.0,5.0,7.0
13,HC,1504,False,6.0,2.0,8.0,4.0,5.0,7.0
14,HC,1504,False,6.0,2.0,8.0,4.0,6.0,8.0
15,HC,1504,False,6.0,2.0,8.0,4.0,5.0,7.0
16,HC,1504,False,6.0,2.0,8.0,4.0,6.0,7.0
17,HC,1504,False,6.0,0.0,6.0,4.0,5.0,8.0
18,HC,1504,False,6.0,2.0,8.0,4.0,6.0,8.0
19,HC,1504,False,6.0,2.0,8.0,4.0,6.0,8.0
20,HC,1504,False,6.0,0.0,6.0,4.0,5.0,7.0
21,HC,1504,False,6.0,2.0,8.0,4.0,5.0,7.0
22,HC,1504,False,6.0,0.0,6.0,4.0,6.0,8.0
23,HC,1504,False,6.0,2.0,8.0,4.0,5.0,7.0
24,HC,1504,False,6.0,0.0,8.0,4.0,6.0,8.0
25,HC,1504,False,6.0,2.0,8.0,4.0,6.0,7.0
26,HC,1504,False,6.0,2.0,8.0,4.0,5.0,7.0
27,HC,1504,False,6.0,2.0,8.0,4.0,6.0,8.0
28,HC,1504,False,6.0,2.0,8.0,5.0,7.0,8.0
29,HC,1504,False,6.0,0.0,8.0,4.0,6.0,7.0
30,HC,1504,False,6.0,2.0,8.0,4.0,6.0,8.0
31,HC,1504,False,6.0,2.0,8.0,4.0,5.0,7.0
32,HC,1504,False,6.0,2.0,8.0,4.0,6.0,7.0
33,HC,1504,False,6.0,2.0,8.0,4.0,5.0,7.0
34,HC,1504,False,6.0,0.0,6.0,4.0,7.0,8.0
35,HC,1504,False,6.0,2.0,8.0,4.0,6.0,8.0
36,HC,1504,False,6.0,2.0,8.0,4.0,5.0,7.0
37,HC,1504,False,6.0,2.0,8.0,5.0,6.0,8.0
38,HC,1504,False,6.0,0.0,6.0,4.0,7.0,8.0
39,HC,1504,False,6.0,2.0,8.0,5.0,7.0,8.0
40,HC,1504,False,6.0,0.0,6.0,4.0,5.0,8.0
41,HC,1504,False,6.0,2.0,8.0,4.0,5.0,7.0
42,HC,1504,False,6.0,0.0,6.0,4.0,7.0,8.0
43,HC,1504,False,6.0,2.0,8.0,4.0,5.0,7.0
44,HC,1504,False,6.0,2.0,8.0,4.0,6.0,8.0
45,HC,1504,False,6.0,2.0,8.0,4.0,5.0,7.0
46,HC,1504,False,6.0,2.0,8.0,4.0,5.0,7.0
47,HC,1504,True,,,,,,
48,HC,1504,False,6.0,2.0,8.0,5.0,6.0,8.0
49,HC,1504,False,6.0,2.0,8.0,4.0,6.0,8.0
50,HC,1504,False,6.0,2.0,8.0,4.0,5.0,7.0
51,HC,1504,False,6.0,2.0,8.0,4.0,5.0,7.0
52,HC,1504,False,6.0,2.0,8.0,4.0,6.0,7.0
53,HC,1504,False,6.0,2.0,8.0,4.0,5.0,7.0
54,HC,1504,False,6.0,0.0,6.0,4.0,7.0,8.0
55,HC,1504,False,6.0,2.0,8.0,4.0,6.0,8.0
56,HC,1504,False,6.0,2.0,8.0,5.0,6.0,8.0
57,HC,1504,False,6.0,2.0,8.0,4.0,5.0,7.0
58,HC,1504,False,6.0,2.0,8.0,5.0,6.0,8.0
59,HC,1504,False,6.0,2.0,8.0,4.0,6.0,8.0
60,HC,1504,False,6.0,2.0,8.0,5.0,7.0,8.0
61,HC,1504,False,6.0,2.0,8.0,4.0,5.0,7.0
62,HC,1504,False,6.0,2.0,8.0,4.0,5.0,7.0
63,HC,1504,False,6.0,2.0,8.0,4.0,5.0,7.0
64,HC,1504,False,6.0,0.0,6.0,4.0,5.0,7.0
65,HC,1504,False,6.0,2.0,8.0,4.0,6.0,8.0
66,HC,1504,False,6.0,2.0,8.0,4.0,5.0,7.0
67,HC,1504,False,6.0,2.0,8.0,4.0,5.0,7.0
68,HC,1504,False,6.0,2.0,8.0,4.0,6.0,7.0
69,HC,1504,False,6.0,2.0,8.0,4.0,5.0,7.0
70,HC,1504,False,6.0,2.0,8.0,4.0,6.0,8.0
71,HC,1504,False,6.0,2.0,8.0,4.0,5.0,7.0
72,HC,1504,False,6.0,2.0,8.0,4.0,6.0,8.0
73,HC,1504,False,6.0,2.0,8.0,4.0,5.0,7.0
74,HC,1504,False,6.0,2.0,8.0,4.0,5.0,7.0
75,HC,1504,False,6.0,2.0,8.0,4.0,5.0,7.0
76,HC,1504,False,6.0,2.0,8.0,4.0,5.0,7.0
77,HC,1504,False,6.0,2.0,8.0,4.0,5.0,7.0
78,HC,1504,False,6.0,2.0,8.0,4.0,5.0,7.0
79,HC,1504,False,6.0,0.0,6.0,4.0,5.0,7.0
80,HC,1504,False,6.0,2.0,8.0,4.0,5.0,7.0
81,HC,1504,False,6.0,2.0,8.0,4.0,6.0,8.0
82,HC,1504,False,6.0,2.0,8.0,5.0,6.0,8.0
83,HC,1504,False,6.0,2.0,8.0,4.0,6.0,7.0
84,HC,1504,False,6.0,2.0,8.0,4.0,5.0,7.0
85,HC,1504,False,6.0,2.0,8.0,4.0,5.0,7.0
86,HC,1504,False,6.0,2.0,8.0,4.0,5.0,7.0
87,HC,1504,False,6.0,2.0,8.0,4.0,6.0,8.0
88,HC,1504,False,6.0,2.0,8.0,4.0,5.0,7.0
89,HC,1504,False,6.0,2.0,8.0,4.0,5.0,7.0
90,HC,1504,False,6.0,2.0,8.0,4.0,6.0,8.0
91,HC,1504,False,6.0,0.0,8.0,4.0,6.0,8.0
92,HC,1504,False,6.0,2.0,8.0,4.0,6.0,7.0
93,HC,1504,False,6.0,2.0,8.0,4.0,6.0,8.0
94,HC,1504,False,6.0,2.0,8.0,4.0,5.0,7.0
95,HC,1504,False,6.0,2.0,8.0,4.0,5.0,7.0
96,HC,1504,False,6.0,2.0,8.0,4.0,5.0,7.0
97,HC,1504,False,6.0,2.0,8.0,4.0,5.0,7.0
98,HC,1504,False,6.0,2.0,8.0,4.0,6.0,8.0
99,HC,1504,False,6.0,2.0,8.0,4.0,6.0,8.0
0,HC,1505,False,0.0,0.0,0.0,0.0,9.0,1.0
1,HC,1505,False,2.0,1.0,2.0,1.0,8.0,2.0
2,HC,1505,False,2.0,0.0,2.0,1.0,8.0,2.0
3,HC,1505,False,2.0,1.0,2.0,1.0,8.0,2.0
4,HC,1505,False,2.0,0.0,2.0,1.0,8.0,2.0
5,HC,1505,False,0.0,0.0,0.0,0.0,9.0,1.0
6,HC,1505,False,2.0,1.0,1.0,1.0,9.0,2.0
7,HC,1505,False,2.0,0.0,2.0,1.0,8.0,2.0
8,HC,1505,False,2.0,0.0,2.0,1.0,8.0,2.0
9,HC,1505,False,2.0,0.0,2.0,1.0,8.0,2.0
10,HC,1505,False,0.0,0.0,0.0,1.0,9.0,2.0
11,HC,1505,False,2.0,1.0,1.0,1.0,9.0,2.0
12,HC,1505,False,2.0,0.0,2.0,1.0,8.0,2.0
13,HC,1505,False,2.0,0.0,2.0,1.0,8.0,2.0
14,HC,1505,False,2.0,1.0,1.0,1.0,8.0,2.0
15,HC,1505,False,2.0,0.0,2.0,1.0,8.0,2.0
16,HC,1505,False,2.0,1.0,1.0,1.0,8.0,2.0
17,HC,1505,False,2.0,0.0,2.0,1.0,8.0,2.0
18,HC,1505,False,2.0,0.0,2.0,1.0,8.0,2.0
19,HC,1505,False,2.0,1.0,1.0,1.0,8.0,2.0
20,HC,1505,False,2.0,1.0,1.0,1.0,8.0,2.0
21,HC,1505,False,2.0,1.0,2.0,1.0,8.0,2.0
22,HC,1505,False,2.0,1.0,1.0,1.0,8.0,2.0
23,HC,1505,False,2.0,0.0,2.0,1.0,8.0,2.0
24,HC,1505,False,0.0,0.0,0.0,0.0,9.0,1.0
25,HC,1505,False,1.0,0.0,1.0,2.0,8.0,2.0
26,HC,1505,False,2.0,0.0,2.0,1.0,8.0,2.0
27,HC,1505,False,0.0,0.0,0.0,1.0,9.0,2.0
28,HC,1505,False,2.0,0.0,2.0,1.0,8.0,2.0
29,HC,1505,False,2.0,1.0,1.0,1.0,8.0,2.0
30,HC,1505,False,0.0,0.0,0.0,0.0,9.0,2.0
31,HC,1505,False,2.0,0.0,2.0,1.0,8.0,2.0
32,HC,1505,False,0.0,0.0,0.0,1.0,9.0,2.0
33,HC,1505,False,0.0,0.0,0.0,0.0,9.0,1.0
34,HC,1505,False,2.0,0.0,2.0,1.0,8.0,2.0
35,HC,1505,False,2.0,1.0,2.0,1.0,8.0,2.0
36,HC,1505,False,2.0,1.0,1.0,1.0,8.0,2.0
37,HC,1505,False,2.0,1.0,1.0,1.0,8.0,2.0
38,HC,1505,False,1.0,0.0,1.0,2.0,8.0,3.0
39,HC,1505,False,1.0,0.0,1.0,2.0,8.0,2.0
40,HC,1505,False,0.0,0.0,0.0,1.0,9.0,2.0
41,HC,1505,False,0.0,0.0,0.0,1.0,9.0,2.0
42,HC,1505,False,0.0,0.0,0.0,1.0,8.0,2.0
43,HC,1505,False,0.0,0.0,0.0,1.0,9.0,2.0
44,HC,1505,False,2.0,1.0,1.0,1.0,8.0,2.0
45,HC,1505,False,2.0,1.0,1.0,1.0,8.0,2.0
46,HC,1505,False,2.0,1.0,2.0,1.0,8.0,2.0
47,HC,1505,True,,,,,,
48,HC,1505,False,2.0,0.0,2.0,1.0,8.0,2.0
49,HC,1505,False,2.0,0.0,2.0,1.0,8.0,2.0
50,HC,1505,False,0.0,0.0,0.0,1.0,9.0,2.0
51,HC,1505,False,2.0,1.0,1.0,1.0,8.0,2.0
52,HC,1505,False,2.0,0.0,2.0,1.0,8.0,2.0
53,HC,1505,False,2.0,1.0,2.0,1.0,8.0,2.0
54,HC,1505,False,1.0,0.0,1.0,2.0,8.0,2.0
55,HC,1505,False,2.0,0.0,2.0,1.0,8.0,2.0
56,HC,1505,False,1.0,0.0,1.0,1.0,8.0,2.0
57,HC,1505,False,0.0,0.0,0.0,0.0,9.0,1.0
58,HC,1505,False,2.0,0.0,2.0,1.0,8.0,2.0
59,HC,1505,False,0.0,0.0,0.0,1.0,9.0,2.0
60,HC,1505,False,2.0,0.0,2.0,1.0,8.0,2.0
61,HC,1505,False,2.0,0.0,2.0,1.0,8.0,2.0
62,HC,1505,False,2.0,0.0,2.0,1.0,8.0,2.0
63,HC,1505,False,0.0,0.0,0.0,1.0,8.0,2.0
64,HC,1505,False,2.0,1.0,2.0,1.0,8.0,2.0
65,HC,1505,False,2.0,0.0,2.0,1.0,8.0,2.0
66,HC,1505,False,2.0,0.0,2.0,1.0,8.0,2.0
67,HC,1505,False,1.0,0.0,1.0,2.0,8.0,2.0
68,HC,1505,False,2.0,1.0,1.0,1.0,8.0,2.0
69,HC,1505,False,0.0,0.0,0.0,0.0,9.0,1.0
70,HC,1505,False,1.0,0.0,1.0,2.0,8.0,2.0
71,HC,1505,False,2.0,0.0,2.0,1.0,8.0,2.0
72,HC,1505,False,2.0,1.0,1.0,1.0,8.0,2.0
73,HC,1505,False,2.0,1.0,1.0,1.0,8.0,2.0
74,HC,1505,False,2.0,0.0,2.0,1.0,8.0,2.0
75,HC,1505,False,2.0,0.0,2.0,1.0,8.0,2.0
76,HC,1505,False,0.0,0.0,0.0,1.0,9.0,2.0
77,HC,1505,False,0.0,0.0,0.0,0.0,9.0,1.0
78,HC,1505,False,2.0,1.0,1.0,1.0,8.0,2.0
79,HC,1505,False,0.0,0.0,0.0,0.0,9.0,1.0
80,HC,1505,False,0.0,0.0,0.0,1.0,9.0,2.0
81,HC,1505,False,2.0,0.0,2.0,1.0,8.0,2.0
82,HC,1505,False,2.0,0.0,2.0,1.0,8.0,2.0
83,HC,1505,False,2.0,1.0,1.0,1.0,8.0,2.0
84,HC,1505,False,1.0,0.0,1.0,2.0,8.0,2.0
85,HC,1505,False,2.0,0.0,2.0,1.0,8.0,2.0
86,HC,1505,False,0.0,0.0,0.0,0.0,9.0,1.0
87,HC,1505,False,2.0,1.0,2.0,1.0,8.0,2.0
88,HC,1505,False,2.0,0.0,2.0,1.0,8.0,2.0
89,HC,1505,False,2.0,1.0,1.0,1.0,8.0,2.0
90,HC,1505,False,1.0,0.0,1.0,1.0,8.0,2.0
91,HC,1505,False,2.0,0.0,2.0,1.0,8.0,2.0
92,HC,1505,False,2.0,1.0,1.0,1.0,8.0,2.0
93,HC,1505,False,2.0,0.0,2.0,1.0,8.0,2.0
94,HC,1505,False,2.0,0.0,2.0,1.0,8.0,2.0
95,HC,1505,False,2.0,0.0,2.0,1.0,8.0,2.0
96,HC,1505,False,2.0,0.0,2.0,1.0,8.0,2.0
97,HC,1505,False,2.0,0.0,2.0,1.0,8.0,2.0
98,HC,1505,False,2.0,1.0,1.0,1.0,8.0,2.0
99,HC,1505,False,2.0,1.0,1.0,1.0,8.0,2.0
0,HC,1506,False,2.0,0.0,2.0,1.0,8.0,1.0
1,HC,1506,False,2.0,1.0,2.0,3.0,8.0,2.0
2,HC,1506,False,2.0,0.0,2.0,1.0,8.0,1.0
3,HC,1506,False,2.0,0.0,2.0,1.0,8.0,1.0
4,HC,1506,False,2.0,0.0,2.0,2.0,8.0,1.0
5,HC,1506,False,2.0,0.0,2.0,1.0,8.0,1.0
6,HC,1506,False,2.0,1.0,2.0,3.0,8.0,2.0
7,HC,1506,False,2.0,0.0,2.0,1.0,8.0,1.0
8,HC,1506,False,2.0,0.0,2.0,3.0,7.0,2.0
9,HC,1506,False,2.0,1.0,2.0,3.0,8.0,2.0
10,HC,1506,False,2.0,0.0,2.0,1.0,8.0,1.0
11,HC,1506,False,2.0,0.0,2.0,1.0,8.0,1.0
12,HC,1506,False,2.0,1.0,3.0,2.0,7.0,1.0
13,HC,1506,False,2.0,0.0,2.0,2.0,8.0,1.0
14,HC,1506,False,2.0,0.0,2.0,2.0,8.0,1.0
15,HC,1506,False,2.0,0.0,2.0,1.0,8.0,1.0
16,HC,1506,False,2.0,0.0,2.0,2.0,8.0,1.0
17,HC,1506,False,2.0,0.0,2.0,1.0,8.0,1.0
18,HC,1506,False,2.0,0.0,2.0,1.0,8.0,1.0
19,HC,1506,False,2.0,0.0,2.0,1.0,8.0,1.0
20,HC,1506,False,2.0,0.0,2.0,2.0,8.0,1.0
21,HC,1506,False,2.0,0.0,2.0,3.0,8.0,2.0
22,HC,1506,False,2.0,0.0,2.0,1.0,8.0,1.0
23,HC,1506,False,2.0,0.0,2.0,1.0,8.0,1.0
24,HC,1506,False,2.0,1.0,2.0,3.0,7.0,2.0
25,HC,1506,False,2.0,0.0,2.0,1.0,8.0,1.0
26,HC,1506,False,2.0,0.0,2.0,2.0,8.0,1.0
27,HC,1506,False,2.0,1.0,3.0,2.0,7.0,1.0
28,HC,1506,False,2.0,0.0,2.0,1.0,8.0,1.0
29,HC,1506,False,2.0,0.0,2.0,3.0,8.0,2.0
30,HC,1506,False,2.0,0.0,2.0,1.0,8.0,1.0
31,HC,1506,False,2.0,0.0,2.0,1.0,8.0,1.0
32,HC,1506,False,2.0,0.0,2.0,3.0,8.0,2.0
33,HC,1506,False,2.0,0.0,2.0,1.0,8.0,1.0
34,HC,1506,False,2.0,0.0,2.0,1.0,8.0,1.0
35,HC,1506,False,2.0,0.0,2.0,1.0,8.0,1.0
36,HC,1506,False,2.0,0.0,2.0,1.0,8.0,1.0
37,HC,1506,False,2.0,0.0,2.0,1.0,8.0,1.0
38,HC,1506,False,2.0,1.0,3.0,2.0,8.0,1.0
39,HC,1506,False,2.0,0.0,2.0,1.0,8.0,1.0
40,HC,1506,False,2.0,0.0,2.0,3.0,8.0,2.0
41,HC,1506,False,2.0,0.0,2.0,3.0,7.0,2.0
42,HC,1506,False,2.0,0.0,2.0,1.0,8.0,1.0
43,HC,1506,False,2.0,1.0,3.0,4.0,7.0,2.0
44,HC,1506,False,2.0,0.0,2.0,1.0,8.0,1.0
45,HC,1506,False,2.0,0.0,2.0,2.0,8.0,1.0
46,HC,1506,False,2.0,1.0,2.0,3.0,8.0,2.0
47,HC,1506,True,,,,,,
48,HC,1506,False,2.0,0.0,2.0,1.0,8.0,1.0
49,HC,1506,False,2.0,1.0,3.0,2.0,8.0,1.0
50,HC,1506,False,2.0,0.0,2.0,3.0,7.0,2.0
51,HC,1506,False,2.0,1.0,3.0,4.0,7.0,2.0
52,HC,1506,False,2.0,0.0,2.0,3.0,8.0,2.0
53,HC,1506,False,2.0,0.0,2.0,3.0,8.0,2.0
54,HC,1506,False,2.0,1.0,3.0,4.0,7.0,2.0
55,HC,1506,False,2.0,0.0,2.0,1.0,8.0,1.0
56,HC,1506,False,2.0,0.0,2.0,3.0,7.0,2.0
57,HC,1506,False,2.0,0.0,2.0,1.0,8.0,1.0
58,HC,1506,False,2.0,0.0,2.0,1.0,8.0,1.0
59,HC,1506,False,2.0,0.0,2.0,1.0,8.0,1.0
60,HC,1506,False,2.0,1.0,3.0,2.0,8.0,1.0
61,HC,1506,False,2.0,1.0,3.0,2.0,8.0,1.0
62,HC,1506,False,2.0,0.0,2.0,3.0,7.0,2.0
63,HC,1506,False,2.0,0.0,2.0,1.0,8.0,1.0
64,HC,1506,False,2.0,0.0,2.0,1.0,8.0,1.0
65,HC,1506,False,2.0,0.0,2.0,3.0,8.0,2.0
66,HC,1506,False,2.0,1.0,3.0,2.0,8.0,1.0
67,HC,1506,False,2.0,0.0,2.0,3.0,8.0,2.0
68,HC,1506,False,2.0,1.0,3.0,2.0,8.0,1.0
69,HC,1506,False,2.0,0.0,2.0,3.0,8.0,1.0
70,HC,1506,False,2.0,0.0,2.0,1.0,8.0,1.0
71,HC,1506,False,2.0,1.0,2.0,2.0,8.0,1.0
72,HC,1506,False,2.0,0.0,2.0,3.0,7.0,2.0
73,HC,1506,False,2.0,0.0,2.0,3.0,8.0,2.0
74,HC,1506,False,2.0,0.0,2.0,1.0,8.0,1.0
75,HC,1506,False,2.0,0.0,2.0,3.0,8.0,2.0
76,HC,1506,False,2.0,0.0,2.0,1.0,8.0,1.0
77,HC,1506,False,2.0,1.0,2.0,3.0,7.0,2.0
78,HC,1506,False,2.0,0.0,2.0,1.0,8.0,1.0
79,HC,1506,False,2.0,1.0,3.0,2.0,8.0,1.0
80,HC,1506,False,2.0,0.0,2.0,1.0,8.0,1.0
81,HC,1506,False,2.0,0.0,2.0,1.0,8.0,1.0
82,HC,1506,False,2.0,1.0,3.0,2.0,8.0,1.0
83,HC,1506,False,2.0,0.0,2.0,3.0,8.0,2.0
84,HC,1506,False,2.0,0.0,2.0,1.0,8.0,1.0
85,HC,1506,False,2.0,1.0,3.0,2.0,8.0,1.0
86,HC,1506,False,2.0,0.0,2.0,1.0,8.0,1.0
87,HC,1506,False,2.0,0.0,2.0,2.0,8.0,1.0
88,HC,1506,False,2.0,0.0,2.0,1.0,8.0,1.0
89,HC,1506,False,2.0,1.0,2.0,3.0,7.0,2.0
90,HC,1506,False,2.0,0.0,2.0,3.0,7.0,2.0
91,HC,1506,False,2.0,0.0,2.0,1.0,8.0,1.0
92,HC,1506,False,2.0,0.0,2.0,1.0,8.0,1.0
93,HC,1506,False,2.0,0.0,2.0,1.0,8.0,1.0
94,HC,1506,False,2.0,1.0,2.0,3.0,7.0,2.0
95,HC,1506,False,2.0,0.0,2.0,1.0,8.0,1.0
96,HC,1506,False,2.0,0.0,2.0,1.0,8.0,1.0
97,HC,1506,False,2.0,0.0,2.0,1.0,8.0,1.0
98,HC,1506,False,2.0,1.0,3.0,4.0,7.0,2.0
99,HC,1506,False,2.0,0.0,2.0,2.0,8.0,1.0
0,HC,1507,False,0.0,0.0,0.0,0.0,9.0,0.0
1,HC,1507,False,2.0,1.0,1.0,1.0,9.0,1.0
2,HC,1507,False,1.0,0.0,1.0,2.0,8.0,2.0
3,HC,1507,False,2.0,1.0,1.0,1.0,8.0,2.0
4,HC,1507,False,0.0,0.0,0.0,0.0,9.0,0.0
5,HC,1507,False,2.0,1.0,1.0,1.0,9.0,2.0
6,HC,1507,False,1.0,0.0,1.0,1.0,8.0,2.0
7,HC,1507,False,2.0,1.0,1.0,1.0,9.0,2.0
8,HC,1507,False,0.0,0.0,0.0,0.0,9.0,0.0
9,HC,1507,False,2.0,1.0,1.0,1.0,9.0,1.0
10,HC,1507,False,2.0,1.0,1.0,1.0,8.0,1.0
11,HC,1507,False,1.0,1.0,1.0,2.0,8.0,2.0
12,HC,1507,False,2.0,1.0,1.0,1.0,9.0,2.0
13,HC,1507,False,1.0,0.0,1.0,2.0,8.0,1.0
14,HC,1507,False,1.0,0.0,1.0,1.0,9.0,1.0
15,HC,1507,False,0.0,0.0,0.0,0.0,9.0,0.0
16,HC,1507,False,0.0,0.0,0.0,0.0,9.0,0.0
17,HC,1507,False,0.0,0.0,0.0,0.0,9.0,0.0
18,HC,1507,False,1.0,0.0,1.0,1.0,9.0,2.0
19,HC,1507,False,2.0,1.0,1.0,1.0,9.0,1.0
20,HC,1507,False,2.0,1.0,1.0,1.0,9.0,1.0
21,HC,1507,False,2.0,1.0,1.0,1.0,8.0,2.0
22,HC,1507,False,0.0,0.0,0.0,0.0,9.0,0.0
23,HC,1507,False,0.0,0.0,0.0,0.0,9.0,0.0
24,HC,1507,False,2.0,1.0,1.0,1.0,9.0,1.0
25,HC,1507,False,1.0,1.0,1.0,0.0,9.0,0.0
26,HC,1507,False,1.0,0.0,1.0,1.0,9.0,1.0
27,HC,1507,False,0.0,0.0,0.0,0.0,9.0,0.0
28,HC,1507,False,1.0,1.0,1.0,1.0,9.0,2.0
29,HC,1507,False,0.0,0.0,0.0,0.0,9.0,0.0
30,HC,1507,False,2.0,1.0,1.0,1.0,9.0,2.0
31,HC,1507,False,2.0,1.0,1.0,1.0,9.0,1.0
32,HC,1507,False,0.0,0.0,0.0,0.0,9.0,0.0
33,HC,1507,False,0.0,0.0,0.0,0.0,9.0,0.0
34,HC,1507,False,2.0,1.0,1.0,1.0,8.0,2.0
35,HC,1507,False,0.0,0.0,0.0,0.0,9.0,1.0
36,HC,1507,False,2.0,1.0,1.0,1.0,9.0,2.0
37,HC,1507,False,2.0,1.0,1.0,1.0,8.0,2.0
38,HC,1507,False,0.0,0.0,0.0,0.0,9.0,0.0
39,HC,1507,False,2.0,1.0,1.0,1.0,8.0,1.0
40,HC,1507,False,2.0,1.0,1.0,1.0,9.0,1.0
41,HC,1507,False,0.0,0.0,0.0,0.0,9.0,0.0
42,HC,1507,False,0.0,0.0,0.0,0.0,9.0,1.0
43,HC,1507,False,1.0,0.0,1.0,2.0,9.0,2.0
44,HC,1507,False,2.0,1.0,1.0,1.0,9.0,2.0
45,HC,1507,False,2.0,1.0,1.0,1.0,9.0,1.0
46,HC,1507,False,1.0,0.0,1.0,2.0,9.0,2.0
47,HC,1507,True,,,,,,
48,HC,1507,False,1.0,0.0,1.0,1.0,8.0,2.0
49,HC,1507,False,0.0,0.0,0.0,0.0,9.0,0.0
50,HC,1507,False,0.0,0.0,0.0,0.0,9.0,0.0
51,HC,1507,False,0.0,0.0,0.0,0.0,9.0,0.0
52,HC,1507,False,1.0,0.0,1.0,1.0,9.0,1.0
53,HC,1507,False,0.0,0.0,0.0,0.0,9.0,0.0
54,HC,1507,False,2.0,1.0,1.0,1.0,9.0,2.0
55,HC,1507,False,1.0,0.0,1.0,1.0,8.0,2.0
56,HC,1507,False,1.0,0.0,1.0,1.0,9.0,1.0
57,HC,1507,False,2.0,1.0,1.0,1.0,8.0,2.0
58,HC,1507,False,2.0,1.0,1.0,1.0,9.0,1.0
59,HC,1507,False,0.0,0.0,0.0,0.0,9.0,0.0
60,HC,1507,False,1.0,0.0,1.0,1.0,9.0,1.0
61,HC,1507,False,1.0,1.0,0.0,0.0,9.0,0.0
62,HC,1507,False,2.0,1.0,1.0,1.0,9.0,1.0
63,HC,1507,False,0.0,0.0,0.0,0.0,9.0,0.0
64,HC,1507,False,0.0,0.0,0.0,0.0,9.0,1.0
65,HC,1507,False,2.0,1.0,1.0,1.0,9.0,1.0
66,HC,1507,False,0.0,0.0,0.0,0.0,9.0,1.0
67,HC,1507,False,2.0,1.0,1.0,1.0,8.0,1.0
68,HC,1507,False,2.0,1.0,1.0,1.0,9.0,1.0
69,HC,1507,False,2.0,1.0,1.0,1.0,9.0,1.0
70,HC,1507,False,0.0,0.0,0.0,0.0,9.0,0.0
71,HC,1507,False,1.0,1.0,1.0,0.0,9.0,0.0
72,HC,1507,False,1.0,0.0,1.0,0.0,9.0,0.0
73,HC,1507,False,0.0,0.0,0.0,0.0,9.0,1.0
74,HC,1507,False,0.0,0.0,0.0,0.0,9.0,0.0
75,HC,1507,False,0.0,0.0,0.0,0.0,9.0,0.0
76,HC,1507,False,2.0,1.0,1.0,1.0,8.0,2.0
77,HC,1507,False,2.0,1.0,1.0,1.0,9.0,1.0
78,HC,1507,False,0.0,0.0,0.0,0.0,9.0,0.0
79,HC,1507,False,1.0,1.0,1.0,1.0,9.0,1.0
80,HC,1507,False,2.0,1.0,1.0,1.0,9.0,1.0
81,HC,1507,False,1.0,0.0,1.0,2.0,9.0,1.0
82,HC,1507,False,0.0,0.0,0.0,0.0,9.0,0.0
83,HC,1507,False,2.0,1.0,1.0,1.0,9.0,1.0
84,HC,1507,False,2.0,1.0,1.0,1.0,8.0,2.0
85,HC,1507,False,2.0,1.0,1.0,1.0,9.0,1.0
86,HC,1507,False,1.0,0.0,1.0,1.0,9.0,1.0
87,HC,1507,False,2.0,1.0,1.0,1.0,9.0,1.0
88,HC,1507,False,0.0,0.0,0.0,0.0,9.0,1.0
89,HC,1507,False,1.0,0.0,1.0,1.0,9.0,1.0
90,HC,1507,False,2.0,1.0,1.0,1.0,8.0,2.0
91,HC,1507,False,2.0,1.0,1.0,1.0,9.0,1.0
92,HC,1507,False,2.0,1.0,1.0,1.0,9.0,2.0
93,HC,1507,False,1.0,0.0,1.0,1.0,9.0,1.0
94,HC,1507,False,2.0,1.0,1.0,1.0,9.0,1.0
95,HC,1507,False,2.0,1.0,1.0,1.0,9.0,1.0
96,HC,1507,False,2.0,1.0,1.0,1.0,9.0,1.0
97,HC,1507,False,1.0,0.0,1.0,0.0,9.0,1.0
98,HC,1507,False,1.0,1.0,1.0,0.0,9.0,1.0
99,HC,1507,False,0.0,0.0,0.0,0.0,9.0,0.0
0,HC,1508,False,2.0,1.0,1.0,1.0,8.0,2.0
1,HC,1508,False,2.0,1.0,1.0,1.0,8.0,2.0
2,HC,1508,False,2.0,1.0,1.0,1.0,8.0,2.0
3,HC,1508,False,2.0,1.0,1.0,1.0,8.0,2.0
4,HC,1508,False,2.0,1.0,1.0,1.0,8.0,2.0
5,HC,1508,False,2.0,1.0,1.0,1.0,8.0,1.0
6,HC,1508,False,2.0,1.0,1.0,1.0,8.0,2.0
7,HC,1508,False,2.0,1.0,1.0,1.0,8.0,2.0
8,HC,1508,False,2.0,1.0,1.0,1.0,8.0,2.0
9,HC,1508,False,2.0,1.0,1.0,1.0,8.0,2.0
10,HC,1508,False,2.0,2.0,0.0,0.0,8.0,1.0
11,HC,1508,False,2.0,1.0,1.0,1.0,8.0,2.0
12,HC,1508,False,2.0,2.0,0.0,0.0,8.0,1.0
13,HC,1508,False,1.0,0.0,1.0,2.0,8.0,1.0
14,HC,1508,False,2.0,2.0,0.0,1.0,8.0,2.0
15,HC,1508,False,2.0,2.0,1.0,1.0,8.0,2.0
16,HC,1508,False,2.0,1.0,1.0,1.0,8.0,2.0
17,HC,1508,False,2.0,1.0,1.0,1.0,8.0,2.0
18,HC,1508,False,2.0,1.0,1.0,1.0,8.0,1.0
19,HC,1508,False,2.0,1.0,1.0,1.0,8.0,2.0
20,HC,1508,False,2.0,1.0,1.0,1.0,8.0,2.0
21,HC,1508,False,2.0,1.0,1.0,1.0,8.0,2.0
22,HC,1508,False,2.0,1.0,1.0,1.0,8.0,1.0
23,HC,1508,False,2.0,1.0,1.0,1.0,8.0,2.0
24,HC,1508,False,2.0,1.0,1.0,1.0,8.0,2.0
25,HC,1508,False,2.0,1.0,1.0,1.0,8.0,2.0
26,HC,1508,False,1.0,0.0,1.0,1.0,8.0,2.0
27,HC,1508,False,2.0,2.0,0.0,1.0,8.0,1.0
28,HC,1508,False,2.0,1.0,1.0,1.0,8.0,2.0
29,HC,1508,False,2.0,1.0,1.0,1.0,8.0,1.0
30,HC,1508,False,2.0,1.0,1.0,1.0,8.0,2.0
31,HC,1508,False,2.0,1.0,1.0,1.0,8.0,2.0
32,HC,1508,False,2.0,1.0,1.0,1.0,8.0,2.0
33,HC,1508,False,2.0,1.0,1.0,1.0,8.0,2.0
34,HC,1508,False,2.0,1.0,1.0,1.0,8.0,2.0
35,HC,1508,False,2.0,1.0,1.0,1.0,8.0,1.0
36,HC,1508,False,1.0,1.0,1.0,0.0,8.0,1.0
37,HC,1508,False,1.0,1.0,0.0,0.0,8.0,1.0
38,HC,1508,False,2.0,1.0,1.0,1.0,8.0,2.0
39,HC,1508,False,2.0,1.0,1.0,1.0,8.0,2.0
40,HC,1508,False,1.0,0.0,1.0,1.0,8.0,2.0
41,HC,1508,False,2.0,1.0,1.0,1.0,8.0,2.0
42,HC,1508,False,2.0,1.0,1.0,1.0,8.0,2.0
43,HC,1508,False,2.0,1.0,1.0,1.0,8.0,1.0
44,HC,1508,False,2.0,1.0,1.0,1.0,8.0,2.0
45,HC,1508,False,2.0,1.0,1.0,1.0,8.0,1.0
46,HC,1508,False,2.0,1.0,1.0,1.0,8.0,2.0
47,HC,1508,True,,,,,,
48,HC,1508,False,2.0,1.0,1.0,1.0,8.0,2.0
49,HC,1508,False,2.0,1.0,1.0,1.0,8.0,2.0
50,HC,1508,False,2.0,1.0,1.0,1.0,8.0,2.0
51,HC,1508,False,2.0,1.0,1.0,1.0,8.0,2.0
52,HC,1508,False,2.0,1.0,1.0,1.0,8.0,2.0
53,HC,1508,False,1.0,0.0,1.0,0.0,8.0,1.0
54,HC,1508,False,2.0,1.0,1.0,1.0,8.0,2.0
55,HC,1508,False,2.0,1.0,1.0,1.0,8.0,2.0
56,HC,1508,False,2.0,1.0,1.0,1.0,8.0,2.0
57,HC,1508,False,2.0,1.0,1.0,1.0,8.0,1.0
58,HC,1508,False,2.0,1.0,1.0,1.0,8.0,2.0
59,HC,1508,False,2.0,2.0,1.0,1.0,8.0,1.0
60,HC,1508,False,2.0,1.0,1.0,1.0,8.0,2.0
61,HC,1508,False,1.0,0.0,1.0,1.0,9.0,1.0
62,HC,1508,False,2.0,1.0,1.0,1.0,8.0,2.0
63,HC,1508,False,2.0,1.0,1.0,1.0,8.0,2.0
64,HC,1508,False,2.0,1.0,1.0,1.0,8.0,2.0
65,HC,1508,False,2.0,1.0,1.0,1.0,8.0,2.0
66,HC,1508,False,2.0,1.0,1.0,1.0,8.0,2.0
67,HC,1508,False,2.0,1.0,1.0,1.0,8.0,2.0
68,HC,1508,False,2.0,1.0,1.0,1.0,8.0,2.0
69,HC,1508,False,2.0,1.0,1.0,1.0,8.0,2.0
70,HC,1508,False,1.0,1.0,0.0,0.0,9.0,0.0
71,HC,1508,False,1.0,0.0,1.0,2.0,8.0,2.0
72,HC,1508,False,2.0,1.0,1.0,1.0,8.0,2.0
73,HC,1508,False,2.0,1.0,1.0,1.0,8.0,2.0
74,HC,1508,False,2.0,1.0,1.0,1.0,8.0,2.0
75,HC,1508,False,1.0,1.0,0.0,0.0,9.0,0.0
76,HC,1508,False,2.0,2.0,1.0,1.0,8.0,2.0
77,HC,1508,False,2.0,1.0,1.0,1.0,8.0,2.0
78,HC,1508,False,2.0,1.0,1.0,1.0,8.0,2.0
79,HC,1508,False,2.0,1.0,1.0,1.0,8.0,2.0
80,HC,1508,False,1.0,1.0,0.0,0.0,9.0,1.0
81,HC,1508,False,2.0,1.0,1.0,1.0,8.0,2.0
82,HC,1508,False,2.0,1.0,1.0,1.0,8.0,2.0
83,HC,1508,False,1.0,1.0,0.0,0.0,8.0,1.0
84,HC,1508,False,2.0,1.0,1.0,1.0,8.0,2.0
85,HC,1508,False,2.0,1.0,1.0,1.0,8.0,2.0
86,HC,1508,False,2.0,1.0,1.0,1.0,8.0,2.0
87,HC,1508,False,1.0,1.0,1.0,2.0,8.0,2.0
88,HC,1508,False,2.0,1.0,1.0,1.0,8.0,2.0
89,HC,1508,False,1.0,0.0,1.0,1.0,8.0,2.0
90,HC,1508,False,2.0,1.0,1.0,1.0,8.0,1.0
91,HC,1508,False,2.0,1.0,1.0,1.0,8.0,2.0
92,HC,1508,False,2.0,1.0,1.0,1.0,8.0,2.0
93,HC,1508,False,1.0,1.0,0.0,0.0,9.0,1.0
94,HC,1508,False,2.0,1.0,1.0,1.0,8.0,2.0
95,HC,1508,False,2.0,1.0,1.0,1.0,8.0,2.0
96,HC,1508,False,2.0,1.0,1.0,1.0,8.0,2.0
97,HC,1508,False,2.0,1.0,1.0,1.0,8.0,2.0
98,HC,1508,False,1.0,1.0,0.0,0.0,8.0,1.0
99,HC,1508,False,2.0,1.0,1.0,1.0,8.0,2.0
0,HC,1509,False,0.0,0.0,0.0,0.0,9.0,1.0
1,HC,1509,False,2.0,1.0,1.0,1.0,8.0,2.0
2,HC,1509,False,1.0,1.0,1.0,1.0,9.0,2.0
3,HC,1509,False,2.0,2.0,0.0,1.0,8.0,1.0
4,HC,1509,False,2.0,2.0,1.0,1.0,8.0,2.0
5,HC,1509,False,2.0,2.0,0.0,1.0,8.0,2.0
6,HC,1509,False,2.0,2.0,1.0,1.0,8.0,2.0
7,HC,1509,False,0.0,0.0,0.0,0.0,9.0,0.0
8,HC,1509,False,2.0,1.0,1.0,1.0,8.0,2.0
9,HC,1509,False,1.0,1.0,1.0,0.0,8.0,2.0
10,HC,1509,False,0.0,0.0,0.0,0.0,9.0,0.0
11,HC,1509,False,0.0,0.0,0.0,0.0,8.0,1.0
12,HC,1509,False,1.0,1.0,1.0,1.0,8.0,2.0
13,HC,1509,False,0.0,0.0,0.0,0.0,9.0,1.0
14,HC,1509,False,1.0,1.0,1.0,0.0,8.0,2.0
15,HC,1509,False,1.0,1.0,0.0,0.0,9.0,1.0
16,HC,1509,False,1.0,1.0,1.0,0.0,9.0,2.0
17,HC,1509,False,2.0,2.0,1.0,1.0,8.0,2.0
18,HC,1509,False,1.0,1.0,1.0,0.0,9.0,2.0
19,HC,1509,False,2.0,2.0,1.0,1.0,8.0,2.0
20,HC,1509,False,0.0,0.0,0.0,0.0,9.0,1.0
21,HC,1509,False,0.0,0.0,0.0,0.0,8.0,1.0
22,HC,1509,False,1.0,1.0,0.0,0.0,9.0,1.0
23,HC,1509,False,0.0,0.0,0.0,0.0,9.0,1.0
24,HC,1509,False,1.0,1.0,1.0,0.0,9.0,2.0
25,HC,1509,False,0.0,0.0,0.0,0.0,8.0,1.0
26,HC,1509,False,0.0,0.0,0.0,0.0,9.0,1.0
27,HC,1509,False,1.0,1.0,1.0,1.0,8.0,2.0
28,HC,1509,False,0.0,0.0,0.0,0.0,9.0,1.0
29,HC,1509,False,1.0,1.0,1.0,0.0,8.0,2.0
30,HC,1509,False,2.0,2.0,0.0,1.0,8.0,1.0
31,HC,1509,False,1.0,1.0,1.0,1.0,9.0,2.0
32,HC,1509,False,0.0,0.0,0.0,0.0,9.0,1.0
33,HC,1509,False,1.0,1.0,1.0,0.0,8.0,2.0
34,HC,1509,False,1.0,1.0,1.0,1.0,9.0,2.0
35,HC,1509,False,0.0,0.0,0.0,0.0,9.0,1.0
36,HC,1509,False,2.0,2.0,1.0,1.0,8.0,2.0
37,HC,1509,False,1.0,1.0,1.0,0.0,9.0,2.0
38,HC,1509,False,2.0,1.0,1.0,1.0,8.0,2.0
39,HC,1509,False,1.0,1.0,1.0,0.0,9.0,2.0
40,HC,1509,False,1.0,1.0,1.0,0.0,9.0,2.0
41,HC,1509,False,1.0,1.0,1.0,0.0,9.0,1.0
42,HC,1509,False,1.0,1.0,1.0,0.0,8.0,2.0
43,HC,1509,False,2.0,2.0,1.0,1.0,8.0,2.0
44,HC,1509,False,1.0,1.0,1.0,1.0,9.0,2.0
45,HC,1509,False,1.0,1.0,0.0,0.0,8.0,2.0
46,HC,1509,False,0.0,0.0,0.0,0.0,9.0,0.0
47,HC,1509,False,2.0,2.0,0.0,1.0,8.0,2.0
48,HC,1509,False,0.0,0.0,0.0,0.0,9.0,1.0
49,HC,1509,False,0.0,0.0,0.0,0.0,9.0,1.0
50,HC,1509,False,1.0,1.0,1.0,0.0,9.0,2.0
51,HC,1509,False,0.0,0.0,0.0,0.0,9.0,1.0
52,HC,1509,False,1.0,1.0,1.0,0.0,9.0,1.0
53,HC,1509,False,0.0,0.0,0.0,0.0,9.0,1.0
54,HC,1509,False,1.0,1.0,1.0,0.0,8.0,2.0
55,HC,1509,False,1.0,1.0,1.0,0.0,9.0,2.0
56,HC,1509,False,0.0,0.0,0.0,0.0,9.0,1.0
57,HC,1509,False,0.0,0.0,0.0,0.0,9.0,1.0
58,HC,1509,False,2.0,2.0,1.0,1.0,8.0,2.0
59,HC,1509,False,2.0,1.0,1.0,1.0,8.0,2.0
60,HC,1509,False,0.0,0.0,0.0,0.0,8.0,1.0
61,HC,1509,False,2.0,2.0,0.0,0.0,9.0,1.0
62,HC,1509,False,2.0,2.0,1.0,1.0,8.0,2.0
63,HC,1509,False,1.0,1.0,1.0,0.0,8.0,2.0
64,HC,1509,False,2.0,2.0,1.0,1.0,8.0,2.0
65,HC,1509,False,1.0,1.0,1.0,0.0,8.0,2.0
66,HC,1509,False,2.0,2.0,0.0,0.0,8.0,1.0
67,HC,1509,False,0.0,0.0,0.0,0.0,9.0,1.0
68,HC,1509,False,2.0,1.0,1.0,1.0,8.0,2.0
69,HC,1509,False,0.0,0.0,0.0,0.0,8.0,1.0
70,HC,1509,False,2.0,2.0,1.0,1.0,8.0,2.0
71,HC,1509,False,1.0,1.0,1.0,0.0,9.0,1.0
72,HC,1509,False,2.0,1.0,1.0,1.0,8.0,2.0
73,HC,1509,False,1.0,1.0,1.0,0.0,9.0,1.0
74,HC,1509,False,1.0,1.0,1.0,0.0,9.0,2.0
75,HC,1509,False,0.0,0.0,0.0,0.0,9.0,1.0
76,HC,1509,False,0.0,0.0,0.0,0.0,9.0,1.0
77,HC,1509,False,2.0,2.0,1.0,1.0,8.0,2.0
78,HC,1509,False,0.0,0.0,0.0,0.0,9.0,1.0
79,HC,1509,False,0.0,0.0,0.0,0.0,9.0,1.0
80,HC,1509,False,1.0,1.0,0.0,0.0,9.0,1.0
81,HC,1509,False,2.0,2.0,1.0,1.0,8.0,2.0
82,HC,1509,False,2.0,2.0,1.0,1.0,8.0,2.0
83,HC,1509,False,2.0,2.0,1.0,1.0,8.0,2.0
84,HC,1509,False,1.0,1.0,1.0,0.0,9.0,1.0
85,HC,1509,False,1.0,1.0,1.0,1.0,8.0,2.0
86,HC,1509,False,1.0,1.0,0.0,0.0,9.0,1.0
87,HC,1509,False,1.0,1.0,1.0,1.0,9.0,2.0
88,HC,1509,False,2.0,2.0,1.0,1.0,8.0,2.0
89,HC,1509,False,2.0,2.0,1.0,1.0,8.0,2.0
90,HC,1509,False,2.0,2.0,0.0,1.0,8.0,2.0
91,HC,1509,False,1.0,1.0,1.0,0.0,8.0,2.0
92,HC,1509,False,0.0,0.0,0.0,0.0,8.0,2.0
93,HC,1509,False,1.0,1.0,1.0,0.0,9.0,1.0
94,HC,1509,False,0.0,0.0,0.0,0.0,9.0,1.0
95,HC,1509,False,2.0,2.0,1.0,1.0,8.0,2.0
96,HC,1509,False,2.0,2.0,1.0,1.0,8.0,2.0
97,HC,1509,False,0.0,0.0,0.0,0.0,9.0,1.0
98,HC,1509,False,2.0,2.0,0.0,1.0,8.0,1.0
99,HC,1509,False,0.0,0.0,0.0,0.0,9.0,1.0
0,HC,1510,False,1.0,0.0,1.0,0.0,8.0,2.0
1,HC,1510,False,2.0,1.0,1.0,1.0,8.0,2.0
2,HC,1510,False,2.0,0.0,2.0,1.0,8.0,2.0
3,HC,1510,False,2.0,0.0,2.0,1.0,8.0,2.0
4,HC,1510,False,2.0,0.0,2.0,1.0,8.0,2.0
5,HC,1510,False,2.0,0.0,2.0,1.0,8.0,2.0
6,HC,1510,False,2.0,1.0,2.0,1.0,8.0,2.0
7,HC,1510,False,2.0,0.0,2.0,1.0,8.0,2.0
8,HC,1510,False,1.0,0.0,1.0,1.0,8.0,2.0
9,HC,1510,False,2.0,0.0,2.0,1.0,8.0,2.0
10,HC,1510,False,2.0,0.0,2.0,1.0,8.0,2.0
11,HC,1510,False,2.0,0.0,2.0,1.0,8.0,2.0
12,HC,1510,False,1.0,0.0,1.0,2.0,8.0,3.0
13,HC,1510,False,2.0,0.0,2.0,1.0,8.0,2.0
14,HC,1510,False,2.0,0.0,2.0,1.0,8.0,2.0
15,HC,1510,False,2.0,0.0,2.0,1.0,8.0,2.0
16,HC,1510,False,2.0,0.0,2.0,1.0,8.0,3.0
17,HC,1510,False,1.0,0.0,1.0,1.0,8.0,2.0
18,HC,1510,False,2.0,0.0,2.0,1.0,8.0,3.0
19,HC,1510,False,2.0,0.0,2.0,1.0,8.0,2.0
20,HC,1510,False,2.0,0.0,2.0,1.0,8.0,3.0
21,HC,1510,False,1.0,0.0,1.0,2.0,8.0,3.0
22,HC,1510,False,2.0,0.0,2.0,1.0,8.0,2.0
23,HC,1510,False,2.0,1.0,1.0,1.0,8.0,2.0
24,HC,1510,False,2.0,0.0,2.0,1.0,8.0,2.0
25,HC,1510,False,2.0,0.0,2.0,1.0,8.0,2.0
26,HC,1510,False,2.0,0.0,2.0,1.0,8.0,2.0
27,HC,1510,False,2.0,0.0,2.0,1.0,8.0,2.0
28,HC,1510,False,2.0,1.0,2.0,1.0,8.0,2.0
29,HC,1510,False,2.0,0.0,2.0,1.0,8.0,3.0
30,HC,1510,False,2.0,0.0,2.0,1.0,8.0,3.0
31,HC,1510,False,2.0,1.0,2.0,1.0,8.0,2.0
32,HC,1510,False,1.0,0.0,1.0,0.0,8.0,2.0
33,HC,1510,False,2.0,0.0,2.0,1.0,8.0,3.0
34,HC,1510,False,2.0,1.0,1.0,1.0,8.0,2.0
35,HC,1510,False,2.0,0.0,2.0,1.0,8.0,2.0
36,HC,1510,False,2.0,0.0,2.0,1.0,8.0,3.0
37,HC,1510,False,2.0,0.0,2.0,1.0,8.0,2.0
38,HC,1510,False,2.0,1.0,1.0,1.0,8.0,2.0
39,HC,1510,False,2.0,0.0,2.0,1.0,8.0,2.0
40,HC,1510,False,2.0,0.0,2.0,1.0,8.0,2.0
41,HC,1510,False,2.0,0.0,2.0,1.0,8.0,2.0
42,HC,1510,False,2.0,1.0,1.0,1.0,8.0,2.0
43,HC,1510,False,2.0,0.0,2.0,1.0,8.0,3.0
44,HC,1510,False,2.0,0.0,2.0,1.0,8.0,2.0
45,HC,1510,False,2.0,1.0,1.0,1.0,8.0,2.0
46,HC,1510,False,2.0,0.0,2.0,1.0,8.0,2.0
47,HC,1510,False,2.0,0.0,2.0,1.0,8.0,3.0
48,HC,1510,False,2.0,0.0,2.0,1.0,8.0,2.0
49,HC,1510,False,2.0,0.0,2.0,1.0,8.0,2.0
50,HC,1510,False,1.0,0.0,1.0,0.0,8.0,2.0
51,HC,1510,False,2.0,0.0,2.0,1.0,8.0,2.0
52,HC,1510,False,2.0,0.0,2.0,1.0,8.0,2.0
53,HC,1510,False,2.0,0.0,2.0,1.0,8.0,2.0
54,HC,1510,False,1.0,0.0,1.0,1.0,8.0,2.0
55,HC,1510,False,2.0,0.0,2.0,1.0,8.0,2.0
56,HC,1510,False,1.0,0.0,1.0,2.0,8.0,2.0
57,HC,1510,False,2.0,0.0,2.0,1.0,8.0,3.0
58,HC,1510,False,2.0,0.0,2.0,1.0,8.0,2.0
59,HC,1510,False,2.0,1.0,2.0,1.0,8.0,3.0
60,HC,1510,False,2.0,0.0,2.0,1.0,8.0,3.0
61,HC,1510,False,2.0,0.0,2.0,1.0,8.0,3.0
62,HC,1510,False,2.0,0.0,2.0,1.0,8.0,3.0
63,HC,1510,False,2.0,0.0,2.0,1.0,8.0,2.0
64,HC,1510,False,2.0,0.0,2.0,1.0,8.0,2.0
65,HC,1510,False,1.0,0.0,1.0,2.0,8.0,3.0
66,HC,1510,False,2.0,1.0,2.0,1.0,8.0,3.0
67,HC,1510,False,2.0,0.0,2.0,1.0,8.0,3.0
68,HC,1510,False,2.0,0.0,2.0,1.0,8.0,2.0
69,HC,1510,False,2.0,0.0,2.0,1.0,8.0,2.0
70,HC,1510,False,2.0,0.0,2.0,1.0,8.0,2.0
71,HC,1510,False,2.0,1.0,1.0,1.0,8.0,2.0
72,HC,1510,False,2.0,0.0,2.0,1.0,8.0,2.0
73,HC,1510,False,2.0,0.0,2.0,1.0,8.0,2.0
74,HC,1510,False,2.0,0.0,2.0,1.0,8.0,2.0
75,HC,1510,False,2.0,0.0,2.0,1.0,8.0,2.0
76,HC,1510,False,2.0,0.0,2.0,1.0,8.0,2.0
77,HC,1510,False,2.0,0.0,2.0,1.0,8.0,3.0
78,HC,1510,False,2.0,0.0,2.0,1.0,8.0,2.0
79,HC,1510,False,2.0,1.0,2.0,1.0,8.0,3.0
80,HC,1510,False,2.0,0.0,2.0,1.0,8.0,2.0
81,HC,1510,False,2.0,0.0,2.0,1.0,8.0,2.0
82,HC,1510,False,2.0,0.0,2.0,1.0,8.0,3.0
83,HC,1510,False,2.0,0.0,2.0,1.0,8.0,2.0
84,HC,1510,False,2.0,1.0,1.0,1.0,8.0,2.0
85,HC,1510,False,2.0,0.0,2.0,1.0,8.0,3.0
86,HC,1510,False,2.0,0.0,2.0,1.0,8.0,2.0
87,HC,1510,False,2.0,0.0,2.0,1.0,8.0,2.0
88,HC,1510,False,2.0,0.0,2.0,1.0,8.0,2.0
89,HC,1510,False,2.0,0.0,2.0,1.0,8.0,2.0
90,HC,1510,False,2.0,0.0,2.0,1.0,8.0,3.0
91,HC,1510,False,2.0,0.0,2.0,1.0,8.0,2.0
92,HC,1510,False,2.0,0.0,2.0,1.0,8.0,3.0
93,HC,1510,False,2.0,0.0,2.0,1.0,8.0,2.0
94,HC,1510,False,2.0,0.0,2.0,1.0,8.0,2.0
95,HC,1510,False,2.0,0.0,2.0,1.0,8.0,3.0
96,HC,1510,False,2.0,0.0,2.0,1.0,8.0,3.0
97,HC,1510,False,2.0,0.0,2.0,1.0,8.0,2.0
98,HC,1510,False,2.0,1.0,1.0,1.0,8.0,2.0
99,HC,1510,False,2.0,0.0,2.0,1.0,8.0,2.0
0,HC,1512,False,2.0,1.0,3.0,4.0,7.0,3.0
1,HC,1512,False,2.0,0.0,2.0,1.0,7.0,2.0
2,HC,1512,False,2.0,0.0,2.0,1.0,7.0,2.0
3,HC,1512,False,2.0,0.0,2.0,1.0,7.0,2.0
4,HC,1512,False,2.0,0.0,2.0,1.0,7.0,2.0
5,HC,1512,False,2.0,0.0,2.0,3.0,7.0,4.0
6,HC,1512,False,2.0,0.0,2.0,1.0,7.0,2.0
7,HC,1512,False,2.0,1.0,3.0,4.0,6.0,3.0
8,HC,1512,False,2.0,1.0,3.0,4.0,6.0,3.0
9,HC,1512,False,2.0,1.0,3.0,2.0,7.0,3.0
10,HC,1512,False,2.0,0.0,2.0,3.0,6.0,4.0
11,HC,1512,False,2.0,0.0,2.0,3.0,7.0,2.0
12,HC,1512,False,2.0,1.0,3.0,4.0,7.0,3.0
13,HC,1512,False,2.0,0.0,2.0,1.0,7.0,2.0
14,HC,1512,False,2.0,0.0,2.0,1.0,7.0,2.0
15,HC,1512,False,2.0,0.0,2.0,3.0,7.0,4.0
16,HC,1512,False,2.0,0.0,2.0,1.0,7.0,2.0
17,HC,1512,False,2.0,0.0,2.0,1.0,7.0,2.0
18,HC,1512,False,2.0,0.0,2.0,1.0,7.0,2.0
19,HC,1512,False,2.0,0.0,2.0,3.0,7.0,2.0
20,HC,1512,False,2.0,0.0,2.0,3.0,7.0,4.0
21,HC,1512,False,2.0,0.0,2.0,3.0,6.0,4.0
22,HC,1512,False,2.0,1.0,3.0,4.0,6.0,3.0
23,HC,1512,False,2.0,0.0,2.0,3.0,6.0,2.0
24,HC,1512,False,2.0,0.0,2.0,1.0,7.0,2.0
25,HC,1512,False,2.0,0.0,2.0,1.0,7.0,2.0
26,HC,1512,False,2.0,1.0,3.0,4.0,7.0,3.0
27,HC,1512,False,2.0,0.0,2.0,1.0,7.0,3.0
28,HC,1512,False,2.0,0.0,2.0,3.0,7.0,4.0
29,HC,1512,False,2.0,0.0,2.0,3.0,7.0,2.0
30,HC,1512,False,2.0,0.0,2.0,1.0,7.0,2.0
31,HC,1512,False,2.0,0.0,2.0,1.0,7.0,2.0
32,HC,1512,False,2.0,0.0,2.0,1.0,7.0,2.0
33,HC,1512,False,2.0,0.0,2.0,1.0,7.0,2.0
34,HC,1512,False,2.0,0.0,2.0,3.0,7.0,4.0
35,HC,1512,False,2.0,0.0,2.0,1.0,7.0,2.0
36,HC,1512,False,2.0,1.0,3.0,4.0,7.0,3.0
37,HC,1512,False,2.0,1.0,3.0,2.0,7.0,2.0
38,HC,1512,False,2.0,0.0,2.0,3.0,7.0,4.0
39,HC,1512,False,2.0,0.0,2.0,1.0,7.0,2.0
40,HC,1512,False,2.0,1.0,3.0,4.0,6.0,3.0
41,HC,1512,False,2.0,1.0,3.0,4.0,7.0,3.0
42,HC,1512,False,2.0,1.0,3.0,4.0,7.0,3.0
43,HC,1512,False,2.0,0.0,2.0,1.0,7.0,2.0
44,HC,1512,False,2.0,0.0,2.0,3.0,7.0,2.0
45,HC,1512,False,2.0,0.0,2.0,1.0,7.0,2.0
46,HC,1512,False,2.0,0.0,2.0,3.0,7.0,4.0
47,HC,1512,False,2.0,0.0,2.0,1.0,7.0,2.0
48,HC,1512,False,2.0,0.0,2.0,1.0,7.0,2.0
49,HC,1512,False,2.0,0.0,2.0,3.0,7.0,2.0
50,HC,1512,False,2.0,1.0,3.0,4.0,7.0,3.0
51,HC,1512,False,2.0,0.0,2.0,3.0,7.0,2.0
52,HC,1512,False,2.0,0.0,2.0,1.0,7.0,2.0
53,HC,1512,False,2.0,0.0,2.0,1.0,7.0,2.0
54,HC,1512,False,2.0,0.0,2.0,1.0,7.0,2.0
55,HC,1512,False,2.0,1.0,3.0,2.0,7.0,3.0
56,HC,1512,False,2.0,0.0,2.0,3.0,7.0,4.0
57,HC,1512,False,2.0,0.0,2.0,1.0,7.0,2.0
58,HC,1512,False,2.0,0.0,2.0,1.0,7.0,2.0
59,HC,1512,False,2.0,0.0,2.0,3.0,7.0,2.0
60,HC,1512,False,2.0,0.0,2.0,1.0,7.0,2.0
61,HC,1512,False,2.0,1.0,3.0,4.0,7.0,3.0
62,HC,1512,False,2.0,0.0,2.0,3.0,6.0,4.0
63,HC,1512,False,2.0,0.0,2.0,1.0,7.0,2.0
64,HC,1512,False,2.0,0.0,2.0,1.0,7.0,3.0
65,HC,1512,False,2.0,0.0,2.0,3.0,7.0,4.0
66,HC,1512,False,2.0,0.0,2.0,1.0,7.0,2.0
67,HC,1512,False,2.0,0.0,2.0,1.0,7.0,2.0
68,HC,1512,False,2.0,1.0,3.0,4.0,7.0,3.0
69,HC,1512,False,2.0,0.0,2.0,1.0,7.0,2.0
70,HC,1512,False,2.0,0.0,2.0,1.0,7.0,2.0
71,HC,1512,False,2.0,0.0,2.0,1.0,7.0,2.0
72,HC,1512,False,2.0,0.0,2.0,1.0,7.0,2.0
73,HC,1512,False,2.0,0.0,2.0,1.0,7.0,2.0
74,HC,1512,False,2.0,0.0,2.0,3.0,7.0,2.0
75,HC,1512,False,2.0,1.0,3.0,2.0,7.0,4.0
76,HC,1512,False,2.0,0.0,2.0,1.0,7.0,2.0
77,HC,1512,False,2.0,0.0,2.0,3.0,7.0,2.0
78,HC,1512,False,2.0,1.0,3.0,2.0,7.0,4.0
79,HC,1512,False,2.0,0.0,2.0,3.0,6.0,4.0
80,HC,1512,False,2.0,0.0,2.0,3.0,7.0,4.0
81,HC,1512,False,2.0,0.0,2.0,3.0,7.0,2.0
82,HC,1512,False,2.0,0.0,2.0,1.0,7.0,2.0
83,HC,1512,False,2.0,0.0,2.0,1.0,7.0,2.0
84,HC,1512,False,2.0,0.0,2.0,3.0,7.0,2.0
85,HC,1512,False,2.0,0.0,2.0,3.0,7.0,4.0
86,HC,1512,False,2.0,0.0,2.0,3.0,7.0,4.0
87,HC,1512,False,2.0,0.0,2.0,1.0,7.0,2.0
88,HC,1512,False,2.0,0.0,2.0,1.0,7.0,2.0
89,HC,1512,False,2.0,1.0,3.0,4.0,6.0,3.0
90,HC,1512,False,2.0,0.0,2.0,1.0,7.0,2.0
91,HC,1512,False,2.0,0.0,2.0,3.0,7.0,2.0
92,HC,1512,False,2.0,1.0,3.0,4.0,7.0,3.0
93,HC,1512,False,2.0,0.0,2.0,3.0,7.0,4.0
94,HC,1512,False,2.0,0.0,2.0,3.0,7.0,2.0
95,HC,1512,False,2.0,0.0,2.0,3.0,7.0,4.0
96,HC,1512,False,2.0,0.0,2.0,1.0,7.0,2.0
97,HC,1512,False,2.0,0.0,2.0,3.0,7.0,4.0
98,HC,1512,False,2.0,1.0,3.0,4.0,6.0,3.0
99,HC,1512,False,2.0,0.0,2.0,1.0,7.0,2.0
0,HC,1514,False,2.0,0.0,2.0,1.0,8.0,1.0
1,HC,1514,False,2.0,1.0,3.0,1.0,8.0,2.0
2,HC,1514,False,0.0,0.0,0.0,0.0,8.0,1.0
3,HC,1514,False,0.0,0.0,0.0,1.0,8.0,2.0
4,HC,1514,False,0.0,0.0,0.0,1.0,8.0,1.0
5,HC,1514,False,2.0,0.0,2.0,1.0,8.0,1.0
6,HC,1514,False,2.0,0.0,2.0,1.0,8.0,2.0
7,HC,1514,False,2.0,1.0,2.0,1.0,8.0,2.0
8,HC,1514,False,2.0,1.0,1.0,1.0,8.0,2.0
9,HC,1514,False,2.0,0.0,2.0,1.0,8.0,1.0
10,HC,1514,False,2.0,0.0,2.0,1.0,8.0,2.0
11,HC,1514,False,2.0,1.0,1.0,1.0,8.0,2.0
12,HC,1514,False,2.0,1.0,2.0,3.0,7.0,2.0
13,HC,1514,False,2.0,1.0,3.0,1.0,8.0,2.0
14,HC,1514,False,2.0,1.0,2.0,1.0,8.0,2.0
15,HC,1514,False,2.0,1.0,2.0,1.0,8.0,1.0
16,HC,1514,False,2.0,1.0,2.0,1.0,8.0,2.0
17,HC,1514,False,0.0,0.0,0.0,0.0,8.0,2.0
18,HC,1514,False,2.0,1.0,3.0,2.0,7.0,3.0
19,HC,1514,False,2.0,0.0,2.0,1.0,8.0,1.0
20,HC,1514,False,2.0,1.0,1.0,2.0,8.0,2.0
21,HC,1514,False,2.0,1.0,3.0,2.0,8.0,2.0
22,HC,1514,False,2.0,1.0,1.0,1.0,8.0,2.0
23,HC,1514,False,2.0,0.0,2.0,1.0,8.0,2.0
24,HC,1514,False,2.0,1.0,1.0,1.0,8.0,2.0
25,HC,1514,False,2.0,1.0,3.0,2.0,8.0,1.0
26,HC,1514,False,2.0,0.0,2.0,1.0,8.0,1.0
27,HC,1514,False,2.0,0.0,2.0,1.0,8.0,1.0
28,HC,1514,False,2.0,0.0,2.0,1.0,8.0,2.0
29,HC,1514,False,2.0,1.0,3.0,2.0,7.0,2.0
30,HC,1514,False,2.0,0.0,2.0,1.0,8.0,2.0
31,HC,1514,False,2.0,0.0,2.0,1.0,8.0,1.0
32,HC,1514,False,2.0,1.0,3.0,2.0,8.0,1.0
33,HC,1514,False,2.0,1.0,2.0,1.0,8.0,2.0
34,HC,1514,False,2.0,0.0,2.0,1.0,8.0,2.0
35,HC,1514,False,2.0,0.0,2.0,1.0,8.0,1.0
36,HC,1514,False,0.0,0.0,0.0,0.0,9.0,1.0
37,HC,1514,False,2.0,1.0,1.0,2.0,8.0,1.0
38,HC,1514,False,2.0,0.0,2.0,1.0,8.0,1.0
39,HC,1514,False,0.0,0.0,0.0,0.0,9.0,0.0
40,HC,1514,False,2.0,1.0,3.0,1.0,8.0,2.0
41,HC,1514,False,2.0,1.0,3.0,2.0,8.0,2.0
42,HC,1514,False,2.0,1.0,2.0,3.0,7.0,2.0
43,HC,1514,False,2.0,0.0,2.0,1.0,8.0,2.0
44,HC,1514,False,2.0,1.0,3.0,2.0,7.0,1.0
45,HC,1514,False,2.0,1.0,3.0,1.0,8.0,2.0
46,HC,1514,False,2.0,1.0,2.0,1.0,8.0,2.0
47,HC,1514,False,0.0,0.0,0.0,0.0,8.0,2.0
48,HC,1514,False,0.0,0.0,0.0,1.0,8.0,2.0
49,HC,1514,False,2.0,1.0,2.0,1.0,8.0,2.0
50,HC,1514,False,2.0,0.0,2.0,1.0,8.0,1.0
51,HC,1514,False,2.0,1.0,3.0,1.0,8.0,2.0
52,HC,1514,False,2.0,1.0,3.0,2.0,7.0,2.0
53,HC,1514,False,0.0,0.0,0.0,1.0,8.0,2.0
54,HC,1514,False,2.0,1.0,2.0,1.0,8.0,1.0
55,HC,1514,False,2.0,1.0,1.0,2.0,8.0,1.0
56,HC,1514,False,2.0,0.0,2.0,1.0,8.0,2.0
57,HC,1514,False,2.0,1.0,1.0,1.0,8.0,1.0
58,HC,1514,False,2.0,0.0,2.0,1.0,8.0,2.0
59,HC,1514,False,2.0,0.0,2.0,1.0,8.0,2.0
60,HC,1514,False,2.0,0.0,2.0,1.0,8.0,1.0
61,HC,1514,False,2.0,1.0,2.0,1.0,8.0,2.0
62,HC,1514,False,2.0,1.0,3.0,1.0,8.0,2.0
63,HC,1514,False,2.0,1.0,2.0,3.0,7.0,2.0
64,HC,1514,False,0.0,0.0,0.0,1.0,8.0,2.0
65,HC,1514,False,2.0,0.0,2.0,1.0,8.0,2.0
66,HC,1514,False,2.0,1.0,1.0,1.0,8.0,2.0
67,HC,1514,False,2.0,1.0,2.0,1.0,8.0,2.0
68,HC,1514,False,2.0,1.0,1.0,1.0,8.0,2.0
69,HC,1514,False,2.0,0.0,2.0,1.0,8.0,1.0
70,HC,1514,False,0.0,0.0,0.0,0.0,8.0,0.0
71,HC,1514,False,2.0,1.0,2.0,3.0,7.0,2.0
72,HC,1514,False,2.0,1.0,3.0,2.0,7.0,3.0
73,HC,1514,False,2.0,1.0,2.0,1.0,8.0,2.0
74,HC,1514,False,2.0,0.0,2.0,1.0,8.0,2.0
75,HC,1514,False,2.0,0.0,2.0,1.0,8.0,1.0
76,HC,1514,False,2.0,0.0,2.0,1.0,8.0,2.0
77,HC,1514,False,2.0,0.0,2.0,1.0,8.0,1.0
78,HC,1514,False,2.0,0.0,2.0,1.0,8.0,1.0
79,HC,1514,False,2.0,1.0,1.0,1.0,8.0,1.0
80,HC,1514,False,2.0,0.0,2.0,1.0,8.0,2.0
81,HC,1514,False,2.0,0.0,2.0,1.0,8.0,1.0
82,HC,1514,False,2.0,1.0,1.0,1.0,8.0,2.0
83,HC,1514,False,2.0,1.0,3.0,1.0,8.0,2.0
84,HC,1514,False,2.0,1.0,3.0,1.0,8.0,2.0
85,HC,1514,False,2.0,0.0,2.0,1.0,8.0,1.0
86,HC,1514,False,2.0,1.0,2.0,1.0,8.0,1.0
87,HC,1514,False,2.0,1.0,1.0,1.0,8.0,1.0
88,HC,1514,False,2.0,1.0,3.0,1.0,8.0,2.0
89,HC,1514,False,2.0,1.0,2.0,1.0,8.0,1.0
90,HC,1514,False,2.0,0.0,2.0,1.0,8.0,1.0
91,HC,1514,False,2.0,1.0,1.0,2.0,8.0,2.0
92,HC,1514,False,2.0,1.0,2.0,1.0,8.0,2.0
93,HC,1514,False,2.0,1.0,3.0,2.0,8.0,1.0
94,HC,1514,False,0.0,0.0,0.0,1.0,8.0,2.0
95,HC,1514,False,0.0,0.0,0.0,1.0,8.0,2.0
96,HC,1514,False,2.0,0.0,2.0,1.0,8.0,1.0
97,HC,1514,False,2.0,1.0,3.0,1.0,8.0,2.0
98,HC,1514,False,2.0,1.0,3.0,1.0,8.0,2.0
99,HC,1514,False,2.0,1.0,3.0,1.0,8.0,2.0
0,HC,1516,False,2.0,1.0,3.0,4.0,7.0,3.0
1,HC,1516,False,2.0,0.0,2.0,1.0,8.0,1.0
2,HC,1516,False,2.0,0.0,2.0,3.0,7.0,2.0
3,HC,1516,False,2.0,0.0,2.0,3.0,7.0,2.0
4,HC,1516,False,2.0,1.0,3.0,4.0,7.0,2.0
5,HC,1516,False,2.0,1.0,3.0,4.0,7.0,3.0
6,HC,1516,False,2.0,0.0,2.0,3.0,7.0,2.0
7,HC,1516,False,2.0,1.0,3.0,4.0,7.0,3.0
8,HC,1516,False,2.0,0.0,2.0,1.0,8.0,1.0
9,HC,1516,False,2.0,0.0,2.0,3.0,7.0,2.0
10,HC,1516,False,2.0,1.0,3.0,4.0,7.0,3.0
11,HC,1516,False,2.0,1.0,3.0,4.0,7.0,3.0
12,HC,1516,False,2.0,0.0,2.0,3.0,7.0,2.0
13,HC,1516,False,2.0,1.0,3.0,4.0,7.0,3.0
14,HC,1516,False,2.0,1.0,3.0,4.0,7.0,3.0
15,HC,1516,False,2.0,0.0,2.0,3.0,7.0,2.0
16,HC,1516,False,2.0,0.0,2.0,1.0,8.0,2.0
17,HC,1516,False,2.0,0.0,2.0,3.0,7.0,2.0
18,HC,1516,False,2.0,1.0,3.0,4.0,7.0,2.0
19,HC,1516,False,2.0,1.0,3.0,4.0,7.0,3.0
20,HC,1516,False,2.0,1.0,3.0,4.0,7.0,3.0
21,HC,1516,False,2.0,0.0,2.0,3.0,7.0,2.0
22,HC,1516,False,2.0,0.0,2.0,3.0,7.0,2.0
23,HC,1516,False,2.0,0.0,2.0,4.0,7.0,3.0
24,HC,1516,False,2.0,0.0,2.0,3.0,7.0,2.0
25,HC,1516,False,2.0,0.0,2.0,1.0,8.0,1.0
26,HC,1516,False,2.0,1.0,3.0,4.0,7.0,3.0
27,HC,1516,False,2.0,1.0,3.0,4.0,7.0,3.0
28,HC,1516,False,2.0,1.0,3.0,4.0,7.0,3.0
29,HC,1516,False,2.0,1.0,3.0,4.0,7.0,3.0
30,HC,1516,False,2.0,1.0,3.0,4.0,7.0,3.0
31,HC,1516,False,2.0,1.0,3.0,4.0,7.0,2.0
32,HC,1516,False,2.0,0.0,2.0,3.0,7.0,2.0
33,HC,1516,False,2.0,0.0,2.0,4.0,7.0,3.0
34,HC,1516,False,2.0,1.0,3.0,4.0,7.0,3.0
35,HC,1516,False,2.0,1.0,3.0,4.0,7.0,2.0
36,HC,1516,False,2.0,0.0,2.0,4.0,7.0,3.0
37,HC,1516,False,2.0,1.0,3.0,4.0,7.0,3.0
38,HC,1516,False,2.0,1.0,3.0,4.0,7.0,3.0
39,HC,1516,False,2.0,1.0,3.0,4.0,7.0,3.0
40,HC,1516,False,2.0,0.0,2.0,3.0,7.0,2.0
41,HC,1516,False,2.0,1.0,3.0,4.0,7.0,3.0
42,HC,1516,False,2.0,1.0,3.0,4.0,7.0,3.0
43,HC,1516,False,2.0,1.0,3.0,4.0,7.0,3.0
44,HC,1516,False,2.0,0.0,2.0,3.0,7.0,2.0
45,HC,1516,False,2.0,1.0,3.0,4.0,7.0,3.0
46,HC,1516,False,2.0,0.0,2.0,3.0,7.0,2.0
47,HC,1516,False,2.0,1.0,3.0,4.0,7.0,2.0
48,HC,1516,False,2.0,0.0,2.0,3.0,7.0,2.0
49,HC,1516,False,2.0,0.0,2.0,3.0,7.0,2.0
50,HC,1516,False,2.0,0.0,2.0,4.0,7.0,3.0
51,HC,1516,False,2.0,1.0,3.0,4.0,7.0,3.0
52,HC,1516,False,2.0,1.0,3.0,4.0,7.0,3.0
53,HC,1516,False,2.0,0.0,2.0,3.0,7.0,2.0
54,HC,1516,False,2.0,0.0,2.0,3.0,7.0,2.0
55,HC,1516,False,2.0,1.0,3.0,4.0,7.0,3.0
56,HC,1516,False,2.0,0.0,2.0,4.0,7.0,3.0
57,HC,1516,False,2.0,0.0,2.0,3.0,7.0,2.0
58,HC,1516,False,2.0,0.0,2.0,3.0,7.0,2.0
59,HC,1516,False,2.0,1.0,3.0,4.0,7.0,3.0
60,HC,1516,False,2.0,0.0,2.0,3.0,7.0,2.0
61,HC,1516,False,2.0,0.0,2.0,3.0,7.0,2.0
62,HC,1516,False,2.0,0.0,2.0,3.0,7.0,2.0
63,HC,1516,False,2.0,0.0,2.0,4.0,7.0,3.0
64,HC,1516,False,2.0,0.0,2.0,3.0,7.0,2.0
65,HC,1516,False,2.0,1.0,3.0,4.0,7.0,3.0
66,HC,1516,False,2.0,0.0,2.0,3.0,7.0,2.0
67,HC,1516,False,2.0,1.0,3.0,4.0,7.0,2.0
68,HC,1516,False,2.0,0.0,2.0,3.0,7.0,2.0
69,HC,1516,False,2.0,0.0,2.0,3.0,7.0,2.0
70,HC,1516,False,2.0,0.0,2.0,1.0,8.0,1.0
71,HC,1516,False,2.0,1.0,3.0,4.0,7.0,3.0
72,HC,1516,False,2.0,1.0,3.0,4.0,7.0,3.0
73,HC,1516,False,2.0,0.0,2.0,3.0,7.0,2.0
74,HC,1516,False,2.0,1.0,3.0,4.0,7.0,3.0
75,HC,1516,False,2.0,0.0,2.0,3.0,7.0,2.0
76,HC,1516,False,2.0,1.0,3.0,4.0,7.0,2.0
77,HC,1516,False,2.0,0.0,2.0,3.0,7.0,2.0
78,HC,1516,False,2.0,0.0,2.0,3.0,7.0,2.0
79,HC,1516,False,2.0,0.0,2.0,3.0,7.0,2.0
80,HC,1516,False,2.0,0.0,2.0,3.0,7.0,2.0
81,HC,1516,False,2.0,1.0,3.0,4.0,7.0,2.0
82,HC,1516,False,2.0,0.0,2.0,3.0,7.0,2.0
83,HC,1516,False,2.0,1.0,3.0,4.0,7.0,3.0
84,HC,1516,False,2.0,0.0,2.0,3.0,7.0,2.0
85,HC,1516,False,2.0,1.0,3.0,4.0,7.0,2.0
86,HC,1516,False,2.0,0.0,2.0,4.0,7.0,3.0
87,HC,1516,False,2.0,0.0,2.0,3.0,7.0,2.0
88,HC,1516,False,2.0,1.0,3.0,4.0,7.0,2.0
89,HC,1516,False,2.0,1.0,3.0,4.0,7.0,2.0
90,HC,1516,False,2.0,1.0,3.0,4.0,7.0,3.0
91,HC,1516,False,2.0,0.0,2.0,3.0,7.0,2.0
92,HC,1516,False,2.0,0.0,2.0,3.0,7.0,2.0
93,HC,1516,False,2.0,0.0,2.0,3.0,7.0,2.0
94,HC,1516,False,2.0,1.0,3.0,4.0,7.0,2.0
95,HC,1516,False,2.0,0.0,2.0,3.0,7.0,2.0
96,HC,1516,False,2.0,0.0,2.0,3.0,7.0,2.0
97,HC,1516,False,2.0,0.0,2.0,1.0,8.0,1.0
98,HC,1516,False,2.0,1.0,3.0,4.0,7.0,3.0
99,HC,1516,False,2.0,0.0,2.0,3.0,7.0,2.0
0,HC,1517,False,2.0,0.0,2.0,1.0,8.0,3.0
1,HC,1517,False,1.0,0.0,1.0,1.0,8.0,2.0
2,HC,1517,False,0.0,0.0,0.0,0.0,9.0,2.0
3,HC,1517,False,2.0,0.0,2.0,1.0,8.0,3.0
4,HC,1517,False,0.0,0.0,0.0,0.0,9.0,2.0
5,HC,1517,False,0.0,0.0,0.0,0.0,9.0,2.0
6,HC,1517,False,0.0,0.0,0.0,1.0,8.0,2.0
7,HC,1517,False,1.0,0.0,1.0,2.0,8.0,3.0
8,HC,1517,False,1.0,0.0,1.0,1.0,8.0,2.0
9,HC,1517,False,0.0,0.0,0.0,0.0,9.0,2.0
10,HC,1517,False,0.0,0.0,0.0,0.0,9.0,2.0
11,HC,1517,False,0.0,0.0,0.0,0.0,9.0,2.0
12,HC,1517,False,0.0,0.0,0.0,1.0,9.0,2.0
13,HC,1517,False,0.0,0.0,0.0,0.0,9.0,2.0
14,HC,1517,False,0.0,0.0,0.0,0.0,9.0,2.0
15,HC,1517,False,0.0,0.0,0.0,1.0,9.0,2.0
16,HC,1517,False,0.0,0.0,1.0,1.0,9.0,2.0
17,HC,1517,False,2.0,0.0,2.0,1.0,8.0,3.0
18,HC,1517,False,0.0,0.0,0.0,1.0,9.0,2.0
19,HC,1517,False,2.0,0.0,2.0,1.0,8.0,3.0
20,HC,1517,False,0.0,0.0,0.0,1.0,9.0,2.0
21,HC,1517,False,1.0,0.0,1.0,2.0,8.0,3.0
22,HC,1517,False,0.0,0.0,0.0,0.0,9.0,2.0
23,HC,1517,False,1.0,0.0,1.0,1.0,8.0,2.0
24,HC,1517,False,0.0,0.0,1.0,1.0,8.0,2.0
25,HC,1517,False,2.0,0.0,2.0,1.0,8.0,3.0
26,HC,1517,False,2.0,0.0,2.0,1.0,8.0,3.0
27,HC,1517,False,0.0,0.0,0.0,1.0,8.0,2.0
28,HC,1517,False,0.0,0.0,0.0,0.0,9.0,2.0
29,HC,1517,False,1.0,0.0,1.0,2.0,8.0,3.0
30,HC,1517,False,2.0,0.0,2.0,1.0,8.0,3.0
31,HC,1517,False,1.0,0.0,1.0,2.0,8.0,3.0
32,HC,1517,False,2.0,0.0,2.0,1.0,8.0,3.0
33,HC,1517,False,0.0,0.0,0.0,1.0,9.0,2.0
34,HC,1517,False,0.0,0.0,0.0,0.0,9.0,2.0
35,HC,1517,False,1.0,0.0,1.0,1.0,8.0,2.0
36,HC,1517,False,0.0,0.0,0.0,0.0,9.0,2.0
37,HC,1517,False,0.0,0.0,0.0,0.0,9.0,2.0
38,HC,1517,False,0.0,0.0,0.0,1.0,9.0,2.0
39,HC,1517,False,1.0,0.0,1.0,2.0,8.0,3.0
40,HC,1517,False,1.0,0.0,1.0,2.0,8.0,3.0
41,HC,1517,False,2.0,0.0,2.0,1.0,8.0,3.0
42,HC,1517,False,0.0,0.0,0.0,0.0,9.0,2.0
43,HC,1517,False,0.0,0.0,0.0,1.0,9.0,2.0
44,HC,1517,False,0.0,0.0,0.0,0.0,9.0,2.0
45,HC,1517,False,0.0,0.0,0.0,1.0,8.0,2.0
46,HC,1517,False,1.0,0.0,1.0,2.0,8.0,3.0
47,HC,1517,False,0.0,0.0,0.0,0.0,9.0,2.0
48,HC,1517,False,0.0,0.0,0.0,0.0,9.0,2.0
49,HC,1517,False,1.0,0.0,1.0,2.0,8.0,3.0
50,HC,1517,False,0.0,0.0,0.0,0.0,9.0,2.0
51,HC,1517,False,0.0,0.0,0.0,0.0,9.0,2.0
52,HC,1517,False,2.0,0.0,2.0,1.0,8.0,3.0
53,HC,1517,False,2.0,0.0,2.0,1.0,8.0,3.0
54,HC,1517,False,0.0,0.0,0.0,1.0,9.0,2.0
55,HC,1517,False,0.0,0.0,0.0,0.0,9.0,2.0
56,HC,1517,False,0.0,0.0,1.0,1.0,9.0,2.0
57,HC,1517,False,0.0,0.0,0.0,0.0,9.0,2.0
58,HC,1517,False,0.0,0.0,0.0,0.0,9.0,2.0
59,HC,1517,False,0.0,0.0,1.0,1.0,8.0,2.0
60,HC,1517,False,0.0,0.0,0.0,0.0,9.0,2.0
61,HC,1517,False,2.0,0.0,2.0,1.0,8.0,3.0
62,HC,1517,False,0.0,0.0,1.0,1.0,9.0,2.0
63,HC,1517,False,0.0,0.0,0.0,0.0,9.0,2.0
64,HC,1517,False,1.0,0.0,1.0,1.0,8.0,2.0
65,HC,1517,False,2.0,0.0,2.0,1.0,8.0,3.0
66,HC,1517,False,1.0,0.0,1.0,2.0,8.0,3.0
67,HC,1517,False,2.0,0.0,2.0,1.0,8.0,3.0
68,HC,1517,False,0.0,0.0,0.0,0.0,9.0,2.0
69,HC,1517,False,0.0,0.0,0.0,0.0,9.0,2.0
70,HC,1517,False,2.0,0.0,2.0,1.0,8.0,3.0
71,HC,1517,False,0.0,0.0,0.0,0.0,9.0,2.0
72,HC,1517,False,2.0,0.0,2.0,1.0,8.0,3.0
73,HC,1517,False,0.0,0.0,0.0,0.0,9.0,2.0
74,HC,1517,False,0.0,0.0,0.0,1.0,9.0,2.0
75,HC,1517,False,0.0,0.0,1.0,1.0,9.0,2.0
76,HC,1517,False,1.0,0.0,1.0,1.0,8.0,2.0
77,HC,1517,False,2.0,0.0,2.0,1.0,8.0,3.0
78,HC,1517,False,0.0,0.0,0.0,1.0,9.0,2.0
79,HC,1517,False,0.0,0.0,0.0,0.0,9.0,2.0
80,HC,1517,False,1.0,0.0,1.0,1.0,8.0,2.0
81,HC,1517,False,1.0,0.0,1.0,2.0,8.0,3.0
82,HC,1517,False,0.0,0.0,0.0,1.0,9.0,2.0
83,HC,1517,False,1.0,0.0,1.0,1.0,8.0,2.0
84,HC,1517,False,0.0,0.0,0.0,0.0,9.0,2.0
85,HC,1517,False,0.0,0.0,0.0,1.0,9.0,2.0
86,HC,1517,False,0.0,0.0,0.0,1.0,9.0,2.0
87,HC,1517,False,2.0,0.0,2.0,1.0,8.0,3.0
88,HC,1517,False,2.0,0.0,2.0,1.0,8.0,3.0
89,HC,1517,False,0.0,0.0,0.0,0.0,9.0,2.0
90,HC,1517,False,0.0,0.0,0.0,0.0,9.0,2.0
91,HC,1517,False,2.0,0.0,2.0,1.0,8.0,3.0
92,HC,1517,False,2.0,0.0,2.0,1.0,8.0,3.0
93,HC,1517,False,0.0,0.0,0.0,0.0,9.0,2.0
94,HC,1517,False,2.0,0.0,2.0,1.0,8.0,3.0
95,HC,1517,False,2.0,0.0,2.0,1.0,8.0,3.0
96,HC,1517,False,1.0,0.0,1.0,2.0,8.0,3.0
97,HC,1517,False,0.0,0.0,0.0,1.0,9.0,2.0
98,HC,1517,False,0.0,0.0,0.0,0.0,9.0,2.0
99,HC,1517,False,1.0,0.0,1.0,2.0,8.0,3.0
0,HC,1518,False,0.0,0.0,0.0,0.0,9.0,0.0
1,HC,1518,False,0.0,0.0,0.0,0.0,9.0,0.0
2,HC,1518,False,0.0,0.0,0.0,0.0,9.0,0.0
3,HC,1518,False,0.0,0.0,0.0,0.0,9.0,0.0
4,HC,1518,False,0.0,0.0,0.0,0.0,9.0,0.0
5,HC,1518,False,0.0,0.0,0.0,0.0,9.0,0.0
6,HC,1518,False,0.0,0.0,0.0,0.0,9.0,0.0
7,HC,1518,False,0.0,0.0,0.0,0.0,9.0,0.0
8,HC,1518,False,0.0,0.0,0.0,0.0,9.0,0.0
9,HC,1518,False,0.0,0.0,0.0,0.0,9.0,0.0
10,HC,1518,False,0.0,0.0,0.0,0.0,9.0,0.0
11,HC,1518,False,0.0,0.0,0.0,0.0,9.0,0.0
12,HC,1518,False,0.0,0.0,0.0,0.0,9.0,0.0
13,HC,1518,False,0.0,0.0,0.0,0.0,9.0,0.0
14,HC,1518,False,0.0,0.0,0.0,0.0,9.0,0.0
15,HC,1518,False,0.0,0.0,0.0,0.0,9.0,0.0
16,HC,1518,False,0.0,0.0,0.0,0.0,9.0,0.0
17,HC,1518,False,0.0,0.0,0.0,0.0,8.0,0.0
18,HC,1518,False,0.0,0.0,0.0,0.0,9.0,0.0
19,HC,1518,False,0.0,0.0,0.0,0.0,9.0,0.0
20,HC,1518,False,0.0,0.0,0.0,0.0,9.0,0.0
21,HC,1518,False,0.0,0.0,0.0,0.0,9.0,0.0
22,HC,1518,False,0.0,0.0,0.0,0.0,9.0,0.0
23,HC,1518,False,0.0,0.0,0.0,0.0,9.0,0.0
24,HC,1518,False,0.0,0.0,0.0,0.0,8.0,0.0
25,HC,1518,False,0.0,0.0,0.0,0.0,9.0,0.0
26,HC,1518,False,0.0,0.0,0.0,0.0,9.0,0.0
27,HC,1518,False,0.0,0.0,0.0,0.0,9.0,0.0
28,HC,1518,False,0.0,0.0,0.0,0.0,9.0,0.0
29,HC,1518,False,0.0,0.0,0.0,0.0,9.0,0.0
30,HC,1518,False,0.0,0.0,0.0,0.0,8.0,0.0
31,HC,1518,False,0.0,0.0,0.0,0.0,9.0,0.0
32,HC,1518,False,0.0,0.0,0.0,0.0,8.0,0.0
33,HC,1518,False,0.0,0.0,0.0,0.0,8.0,0.0
34,HC,1518,False,0.0,0.0,0.0,0.0,9.0,0.0
35,HC,1518,False,0.0,0.0,0.0,0.0,9.0,0.0
36,HC,1518,False,0.0,0.0,0.0,0.0,9.0,0.0
37,HC,1518,False,0.0,0.0,0.0,0.0,9.0,0.0
38,HC,1518,False,0.0,0.0,0.0,0.0,9.0,0.0
39,HC,1518,False,0.0,0.0,0.0,0.0,9.0,0.0
40,HC,1518,False,0.0,0.0,0.0,0.0,9.0,0.0
41,HC,1518,False,0.0,0.0,0.0,0.0,9.0,0.0
42,HC,1518,False,0.0,0.0,0.0,0.0,9.0,0.0
43,HC,1518,False,0.0,0.0,0.0,0.0,8.0,0.0
44,HC,1518,False,0.0,0.0,0.0,0.0,9.0,0.0
45,HC,1518,False,0.0,0.0,0.0,0.0,8.0,0.0
46,HC,1518,False,0.0,0.0,0.0,0.0,9.0,0.0
47,HC,1518,False,0.0,0.0,0.0,0.0,9.0,0.0
48,HC,1518,False,0.0,0.0,0.0,0.0,9.0,0.0
49,HC,1518,False,0.0,0.0,0.0,0.0,9.0,0.0
50,HC,1518,False,0.0,0.0,0.0,0.0,9.0,0.0
51,HC,1518,False,0.0,0.0,0.0,0.0,9.0,0.0
52,HC,1518,False,0.0,0.0,0.0,0.0,9.0,0.0
53,HC,1518,False,0.0,0.0,0.0,0.0,9.0,0.0
54,HC,1518,False,0.0,0.0,0.0,0.0,9.0,0.0
55,HC,1518,False,0.0,0.0,0.0,0.0,9.0,0.0
56,HC,1518,False,0.0,0.0,0.0,0.0,9.0,0.0
57,HC,1518,False,0.0,0.0,0.0,0.0,8.0,0.0
58,HC,1518,False,0.0,0.0,0.0,0.0,9.0,0.0
59,HC,1518,False,0.0,0.0,0.0,0.0,9.0,0.0
60,HC,1518,False,0.0,0.0,0.0,0.0,9.0,0.0
61,HC,1518,False,0.0,0.0,0.0,0.0,9.0,0.0
62,HC,1518,False,0.0,0.0,0.0,0.0,9.0,0.0
63,HC,1518,False,0.0,0.0,0.0,0.0,9.0,0.0
64,HC,1518,False,0.0,0.0,0.0,0.0,9.0,0.0
65,HC,1518,False,0.0,0.0,0.0,0.0,8.0,0.0
66,HC,1518,False,0.0,0.0,0.0,0.0,8.0,0.0
67,HC,1518,False,0.0,0.0,0.0,0.0,9.0,0.0
68,HC,1518,False,0.0,0.0,0.0,0.0,8.0,0.0
69,HC,1518,False,0.0,0.0,0.0,0.0,9.0,0.0
70,HC,1518,False,0.0,0.0,0.0,0.0,8.0,0.0
71,HC,1518,False,0.0,0.0,0.0,0.0,8.0,0.0
72,HC,1518,False,0.0,0.0,0.0,0.0,8.0,0.0
73,HC,1518,False,0.0,0.0,0.0,0.0,9.0,0.0
74,HC,1518,False,0.0,0.0,0.0,0.0,8.0,0.0
75,HC,1518,False,0.0,0.0,0.0,0.0,9.0,0.0
76,HC,1518,False,0.0,0.0,0.0,0.0,9.0,0.0
77,HC,1518,False,0.0,0.0,0.0,0.0,8.0,0.0
78,HC,1518,False,0.0,0.0,0.0,0.0,9.0,0.0
79,HC,1518,False,0.0,0.0,0.0,0.0,9.0,0.0
80,HC,1518,False,0.0,0.0,0.0,0.0,9.0,0.0
81,HC,1518,False,0.0,0.0,0.0,0.0,8.0,0.0
82,HC,1518,False,0.0,0.0,0.0,0.0,8.0,0.0
83,HC,1518,False,0.0,0.0,0.0,0.0,9.0,0.0
84,HC,1518,False,0.0,0.0,0.0,0.0,9.0,0.0
85,HC,1518,False,0.0,0.0,0.0,0.0,9.0,0.0
86,HC,1518,False,0.0,0.0,0.0,0.0,8.0,0.0
87,HC,1518,False,0.0,0.0,0.0,0.0,9.0,0.0
88,HC,1518,False,0.0,0.0,0.0,0.0,9.0,0.0
89,HC,1518,False,0.0,0.0,0.0,0.0,9.0,0.0
90,HC,1518,False,0.0,0.0,0.0,0.0,9.0,0.0
91,HC,1518,False,0.0,0.0,0.0,0.0,9.0,0.0
92,HC,1518,False,0.0,0.0,0.0,0.0,8.0,0.0
93,HC,1518,False,0.0,0.0,0.0,0.0,9.0,0.0
94,HC,1518,False,0.0,0.0,0.0,0.0,9.0,0.0
95,HC,1518,False,0.0,0.0,0.0,0.0,9.0,0.0
96,HC,1518,False,0.0,0.0,0.0,0.0,9.0,0.0
97,HC,1518,False,0.0,0.0,0.0,0.0,9.0,0.0
98,HC,1518,False,0.0,0.0,0.0,0.0,9.0,0.0
99,HC,1518,False,0.0,0.0,0.0,0.0,9.0,0.0
0,HC,1519,False,2.0,1.0,3.0,1.0,8.0,4.0
1,HC,1519,False,2.0,0.0,2.0,1.0,8.0,3.0
2,HC,1519,False,2.0,0.0,2.0,1.0,8.0,3.0
3,HC,1519,False,2.0,0.0,2.0,1.0,8.0,3.0
4,HC,1519,False,2.0,0.0,2.0,1.0,8.0,3.0
5,HC,1519,False,2.0,1.0,3.0,1.0,8.0,2.0
6,HC,1519,False,2.0,1.0,2.0,1.0,8.0,3.0
7,HC,1519,False,2.0,0.0,2.0,1.0,8.0,3.0
8,HC,1519,False,2.0,0.0,2.0,1.0,8.0,3.0
9,HC,1519,False,2.0,0.0,2.0,1.0,8.0,3.0
10,HC,1519,False,2.0,1.0,1.0,1.0,8.0,2.0
11,HC,1519,False,2.0,1.0,3.0,1.0,8.0,4.0
12,HC,1519,False,2.0,0.0,2.0,1.0,8.0,3.0
13,HC,1519,False,2.0,0.0,2.0,1.0,8.0,3.0
14,HC,1519,False,2.0,0.0,2.0,1.0,8.0,3.0
15,HC,1519,False,2.0,0.0,2.0,1.0,8.0,3.0
16,HC,1519,False,2.0,0.0,2.0,1.0,8.0,3.0
17,HC,1519,False,2.0,0.0,2.0,1.0,8.0,3.0
18,HC,1519,False,2.0,1.0,1.0,1.0,8.0,2.0
19,HC,1519,False,2.0,0.0,2.0,1.0,8.0,3.0
20,HC,1519,False,2.0,1.0,3.0,1.0,8.0,3.0
21,HC,1519,False,2.0,0.0,2.0,1.0,8.0,3.0
22,HC,1519,False,2.0,0.0,2.0,1.0,8.0,3.0
23,HC,1519,False,2.0,0.0,2.0,1.0,8.0,3.0
24,HC,1519,False,2.0,0.0,2.0,1.0,8.0,3.0
25,HC,1519,False,2.0,0.0,2.0,1.0,8.0,3.0
26,HC,1519,False,2.0,0.0,2.0,1.0,8.0,3.0
27,HC,1519,False,2.0,0.0,2.0,1.0,8.0,3.0
28,HC,1519,False,2.0,1.0,1.0,1.0,8.0,3.0
29,HC,1519,False,2.0,1.0,2.0,1.0,8.0,3.0
30,HC,1519,False,2.0,0.0,2.0,1.0,8.0,3.0
31,HC,1519,False,2.0,0.0,2.0,1.0,8.0,3.0
32,HC,1519,False,2.0,0.0,2.0,1.0,8.0,3.0
33,HC,1519,False,2.0,1.0,3.0,1.0,8.0,3.0
34,HC,1519,False,2.0,0.0,2.0,1.0,8.0,3.0
35,HC,1519,False,2.0,0.0,2.0,1.0,8.0,3.0
36,HC,1519,False,2.0,1.0,3.0,1.0,8.0,2.0
37,HC,1519,False,2.0,1.0,1.0,1.0,8.0,3.0
38,HC,1519,False,2.0,0.0,2.0,1.0,8.0,3.0
39,HC,1519,False,2.0,0.0,2.0,1.0,8.0,3.0
40,HC,1519,False,2.0,0.0,2.0,1.0,8.0,3.0
41,HC,1519,False,2.0,1.0,2.0,1.0,8.0,3.0
42,HC,1519,False,2.0,1.0,3.0,1.0,8.0,4.0
43,HC,1519,False,2.0,0.0,2.0,1.0,8.0,3.0
44,HC,1519,False,2.0,1.0,3.0,1.0,8.0,2.0
45,HC,1519,False,2.0,1.0,3.0,1.0,8.0,4.0
46,HC,1519,False,2.0,0.0,2.0,1.0,8.0,3.0
47,HC,1519,False,2.0,0.0,2.0,1.0,8.0,3.0
48,HC,1519,False,2.0,0.0,2.0,1.0,8.0,3.0
49,HC,1519,False,2.0,1.0,3.0,1.0,8.0,3.0
50,HC,1519,False,2.0,1.0,2.0,1.0,8.0,3.0
51,HC,1519,False,2.0,0.0,2.0,1.0,8.0,3.0
52,HC,1519,False,2.0,1.0,3.0,1.0,8.0,3.0
53,HC,1519,False,2.0,0.0,2.0,1.0,8.0,3.0
54,HC,1519,False,2.0,0.0,2.0,1.0,8.0,3.0
55,HC,1519,False,2.0,0.0,2.0,1.0,8.0,3.0
56,HC,1519,False,2.0,0.0,2.0,1.0,8.0,3.0
57,HC,1519,False,2.0,0.0,2.0,1.0,8.0,3.0
58,HC,1519,False,2.0,0.0,2.0,1.0,8.0,3.0
59,HC,1519,False,2.0,1.0,3.0,1.0,8.0,2.0
60,HC,1519,False,2.0,1.0,2.0,1.0,8.0,3.0
61,HC,1519,False,2.0,0.0,2.0,1.0,8.0,3.0
62,HC,1519,False,2.0,1.0,3.0,1.0,8.0,3.0
63,HC,1519,False,2.0,0.0,2.0,1.0,8.0,3.0
64,HC,1519,False,2.0,1.0,2.0,1.0,8.0,3.0
65,HC,1519,False,2.0,1.0,2.0,1.0,8.0,3.0
66,HC,1519,False,2.0,0.0,2.0,1.0,8.0,3.0
67,HC,1519,False,2.0,0.0,2.0,1.0,8.0,3.0
68,HC,1519,False,2.0,0.0,2.0,1.0,8.0,3.0
69,HC,1519,False,2.0,1.0,3.0,1.0,8.0,4.0
70,HC,1519,False,2.0,0.0,2.0,1.0,8.0,2.0
71,HC,1519,False,2.0,1.0,1.0,1.0,8.0,2.0
72,HC,1519,False,2.0,0.0,2.0,1.0,8.0,3.0
73,HC,1519,False,2.0,1.0,1.0,1.0,8.0,2.0
74,HC,1519,False,2.0,0.0,2.0,1.0,8.0,3.0
75,HC,1519,False,2.0,1.0,2.0,1.0,8.0,3.0
76,HC,1519,False,2.0,0.0,2.0,1.0,8.0,3.0
77,HC,1519,False,2.0,0.0,2.0,1.0,8.0,3.0
78,HC,1519,False,2.0,1.0,3.0,2.0,8.0,4.0
79,HC,1519,False,2.0,0.0,2.0,1.0,8.0,3.0
80,HC,1519,False,2.0,0.0,2.0,1.0,8.0,3.0
81,HC,1519,False,2.0,0.0,2.0,1.0,8.0,3.0
82,HC,1519,False,2.0,0.0,2.0,1.0,8.0,3.0
83,HC,1519,False,2.0,0.0,2.0,1.0,8.0,3.0
84,HC,1519,False,2.0,1.0,2.0,1.0,8.0,3.0
85,HC,1519,False,2.0,0.0,2.0,1.0,8.0,3.0
86,HC,1519,False,2.0,1.0,3.0,1.0,8.0,2.0
87,HC,1519,False,2.0,0.0,2.0,1.0,8.0,3.0
88,HC,1519,False,2.0,0.0,2.0,1.0,8.0,3.0
89,HC,1519,False,2.0,0.0,2.0,1.0,8.0,2.0
90,HC,1519,False,2.0,0.0,2.0,1.0,8.0,3.0
91,HC,1519,False,2.0,0.0,2.0,1.0,8.0,3.0
92,HC,1519,False,2.0,0.0,2.0,1.0,8.0,3.0
93,HC,1519,False,2.0,1.0,3.0,1.0,8.0,3.0
94,HC,1519,False,2.0,0.0,2.0,1.0,8.0,3.0
95,HC,1519,False,2.0,0.0,2.0,1.0,8.0,3.0
96,HC,1519,False,2.0,0.0,2.0,1.0,8.0,3.0
97,HC,1519,False,2.0,0.0,2.0,1.0,8.0,3.0
98,HC,1519,False,2.0,0.0,2.0,1.0,8.0,3.0
99,HC,1519,False,2.0,0.0,2.0,1.0,8.0,3.0
0,HC,1522,False,0.0,0.0,0.0,0.0,8.0,1.0
1,HC,1522,False,2.0,0.0,2.0,1.0,8.0,2.0
2,HC,1522,False,2.0,0.0,2.0,1.0,7.0,2.0
3,HC,1522,False,1.0,0.0,1.0,2.0,8.0,3.0
4,HC,1522,False,0.0,0.0,0.0,0.0,8.0,2.0
5,HC,1522,False,0.0,0.0,0.0,1.0,8.0,2.0
6,HC,1522,False,2.0,0.0,2.0,1.0,7.0,2.0
7,HC,1522,False,2.0,0.0,2.0,1.0,8.0,2.0
8,HC,1522,False,2.0,0.0,2.0,1.0,7.0,3.0
9,HC,1522,False,1.0,0.0,1.0,2.0,8.0,1.0
10,HC,1522,False,0.0,0.0,0.0,0.0,8.0,1.0
11,HC,1522,False,2.0,0.0,2.0,1.0,8.0,2.0
12,HC,1522,False,2.0,0.0,2.0,1.0,8.0,2.0
13,HC,1522,False,0.0,0.0,0.0,0.0,8.0,1.0
14,HC,1522,False,2.0,0.0,2.0,1.0,7.0,2.0
15,HC,1522,False,2.0,0.0,2.0,1.0,7.0,2.0
16,HC,1522,False,2.0,0.0,2.0,1.0,8.0,2.0
17,HC,1522,False,2.0,0.0,2.0,1.0,8.0,2.0
18,HC,1522,False,0.0,0.0,0.0,1.0,8.0,2.0
19,HC,1522,False,2.0,0.0,2.0,1.0,8.0,2.0
20,HC,1522,False,2.0,1.0,1.0,1.0,8.0,2.0
21,HC,1522,False,2.0,0.0,2.0,1.0,8.0,3.0
22,HC,1522,False,0.0,0.0,0.0,1.0,8.0,2.0
23,HC,1522,False,2.0,0.0,2.0,1.0,8.0,2.0
24,HC,1522,False,2.0,0.0,2.0,1.0,7.0,3.0
25,HC,1522,False,2.0,0.0,2.0,1.0,7.0,2.0
26,HC,1522,False,2.0,0.0,2.0,1.0,7.0,2.0
27,HC,1522,False,2.0,0.0,2.0,1.0,7.0,2.0
28,HC,1522,False,0.0,0.0,0.0,0.0,8.0,1.0
29,HC,1522,False,0.0,0.0,0.0,0.0,8.0,2.0
30,HC,1522,False,2.0,1.0,2.0,3.0,7.0,2.0
31,HC,1522,False,0.0,0.0,0.0,0.0,8.0,1.0
32,HC,1522,False,2.0,0.0,2.0,1.0,8.0,2.0
33,HC,1522,False,0.0,0.0,0.0,1.0,8.0,2.0
34,HC,1522,False,0.0,0.0,0.0,1.0,8.0,2.0
35,HC,1522,False,0.0,0.0,0.0,1.0,8.0,2.0
36,HC,1522,False,0.0,0.0,0.0,1.0,8.0,2.0
37,HC,1522,False,0.0,0.0,0.0,1.0,7.0,2.0
38,HC,1522,False,0.0,0.0,0.0,0.0,8.0,2.0
39,HC,1522,False,0.0,0.0,0.0,1.0,8.0,2.0
40,HC,1522,False,2.0,0.0,2.0,1.0,7.0,2.0
41,HC,1522,False,0.0,0.0,0.0,1.0,8.0,2.0
42,HC,1522,False,2.0,0.0,2.0,1.0,7.0,2.0
43,HC,1522,False,0.0,0.0,0.0,1.0,8.0,2.0
44,HC,1522,False,0.0,0.0,0.0,0.0,8.0,1.0
45,HC,1522,False,2.0,0.0,2.0,1.0,7.0,2.0
46,HC,1522,False,0.0,0.0,0.0,1.0,7.0,2.0
47,HC,1522,False,2.0,0.0,2.0,1.0,7.0,2.0
48,HC,1522,False,0.0,0.0,0.0,0.0,8.0,1.0
49,HC,1522,False,2.0,0.0,2.0,1.0,7.0,2.0
50,HC,1522,False,2.0,0.0,2.0,1.0,8.0,2.0
51,HC,1522,False,2.0,1.0,1.0,1.0,7.0,2.0
52,HC,1522,False,2.0,0.0,2.0,1.0,7.0,2.0
53,HC,1522,False,1.0,0.0,1.0,2.0,7.0,3.0
54,HC,1522,False,2.0,0.0,2.0,1.0,7.0,2.0
55,HC,1522,False,0.0,0.0,0.0,1.0,8.0,2.0
56,HC,1522,False,0.0,0.0,0.0,0.0,8.0,1.0
57,HC,1522,False,2.0,0.0,2.0,1.0,8.0,2.0
58,HC,1522,False,0.0,0.0,0.0,0.0,8.0,1.0
59,HC,1522,False,2.0,0.0,2.0,1.0,8.0,2.0
60,HC,1522,False,2.0,0.0,2.0,1.0,8.0,2.0
61,HC,1522,False,2.0,1.0,1.0,1.0,8.0,2.0
62,HC,1522,False,2.0,0.0,2.0,1.0,7.0,3.0
63,HC,1522,False,0.0,0.0,0.0,1.0,8.0,2.0
64,HC,1522,False,2.0,0.0,2.0,1.0,7.0,2.0
65,HC,1522,False,1.0,0.0,1.0,2.0,8.0,2.0
66,HC,1522,False,2.0,1.0,2.0,1.0,8.0,2.0
67,HC,1522,False,0.0,0.0,0.0,0.0,8.0,1.0
68,HC,1522,False,2.0,1.0,1.0,1.0,7.0,2.0
69,HC,1522,False,2.0,0.0,2.0,1.0,7.0,2.0
70,HC,1522,False,2.0,0.0,2.0,1.0,7.0,2.0
71,HC,1522,False,2.0,0.0,2.0,1.0,7.0,3.0
72,HC,1522,False,2.0,0.0,2.0,1.0,8.0,2.0
73,HC,1522,False,2.0,0.0,2.0,1.0,8.0,2.0
74,HC,1522,False,0.0,0.0,0.0,1.0,8.0,2.0
75,HC,1522,False,2.0,0.0,2.0,1.0,7.0,2.0
76,HC,1522,False,2.0,1.0,2.0,1.0,7.0,2.0
77,HC,1522,False,2.0,0.0,2.0,1.0,7.0,2.0
78,HC,1522,False,0.0,0.0,0.0,1.0,8.0,2.0
79,HC,1522,False,0.0,0.0,0.0,0.0,8.0,2.0
80,HC,1522,False,0.0,0.0,0.0,0.0,8.0,2.0
81,HC,1522,False,2.0,0.0,2.0,1.0,7.0,2.0
82,HC,1522,False,0.0,0.0,0.0,1.0,8.0,2.0
83,HC,1522,False,2.0,0.0,2.0,1.0,8.0,2.0
84,HC,1522,False,0.0,0.0,0.0,1.0,8.0,2.0
85,HC,1522,False,2.0,0.0,2.0,1.0,8.0,2.0
86,HC,1522,False,2.0,0.0,2.0,1.0,7.0,2.0
87,HC,1522,False,2.0,0.0,2.0,1.0,7.0,3.0
88,HC,1522,False,0.0,0.0,0.0,0.0,8.0,1.0
89,HC,1522,False,2.0,0.0,2.0,1.0,7.0,2.0
90,HC,1522,False,2.0,0.0,2.0,1.0,8.0,2.0
91,HC,1522,False,2.0,0.0,2.0,1.0,8.0,2.0
92,HC,1522,False,2.0,0.0,2.0,1.0,7.0,2.0
93,HC,1522,False,2.0,0.0,2.0,1.0,7.0,2.0
94,HC,1522,False,2.0,1.0,1.0,1.0,8.0,2.0
95,HC,1522,False,2.0,0.0,2.0,1.0,7.0,2.0
96,HC,1522,False,2.0,1.0,1.0,2.0,7.0,3.0
97,HC,1522,False,0.0,0.0,0.0,0.0,8.0,2.0
98,HC,1522,False,2.0,0.0,2.0,1.0,7.0,2.0
99,HC,1522,False,2.0,0.0,2.0,1.0,7.0,2.0
0,HC,1524,False,6.0,2.0,8.0,4.0,7.0,5.0
1,HC,1524,False,6.0,2.0,8.0,4.0,7.0,6.0
2,HC,1524,False,6.0,4.0,8.0,3.0,7.0,5.0
3,HC,1524,False,4.0,2.0,6.0,3.0,7.0,5.0
4,HC,1524,False,6.0,4.0,8.0,3.0,7.0,5.0
5,HC,1524,False,4.0,2.0,6.0,3.0,7.0,5.0
6,HC,1524,False,6.0,2.0,8.0,4.0,7.0,5.0
7,HC,1524,False,6.0,2.0,8.0,4.0,7.0,6.0
8,HC,1524,False,4.0,2.0,6.0,3.0,7.0,5.0
9,HC,1524,False,6.0,4.0,8.0,3.0,7.0,5.0
10,HC,1524,False,6.0,4.0,7.0,4.0,7.0,6.0
11,HC,1524,False,6.0,4.0,8.0,5.0,7.0,6.0
12,HC,1524,False,4.0,2.0,6.0,3.0,7.0,5.0
13,HC,1524,False,6.0,4.0,8.0,5.0,7.0,6.0
14,HC,1524,False,6.0,4.0,8.0,5.0,7.0,6.0
15,HC,1524,False,4.0,2.0,6.0,3.0,7.0,5.0
16,HC,1524,False,6.0,2.0,8.0,4.0,7.0,5.0
17,HC,1524,False,6.0,2.0,8.0,4.0,7.0,5.0
18,HC,1524,False,6.0,4.0,8.0,5.0,7.0,8.0
19,HC,1524,False,4.0,2.0,6.0,3.0,7.0,5.0
20,HC,1524,False,6.0,2.0,8.0,4.0,7.0,5.0
21,HC,1524,False,6.0,2.0,8.0,4.0,7.0,6.0
22,HC,1524,False,6.0,2.0,8.0,4.0,7.0,5.0
23,HC,1524,False,6.0,2.0,8.0,4.0,7.0,5.0
24,HC,1524,False,6.0,4.0,8.0,4.0,7.0,6.0
25,HC,1524,False,6.0,2.0,8.0,4.0,7.0,5.0
26,HC,1524,False,6.0,2.0,8.0,4.0,7.0,5.0
27,HC,1524,False,6.0,4.0,8.0,3.0,7.0,5.0
28,HC,1524,False,6.0,2.0,8.0,4.0,7.0,5.0
29,HC,1524,False,4.0,2.0,6.0,3.0,7.0,5.0
30,HC,1524,False,6.0,2.0,8.0,4.0,7.0,5.0
31,HC,1524,False,6.0,4.0,8.0,4.0,7.0,6.0
32,HC,1524,False,6.0,2.0,8.0,4.0,7.0,6.0
33,HC,1524,False,6.0,2.0,8.0,4.0,7.0,5.0
34,HC,1524,False,6.0,2.0,8.0,4.0,7.0,6.0
35,HC,1524,False,4.0,2.0,6.0,3.0,7.0,5.0
36,HC,1524,False,6.0,2.0,8.0,4.0,7.0,5.0
37,HC,1524,False,6.0,4.0,8.0,4.0,7.0,6.0
38,HC,1524,False,4.0,2.0,6.0,3.0,7.0,5.0
39,HC,1524,False,6.0,2.0,8.0,4.0,7.0,5.0
40,HC,1524,False,6.0,2.0,8.0,4.0,7.0,5.0
41,HC,1524,False,6.0,2.0,8.0,4.0,7.0,5.0
42,HC,1524,False,6.0,4.0,8.0,5.0,7.0,6.0
43,HC,1524,False,4.0,2.0,6.0,3.0,7.0,5.0
44,HC,1524,False,6.0,2.0,8.0,4.0,7.0,5.0
45,HC,1524,False,6.0,4.0,7.0,3.0,8.0,5.0
46,HC,1524,False,6.0,4.0,8.0,3.0,7.0,5.0
47,HC,1524,False,6.0,2.0,8.0,4.0,7.0,6.0
48,HC,1524,False,4.0,2.0,6.0,3.0,7.0,5.0
49,HC,1524,False,4.0,2.0,6.0,3.0,7.0,5.0
50,HC,1524,False,4.0,2.0,6.0,3.0,7.0,5.0
51,HC,1524,False,6.0,2.0,8.0,4.0,7.0,5.0
52,HC,1524,False,6.0,2.0,8.0,4.0,7.0,6.0
53,HC,1524,False,6.0,2.0,8.0,4.0,7.0,5.0
54,HC,1524,False,6.0,4.0,8.0,4.0,7.0,6.0
55,HC,1524,False,6.0,2.0,8.0,4.0,7.0,5.0
56,HC,1524,False,6.0,4.0,8.0,3.0,7.0,5.0
57,HC,1524,False,4.0,2.0,6.0,3.0,7.0,5.0
58,HC,1524,False,6.0,2.0,8.0,4.0,7.0,6.0
59,HC,1524,False,6.0,4.0,7.0,3.0,7.0,5.0
60,HC,1524,False,6.0,2.0,8.0,4.0,7.0,6.0
61,HC,1524,False,4.0,2.0,6.0,3.0,7.0,5.0
62,HC,1524,False,6.0,4.0,8.0,4.0,7.0,6.0
63,HC,1524,False,6.0,2.0,8.0,4.0,7.0,5.0
64,HC,1524,False,6.0,4.0,8.0,3.0,7.0,5.0
65,HC,1524,False,6.0,4.0,8.0,3.0,7.0,5.0
66,HC,1524,False,6.0,4.0,8.0,3.0,7.0,5.0
67,HC,1524,False,6.0,4.0,8.0,5.0,7.0,8.0
68,HC,1524,False,6.0,2.0,8.0,4.0,7.0,6.0
69,HC,1524,False,4.0,2.0,6.0,3.0,7.0,5.0
70,HC,1524,False,4.0,2.0,6.0,3.0,7.0,5.0
71,HC,1524,False,6.0,2.0,8.0,4.0,7.0,5.0
72,HC,1524,False,6.0,4.0,8.0,5.0,7.0,6.0
73,HC,1524,False,4.0,2.0,6.0,3.0,7.0,5.0
74,HC,1524,False,4.0,2.0,6.0,3.0,7.0,5.0
75,HC,1524,False,4.0,2.0,6.0,3.0,7.0,5.0
76,HC,1524,False,6.0,4.0,8.0,3.0,7.0,5.0
77,HC,1524,False,6.0,2.0,8.0,4.0,7.0,5.0
78,HC,1524,False,6.0,4.0,7.0,3.0,7.0,5.0
79,HC,1524,False,6.0,4.0,8.0,5.0,7.0,6.0
80,HC,1524,False,6.0,2.0,8.0,4.0,7.0,5.0
81,HC,1524,False,6.0,2.0,8.0,4.0,7.0,5.0
82,HC,1524,False,6.0,2.0,8.0,4.0,7.0,6.0
83,HC,1524,False,4.0,2.0,6.0,3.0,7.0,5.0
84,HC,1524,False,6.0,2.0,8.0,4.0,7.0,6.0
85,HC,1524,False,6.0,2.0,8.0,4.0,7.0,5.0
86,HC,1524,False,6.0,2.0,8.0,4.0,7.0,5.0
87,HC,1524,False,6.0,4.0,8.0,3.0,7.0,5.0
88,HC,1524,False,6.0,2.0,8.0,4.0,7.0,5.0
89,HC,1524,False,6.0,4.0,8.0,3.0,7.0,5.0
90,HC,1524,False,6.0,2.0,8.0,4.0,7.0,6.0
91,HC,1524,False,4.0,2.0,6.0,3.0,7.0,5.0
92,HC,1524,False,6.0,2.0,8.0,4.0,7.0,6.0
93,HC,1524,False,6.0,4.0,8.0,5.0,7.0,8.0
94,HC,1524,False,6.0,2.0,8.0,4.0,7.0,5.0
95,HC,1524,False,4.0,2.0,6.0,3.0,7.0,5.0
96,HC,1524,False,4.0,2.0,6.0,3.0,7.0,5.0
97,HC,1524,False,6.0,2.0,8.0,4.0,7.0,5.0
98,HC,1524,False,6.0,4.0,8.0,5.0,7.0,6.0
99,HC,1524,False,6.0,4.0,7.0,3.0,7.0,5.0
0,HC,1525,False,1.0,0.0,1.0,1.0,9.0,2.0
1,HC,1525,False,1.0,0.0,1.0,1.0,8.0,2.0
2,HC,1525,False,0.0,0.0,0.0,0.0,9.0,1.0
3,HC,1525,False,0.0,0.0,0.0,0.0,9.0,1.0
4,HC,1525,False,0.0,0.0,0.0,0.0,9.0,0.0
5,HC,1525,False,0.0,0.0,0.0,0.0,9.0,1.0
6,HC,1525,False,0.0,0.0,0.0,0.0,9.0,1.0
7,HC,1525,False,0.0,0.0,0.0,0.0,9.0,1.0
8,HC,1525,False,0.0,0.0,0.0,0.0,9.0,0.0
9,HC,1525,False,0.0,0.0,0.0,0.0,9.0,0.0
10,HC,1525,False,1.0,0.0,1.0,1.0,9.0,2.0
11,HC,1525,False,0.0,0.0,0.0,0.0,9.0,1.0
12,HC,1525,False,0.0,0.0,0.0,0.0,9.0,1.0
13,HC,1525,False,0.0,0.0,0.0,0.0,9.0,1.0
14,HC,1525,False,0.0,0.0,0.0,0.0,9.0,0.0
15,HC,1525,False,0.0,0.0,0.0,0.0,9.0,1.0
16,HC,1525,False,0.0,0.0,0.0,0.0,9.0,1.0
17,HC,1525,False,0.0,0.0,0.0,0.0,9.0,1.0
18,HC,1525,False,0.0,0.0,0.0,0.0,9.0,0.0
19,HC,1525,False,0.0,0.0,0.0,0.0,9.0,1.0
20,HC,1525,False,0.0,0.0,0.0,0.0,9.0,0.0
21,HC,1525,False,0.0,0.0,0.0,0.0,9.0,1.0
22,HC,1525,False,0.0,0.0,0.0,0.0,9.0,0.0
23,HC,1525,False,0.0,0.0,0.0,0.0,9.0,1.0
24,HC,1525,False,0.0,0.0,0.0,0.0,9.0,1.0
25,HC,1525,False,0.0,0.0,0.0,0.0,9.0,0.0
26,HC,1525,False,1.0,0.0,1.0,0.0,9.0,1.0
27,HC,1525,False,0.0,0.0,0.0,0.0,9.0,0.0
28,HC,1525,False,0.0,0.0,0.0,0.0,9.0,1.0
29,HC,1525,False,0.0,0.0,0.0,0.0,9.0,1.0
30,HC,1525,False,0.0,0.0,0.0,0.0,9.0,1.0
31,HC,1525,False,0.0,0.0,0.0,0.0,9.0,1.0
32,HC,1525,False,0.0,0.0,0.0,0.0,9.0,1.0
33,HC,1525,False,0.0,0.0,0.0,0.0,9.0,0.0
34,HC,1525,False,0.0,0.0,0.0,0.0,9.0,0.0
35,HC,1525,False,0.0,0.0,0.0,0.0,9.0,0.0
36,HC,1525,False,0.0,0.0,0.0,0.0,9.0,1.0
37,HC,1525,False,0.0,0.0,0.0,0.0,9.0,0.0
38,HC,1525,False,0.0,0.0,0.0,0.0,9.0,0.0
39,HC,1525,False,0.0,0.0,0.0,0.0,9.0,0.0
40,HC,1525,False,0.0,0.0,0.0,0.0,9.0,0.0
41,HC,1525,False,1.0,0.0,1.0,0.0,9.0,1.0
42,HC,1525,False,0.0,0.0,0.0,0.0,9.0,1.0
43,HC,1525,False,0.0,0.0,0.0,0.0,9.0,0.0
44,HC,1525,False,0.0,0.0,0.0,0.0,9.0,1.0
45,HC,1525,False,0.0,0.0,0.0,0.0,9.0,0.0
46,HC,1525,False,0.0,0.0,0.0,0.0,9.0,0.0
47,HC,1525,False,1.0,0.0,1.0,0.0,9.0,1.0
48,HC,1525,False,0.0,0.0,0.0,0.0,9.0,1.0
49,HC,1525,False,0.0,0.0,0.0,0.0,9.0,1.0
50,HC,1525,False,0.0,0.0,0.0,0.0,9.0,1.0
51,HC,1525,False,0.0,0.0,0.0,0.0,9.0,1.0
52,HC,1525,False,0.0,0.0,0.0,0.0,9.0,0.0
53,HC,1525,False,0.0,0.0,0.0,0.0,9.0,1.0
54,HC,1525,False,0.0,0.0,0.0,0.0,9.0,0.0
55,HC,1525,False,0.0,0.0,0.0,0.0,9.0,1.0
56,HC,1525,False,0.0,0.0,0.0,0.0,9.0,1.0
57,HC,1525,False,0.0,0.0,0.0,0.0,9.0,1.0
58,HC,1525,False,0.0,0.0,0.0,0.0,9.0,0.0
59,HC,1525,False,0.0,0.0,0.0,0.0,9.0,1.0
60,HC,1525,False,0.0,0.0,0.0,0.0,9.0,1.0
61,HC,1525,False,0.0,0.0,0.0,0.0,9.0,1.0
62,HC,1525,False,1.0,0.0,1.0,0.0,9.0,1.0
63,HC,1525,False,0.0,0.0,0.0,0.0,9.0,1.0
64,HC,1525,False,0.0,0.0,0.0,0.0,9.0,1.0
65,HC,1525,False,0.0,0.0,0.0,0.0,9.0,1.0
66,HC,1525,False,0.0,0.0,0.0,0.0,9.0,0.0
67,HC,1525,False,0.0,0.0,0.0,0.0,9.0,0.0
68,HC,1525,False,0.0,0.0,0.0,0.0,9.0,1.0
69,HC,1525,False,0.0,0.0,0.0,0.0,9.0,1.0
70,HC,1525,False,0.0,0.0,0.0,0.0,9.0,1.0
71,HC,1525,False,0.0,0.0,0.0,0.0,9.0,1.0
72,HC,1525,False,0.0,0.0,0.0,0.0,9.0,1.0
73,HC,1525,False,0.0,0.0,0.0,0.0,9.0,0.0
74,HC,1525,False,0.0,0.0,0.0,0.0,9.0,1.0
75,HC,1525,False,1.0,0.0,1.0,1.0,9.0,2.0
76,HC,1525,False,0.0,0.0,0.0,0.0,9.0,1.0
77,HC,1525,False,0.0,0.0,0.0,0.0,9.0,1.0
78,HC,1525,False,0.0,0.0,0.0,0.0,9.0,1.0
79,HC,1525,False,0.0,0.0,0.0,0.0,9.0,1.0
80,HC,1525,False,0.0,0.0,0.0,0.0,9.0,0.0
81,HC,1525,False,0.0,0.0,0.0,0.0,9.0,1.0
82,HC,1525,False,0.0,0.0,0.0,0.0,9.0,0.0
83,HC,1525,False,0.0,0.0,0.0,0.0,9.0,1.0
84,HC,1525,False,0.0,0.0,0.0,0.0,9.0,0.0
85,HC,1525,False,0.0,0.0,0.0,0.0,9.0,1.0
86,HC,1525,False,0.0,0.0,0.0,0.0,9.0,0.0
87,HC,1525,False,0.0,0.0,0.0,0.0,9.0,1.0
88,HC,1525,False,0.0,0.0,0.0,0.0,9.0,0.0
89,HC,1525,False,0.0,0.0,0.0,0.0,9.0,0.0
90,HC,1525,False,0.0,0.0,0.0,0.0,9.0,1.0
91,HC,1525,False,0.0,0.0,0.0,0.0,9.0,1.0
92,HC,1525,False,0.0,0.0,0.0,0.0,9.0,0.0
93,HC,1525,False,0.0,0.0,0.0,0.0,9.0,1.0
94,HC,1525,False,0.0,0.0,0.0,0.0,9.0,1.0
95,HC,1525,False,1.0,0.0,1.0,1.0,9.0,2.0
96,HC,1525,False,0.0,0.0,0.0,0.0,9.0,1.0
97,HC,1525,False,1.0,0.0,1.0,1.0,8.0,2.0
98,HC,1525,False,0.0,0.0,0.0,0.0,9.0,1.0
99,HC,1525,False,1.0,0.0,1.0,1.0,9.0,2.0
0,HC,1526,False,0.0,0.0,0.0,0.0,9.0,0.0
1,HC,1526,False,0.0,0.0,0.0,0.0,9.0,0.0
2,HC,1526,False,0.0,0.0,0.0,0.0,9.0,0.0
3,HC,1526,False,0.0,0.0,0.0,0.0,9.0,0.0
4,HC,1526,False,0.0,0.0,0.0,0.0,9.0,0.0
5,HC,1526,False,0.0,0.0,0.0,0.0,9.0,0.0
6,HC,1526,False,0.0,0.0,0.0,0.0,9.0,0.0
7,HC,1526,False,0.0,0.0,0.0,0.0,9.0,0.0
8,HC,1526,False,0.0,0.0,0.0,0.0,9.0,0.0
9,HC,1526,False,0.0,0.0,0.0,0.0,9.0,0.0
10,HC,1526,False,0.0,0.0,0.0,0.0,9.0,0.0
11,HC,1526,False,0.0,0.0,0.0,0.0,9.0,0.0
12,HC,1526,False,0.0,0.0,0.0,0.0,9.0,0.0
13,HC,1526,False,0.0,0.0,0.0,0.0,9.0,0.0
14,HC,1526,False,0.0,0.0,0.0,0.0,9.0,0.0
15,HC,1526,False,0.0,0.0,0.0,0.0,9.0,0.0
16,HC,1526,False,0.0,0.0,0.0,0.0,9.0,0.0
17,HC,1526,False,0.0,0.0,0.0,0.0,9.0,0.0
18,HC,1526,False,0.0,0.0,0.0,0.0,9.0,0.0
19,HC,1526,False,0.0,0.0,0.0,0.0,9.0,0.0
20,HC,1526,False,0.0,0.0,0.0,0.0,9.0,0.0
21,HC,1526,False,0.0,0.0,0.0,0.0,9.0,0.0
22,HC,1526,False,0.0,0.0,0.0,0.0,9.0,0.0
23,HC,1526,False,0.0,0.0,0.0,0.0,9.0,0.0
24,HC,1526,False,0.0,0.0,0.0,0.0,9.0,0.0
25,HC,1526,False,0.0,0.0,0.0,0.0,9.0,0.0
26,HC,1526,False,0.0,0.0,0.0,0.0,9.0,0.0
27,HC,1526,False,0.0,0.0,0.0,0.0,9.0,0.0
28,HC,1526,False,0.0,0.0,0.0,0.0,9.0,0.0
29,HC,1526,False,0.0,0.0,0.0,0.0,9.0,0.0
30,HC,1526,False,0.0,0.0,0.0,0.0,9.0,0.0
31,HC,1526,False,0.0,0.0,0.0,0.0,9.0,0.0
32,HC,1526,False,0.0,0.0,0.0,0.0,9.0,0.0
33,HC,1526,False,0.0,0.0,0.0,0.0,9.0,0.0
34,HC,1526,False,0.0,0.0,0.0,0.0,9.0,0.0
35,HC,1526,False,0.0,0.0,0.0,0.0,9.0,0.0
36,HC,1526,False,0.0,0.0,0.0,0.0,9.0,0.0
37,HC,1526,False,0.0,0.0,0.0,0.0,9.0,0.0
38,HC,1526,False,0.0,0.0,0.0,0.0,9.0,0.0
39,HC,1526,False,0.0,0.0,0.0,0.0,9.0,0.0
40,HC,1526,False,0.0,0.0,0.0,0.0,9.0,0.0
41,HC,1526,False,0.0,0.0,0.0,0.0,9.0,0.0
42,HC,1526,False,0.0,0.0,0.0,0.0,9.0,0.0
43,HC,1526,False,0.0,0.0,0.0,0.0,9.0,0.0
44,HC,1526,False,0.0,0.0,0.0,0.0,9.0,0.0
45,HC,1526,False,0.0,0.0,0.0,0.0,9.0,0.0
46,HC,1526,False,0.0,0.0,0.0,0.0,9.0,0.0
47,HC,1526,False,0.0,0.0,0.0,0.0,9.0,0.0
48,HC,1526,False,0.0,0.0,0.0,0.0,9.0,0.0
49,HC,1526,False,0.0,0.0,0.0,0.0,9.0,0.0
50,HC,1526,False,0.0,0.0,0.0,0.0,9.0,0.0
51,HC,1526,False,0.0,0.0,0.0,0.0,9.0,0.0
52,HC,1526,False,0.0,0.0,0.0,0.0,9.0,0.0
53,HC,1526,False,0.0,0.0,0.0,0.0,9.0,0.0
54,HC,1526,False,0.0,0.0,0.0,0.0,9.0,0.0
55,HC,1526,False,0.0,0.0,0.0,0.0,9.0,0.0
56,HC,1526,False,0.0,0.0,0.0,0.0,9.0,0.0
57,HC,1526,False,0.0,0.0,0.0,0.0,9.0,0.0
58,HC,1526,False,0.0,0.0,0.0,0.0,9.0,0.0
59,HC,1526,False,0.0,0.0,0.0,0.0,9.0,0.0
60,HC,1526,False,0.0,0.0,0.0,0.0,9.0,0.0
61,HC,1526,False,0.0,0.0,0.0,0.0,9.0,0.0
62,HC,1526,False,0.0,0.0,0.0,0.0,9.0,0.0
63,HC,1526,False,0.0,0.0,0.0,0.0,9.0,0.0
64,HC,1526,False,0.0,0.0,0.0,0.0,9.0,0.0
65,HC,1526,False,0.0,0.0,0.0,0.0,9.0,0.0
66,HC,1526,False,0.0,0.0,0.0,0.0,9.0,0.0
67,HC,1526,False,0.0,0.0,0.0,0.0,9.0,0.0
68,HC,1526,False,0.0,0.0,0.0,0.0,9.0,0.0
69,HC,1526,False,0.0,0.0,0.0,0.0,9.0,0.0
70,HC,1526,False,0.0,0.0,0.0,0.0,9.0,0.0
71,HC,1526,False,0.0,0.0,0.0,0.0,9.0,0.0
72,HC,1526,False,0.0,0.0,0.0,0.0,9.0,0.0
73,HC,1526,False,0.0,0.0,0.0,0.0,9.0,0.0
74,HC,1526,False,0.0,0.0,0.0,0.0,9.0,0.0
75,HC,1526,False,0.0,0.0,0.0,0.0,9.0,0.0
76,HC,1526,False,0.0,0.0,0.0,0.0,9.0,0.0
77,HC,1526,False,0.0,0.0,0.0,0.0,9.0,0.0
78,HC,1526,False,0.0,0.0,0.0,0.0,9.0,0.0
79,HC,1526,False,0.0,0.0,0.0,0.0,9.0,0.0
80,HC,1526,False,0.0,0.0,0.0,0.0,9.0,0.0
81,HC,1526,False,0.0,0.0,0.0,0.0,9.0,0.0
82,HC,1526,False,0.0,0.0,0.0,0.0,9.0,0.0
83,HC,1526,False,0.0,0.0,0.0,0.0,9.0,0.0
84,HC,1526,False,0.0,0.0,0.0,0.0,9.0,0.0
85,HC,1526,False,0.0,0.0,0.0,0.0,9.0,0.0
86,HC,1526,False,0.0,0.0,0.0,0.0,9.0,0.0
87,HC,1526,False,0.0,0.0,0.0,0.0,9.0,0.0
88,HC,1526,False,0.0,0.0,0.0,0.0,9.0,0.0
89,HC,1526,False,0.0,0.0,0.0,0.0,9.0,0.0
90,HC,1526,False,0.0,0.0,0.0,0.0,9.0,0.0
91,HC,1526,False,0.0,0.0,0.0,0.0,9.0,0.0
92,HC,1526,False,0.0,0.0,0.0,0.0,9.0,0.0
93,HC,1526,False,0.0,0.0,0.0,0.0,9.0,0.0
94,HC,1526,False,0.0,0.0,0.0,0.0,9.0,0.0
95,HC,1526,False,0.0,0.0,0.0,0.0,9.0,0.0
96,HC,1526,False,0.0,0.0,0.0,0.0,9.0,0.0
97,HC,1526,False,0.0,0.0,0.0,0.0,9.0,0.0
98,HC,1526,False,0.0,0.0,0.0,0.0,9.0,0.0
99,HC,1526,False,0.0,0.0,0.0,0.0,9.0,0.0
0,MDD,1401,False,6.0,2.0,8.0,7.0,5.0,6.0
1,MDD,1401,False,6.0,2.0,8.0,7.0,4.0,5.0
2,MDD,1401,False,6.0,2.0,8.0,7.0,5.0,6.0
3,MDD,1401,False,6.0,2.0,8.0,7.0,4.0,5.0
4,MDD,1401,False,6.0,2.0,8.0,7.0,5.0,4.0
5,MDD,1401,False,6.0,2.0,8.0,7.0,5.0,4.0
6,MDD,1401,False,6.0,2.0,8.0,7.0,5.0,6.0
7,MDD,1401,False,6.0,2.0,8.0,7.0,4.0,5.0
8,MDD,1401,False,6.0,2.0,8.0,7.0,4.0,5.0
9,MDD,1401,False,6.0,2.0,8.0,7.0,4.0,5.0
10,MDD,1401,False,6.0,2.0,8.0,7.0,4.0,5.0
11,MDD,1401,False,6.0,2.0,8.0,7.0,4.0,5.0
12,MDD,1401,False,6.0,2.0,8.0,7.0,5.0,4.0
13,MDD,1401,False,6.0,2.0,8.0,7.0,5.0,4.0
14,MDD,1401,False,6.0,2.0,8.0,7.0,4.0,5.0
15,MDD,1401,False,6.0,2.0,8.0,7.0,5.0,6.0
16,MDD,1401,False,6.0,2.0,8.0,7.0,4.0,5.0
17,MDD,1401,False,6.0,2.0,8.0,7.0,5.0,4.0
18,MDD,1401,False,6.0,2.0,8.0,7.0,4.0,5.0
19,MDD,1401,False,6.0,2.0,8.0,7.0,4.0,5.0
20,MDD,1401,False,6.0,2.0,8.0,7.0,5.0,6.0
21,MDD,1401,False,6.0,2.0,8.0,7.0,5.0,4.0
22,MDD,1401,False,6.0,2.0,8.0,7.0,4.0,5.0
23,MDD,1401,False,6.0,2.0,8.0,7.0,5.0,4.0
24,MDD,1401,False,6.0,2.0,8.0,7.0,4.0,5.0
25,MDD,1401,False,6.0,2.0,8.0,7.0,4.0,5.0
26,MDD,1401,False,6.0,2.0,8.0,7.0,4.0,5.0
27,MDD,1401,False,6.0,2.0,8.0,7.0,5.0,6.0
28,MDD,1401,False,6.0,2.0,8.0,7.0,4.0,5.0
29,MDD,1401,False,6.0,2.0,8.0,7.0,5.0,6.0
30,MDD,1401,False,6.0,2.0,8.0,7.0,4.0,5.0
31,MDD,1401,False,6.0,2.0,8.0,7.0,4.0,5.0
32,MDD,1401,False,6.0,2.0,8.0,7.0,4.0,5.0
33,MDD,1401,False,6.0,2.0,8.0,7.0,4.0,5.0
34,MDD,1401,False,6.0,2.0,8.0,7.0,4.0,5.0
35,MDD,1401,False,6.0,2.0,8.0,7.0,4.0,5.0
36,MDD,1401,False,6.0,2.0,8.0,7.0,4.0,5.0
37,MDD,1401,False,6.0,2.0,8.0,7.0,5.0,4.0
38,MDD,1401,False,6.0,2.0,8.0,7.0,4.0,5.0
39,MDD,1401,False,6.0,2.0,8.0,7.0,4.0,5.0
40,MDD,1401,False,6.0,2.0,8.0,7.0,5.0,4.0
41,MDD,1401,False,6.0,2.0,8.0,7.0,5.0,4.0
42,MDD,1401,False,6.0,2.0,8.0,7.0,4.0,5.0
43,MDD,1401,False,6.0,2.0,8.0,7.0,5.0,4.0
44,MDD,1401,False,6.0,2.0,8.0,7.0,5.0,4.0
45,MDD,1401,False,6.0,2.0,8.0,7.0,4.0,5.0
46,MDD,1401,False,6.0,2.0,8.0,7.0,4.0,5.0
47,MDD,1401,False,6.0,2.0,8.0,7.0,4.0,5.0
48,MDD,1401,False,6.0,2.0,8.0,7.0,5.0,4.0
49,MDD,1401,False,6.0,2.0,8.0,7.0,4.0,5.0
50,MDD,1401,False,6.0,2.0,8.0,7.0,5.0,6.0
51,MDD,1401,False,6.0,2.0,8.0,7.0,4.0,5.0
52,MDD,1401,False,6.0,2.0,8.0,7.0,4.0,5.0
53,MDD,1401,False,6.0,2.0,8.0,7.0,4.0,5.0
54,MDD,1401,False,6.0,2.0,8.0,7.0,4.0,5.0
55,MDD,1401,False,6.0,2.0,8.0,7.0,5.0,4.0
56,MDD,1401,False,6.0,2.0,8.0,7.0,4.0,5.0
57,MDD,1401,False,6.0,2.0,8.0,7.0,4.0,5.0
58,MDD,1401,False,6.0,2.0,8.0,7.0,5.0,6.0
59,MDD,1401,False,6.0,2.0,8.0,7.0,4.0,5.0
60,MDD,1401,False,6.0,2.0,8.0,7.0,4.0,5.0
61,MDD,1401,False,6.0,2.0,8.0,7.0,4.0,5.0
62,MDD,1401,False,6.0,2.0,8.0,7.0,4.0,5.0
63,MDD,1401,False,6.0,2.0,8.0,7.0,4.0,5.0
64,MDD,1401,False,6.0,2.0,8.0,7.0,5.0,4.0
65,MDD,1401,False,6.0,2.0,8.0,7.0,4.0,5.0
66,MDD,1401,False,6.0,2.0,8.0,7.0,4.0,5.0
67,MDD,1401,False,6.0,2.0,8.0,7.0,5.0,4.0
68,MDD,1401,False,6.0,2.0,8.0,7.0,5.0,6.0
69,MDD,1401,False,6.0,2.0,8.0,7.0,5.0,6.0
70,MDD,1401,False,6.0,2.0,8.0,7.0,4.0,5.0
71,MDD,1401,False,6.0,2.0,8.0,7.0,5.0,6.0
72,MDD,1401,False,6.0,2.0,8.0,7.0,5.0,4.0
73,MDD,1401,False,6.0,2.0,8.0,7.0,5.0,6.0
74,MDD,1401,False,6.0,2.0,8.0,7.0,5.0,4.0
75,MDD,1401,False,6.0,2.0,8.0,7.0,5.0,4.0
76,MDD,1401,False,6.0,2.0,8.0,7.0,4.0,5.0
77,MDD,1401,False,6.0,2.0,8.0,7.0,4.0,5.0
78,MDD,1401,False,6.0,2.0,8.0,7.0,4.0,5.0
79,MDD,1401,False,6.0,2.0,8.0,7.0,4.0,5.0
80,MDD,1401,False,6.0,2.0,8.0,7.0,4.0,5.0
81,MDD,1401,False,6.0,2.0,8.0,7.0,4.0,5.0
82,MDD,1401,False,6.0,2.0,8.0,7.0,5.0,4.0
83,MDD,1401,False,6.0,2.0,8.0,7.0,4.0,5.0
84,MDD,1401,False,6.0,2.0,8.0,7.0,4.0,5.0
85,MDD,1401,False,6.0,2.0,8.0,7.0,4.0,5.0
86,MDD,1401,False,6.0,2.0,8.0,7.0,4.0,5.0
87,MDD,1401,False,6.0,2.0,8.0,7.0,5.0,6.0
88,MDD,1401,False,6.0,2.0,8.0,7.0,5.0,4.0
89,MDD,1401,False,6.0,2.0,8.0,7.0,4.0,5.0
90,MDD,1401,False,6.0,2.0,8.0,7.0,5.0,4.0
91,MDD,1401,False,6.0,2.0,8.0,7.0,4.0,5.0
92,MDD,1401,False,6.0,2.0,8.0,7.0,4.0,5.0
93,MDD,1401,False,6.0,2.0,8.0,7.0,4.0,5.0
94,MDD,1401,False,6.0,2.0,8.0,7.0,4.0,5.0
95,MDD,1401,False,6.0,2.0,8.0,7.0,4.0,5.0
96,MDD,1401,False,6.0,2.0,8.0,7.0,5.0,4.0
97,MDD,1401,False,6.0,2.0,8.0,7.0,4.0,5.0
98,MDD,1401,False,6.0,2.0,8.0,7.0,4.0,5.0
99,MDD,1401,False,6.0,2.0,8.0,7.0,5.0,6.0
0,MDD,1402,False,8.0,2.0,9.0,8.0,4.0,9.0
1,MDD,1402,False,8.0,2.0,9.0,9.0,4.0,8.0
2,MDD,1402,False,8.0,2.0,9.0,8.0,4.0,7.0
3,MDD,1402,False,8.0,2.0,9.0,9.0,4.0,8.0
4,MDD,1402,False,8.0,2.0,9.0,8.0,4.0,9.0
5,MDD,1402,False,8.0,2.0,9.0,8.0,4.0,7.0
6,MDD,1402,False,8.0,2.0,9.0,8.0,4.0,7.0
7,MDD,1402,False,8.0,2.0,9.0,8.0,4.0,7.0
8,MDD,1402,False,8.0,2.0,9.0,9.0,4.0,8.0
9,MDD,1402,False,8.0,2.0,9.0,8.0,4.0,7.0
10,MDD,1402,False,8.0,2.0,9.0,8.0,4.0,7.0
11,MDD,1402,False,8.0,2.0,9.0,9.0,4.0,8.0
12,MDD,1402,False,8.0,2.0,9.0,9.0,4.0,8.0
13,MDD,1402,False,8.0,2.0,9.0,8.0,4.0,9.0
14,MDD,1402,False,8.0,2.0,9.0,9.0,4.0,8.0
15,MDD,1402,False,8.0,2.0,9.0,9.0,4.0,8.0
16,MDD,1402,False,8.0,2.0,9.0,9.0,4.0,8.0
17,MDD,1402,False,8.0,2.0,9.0,8.0,4.0,7.0
18,MDD,1402,False,8.0,2.0,8.0,9.0,4.0,8.0
19,MDD,1402,False,8.0,2.0,9.0,8.0,4.0,7.0
20,MDD,1402,False,8.0,2.0,9.0,8.0,4.0,7.0
21,MDD,1402,False,8.0,2.0,9.0,8.0,4.0,7.0
22,MDD,1402,False,8.0,2.0,9.0,8.0,4.0,7.0
23,MDD,1402,False,8.0,2.0,9.0,8.0,4.0,7.0
24,MDD,1402,False,8.0,2.0,9.0,8.0,4.0,9.0
25,MDD,1402,False,8.0,2.0,9.0,9.0,4.0,8.0
26,MDD,1402,False,8.0,2.0,9.0,8.0,4.0,7.0
27,MDD,1402,False,8.0,2.0,9.0,8.0,4.0,7.0
28,MDD,1402,False,8.0,2.0,9.0,8.0,4.0,7.0
29,MDD,1402,False,8.0,2.0,9.0,9.0,4.0,8.0
30,MDD,1402,False,8.0,2.0,9.0,9.0,4.0,8.0
31,MDD,1402,False,8.0,2.0,9.0,8.0,4.0,7.0
32,MDD,1402,False,8.0,2.0,9.0,9.0,4.0,8.0
33,MDD,1402,False,8.0,2.0,9.0,8.0,4.0,7.0
34,MDD,1402,False,8.0,2.0,9.0,9.0,4.0,8.0
35,MDD,1402,False,8.0,2.0,9.0,8.0,4.0,7.0
36,MDD,1402,False,8.0,2.0,8.0,9.0,4.0,8.0
37,MDD,1402,False,8.0,2.0,9.0,8.0,4.0,7.0
38,MDD,1402,False,8.0,2.0,9.0,8.0,4.0,7.0
39,MDD,1402,False,8.0,2.0,9.0,8.0,4.0,7.0
40,MDD,1402,False,8.0,2.0,9.0,8.0,4.0,7.0
41,MDD,1402,False,8.0,2.0,9.0,9.0,4.0,8.0
42,MDD,1402,False,8.0,2.0,8.0,9.0,4.0,8.0
43,MDD,1402,False,8.0,2.0,9.0,8.0,4.0,7.0
44,MDD,1402,False,8.0,2.0,9.0,8.0,4.0,7.0
45,MDD,1402,False,8.0,2.0,9.0,9.0,4.0,8.0
46,MDD,1402,False,8.0,2.0,9.0,8.0,4.0,7.0
47,MDD,1402,False,8.0,2.0,9.0,9.0,4.0,8.0
48,MDD,1402,False,8.0,2.0,9.0,9.0,4.0,8.0
49,MDD,1402,False,8.0,2.0,9.0,8.0,4.0,7.0
50,MDD,1402,False,8.0,2.0,9.0,9.0,4.0,8.0
51,MDD,1402,False,8.0,2.0,9.0,9.0,4.0,8.0
52,MDD,1402,False,8.0,2.0,9.0,8.0,4.0,7.0
53,MDD,1402,False,8.0,2.0,9.0,9.0,4.0,8.0
54,MDD,1402,False,8.0,2.0,9.0,9.0,4.0,8.0
55,MDD,1402,False,8.0,2.0,9.0,8.0,4.0,7.0
56,MDD,1402,False,8.0,2.0,9.0,9.0,4.0,8.0
57,MDD,1402,False,8.0,2.0,9.0,9.0,4.0,8.0
58,MDD,1402,False,8.0,2.0,9.0,9.0,4.0,8.0
59,MDD,1402,False,8.0,2.0,9.0,8.0,4.0,7.0
60,MDD,1402,False,8.0,2.0,9.0,9.0,4.0,8.0
61,MDD,1402,False,8.0,2.0,9.0,8.0,4.0,7.0
62,MDD,1402,False,8.0,2.0,9.0,9.0,4.0,8.0
63,MDD,1402,False,8.0,2.0,9.0,9.0,4.0,8.0
64,MDD,1402,False,8.0,2.0,9.0,9.0,4.0,8.0
65,MDD,1402,False,8.0,2.0,8.0,9.0,4.0,8.0
66,MDD,1402,False,8.0,2.0,9.0,9.0,4.0,8.0
67,MDD,1402,False,8.0,2.0,9.0,8.0,4.0,7.0
68,MDD,1402,False,8.0,2.0,8.0,9.0,4.0,8.0
69,MDD,1402,False,8.0,2.0,9.0,8.0,4.0,7.0
70,MDD,1402,False,8.0,2.0,9.0,8.0,4.0,7.0
71,MDD,1402,False,8.0,2.0,9.0,8.0,4.0,7.0
72,MDD,1402,False,8.0,2.0,9.0,9.0,4.0,8.0
73,MDD,1402,False,8.0,2.0,9.0,9.0,4.0,8.0
74,MDD,1402,False,8.0,2.0,9.0,8.0,4.0,7.0
75,MDD,1402,False,8.0,2.0,9.0,8.0,4.0,7.0
76,MDD,1402,False,8.0,2.0,9.0,9.0,4.0,8.0
77,MDD,1402,False,8.0,2.0,9.0,9.0,4.0,8.0
78,MDD,1402,False,8.0,2.0,9.0,9.0,4.0,8.0
79,MDD,1402,False,8.0,2.0,9.0,9.0,4.0,8.0
80,MDD,1402,False,8.0,2.0,9.0,9.0,4.0,8.0
81,MDD,1402,False,8.0,2.0,9.0,8.0,4.0,7.0
82,MDD,1402,False,8.0,2.0,9.0,8.0,4.0,9.0
83,MDD,1402,False,8.0,2.0,9.0,8.0,4.0,7.0
84,MDD,1402,False,8.0,2.0,9.0,8.0,4.0,7.0
85,MDD,1402,False,8.0,2.0,9.0,9.0,4.0,8.0
86,MDD,1402,False,8.0,2.0,9.0,9.0,4.0,8.0
87,MDD,1402,False,8.0,2.0,9.0,9.0,4.0,8.0
88,MDD,1402,False,8.0,2.0,9.0,9.0,4.0,8.0
89,MDD,1402,False,8.0,2.0,9.0,8.0,4.0,7.0
90,MDD,1402,False,8.0,2.0,9.0,8.0,4.0,9.0
91,MDD,1402,False,8.0,2.0,9.0,8.0,4.0,7.0
92,MDD,1402,False,8.0,2.0,9.0,8.0,4.0,7.0
93,MDD,1402,False,8.0,2.0,9.0,9.0,4.0,8.0
94,MDD,1402,False,8.0,2.0,9.0,8.0,4.0,7.0
95,MDD,1402,False,8.0,2.0,9.0,9.0,4.0,8.0
96,MDD,1402,False,8.0,2.0,9.0,9.0,4.0,8.0
97,MDD,1402,False,8.0,2.0,9.0,8.0,4.0,7.0
98,MDD,1402,False,8.0,2.0,9.0,8.0,4.0,9.0
99,MDD,1402,False,8.0,2.0,9.0,8.0,4.0,9.0
0,MDD,1403,False,8.0,2.0,9.0,8.0,4.0,6.0
1,MDD,1403,False,8.0,2.0,9.0,8.0,4.0,7.0
2,MDD,1403,False,8.0,2.0,9.0,8.0,4.0,6.0
3,MDD,1403,False,8.0,2.0,9.0,8.0,4.0,6.0
4,MDD,1403,False,8.0,2.0,9.0,8.0,4.0,7.0
5,MDD,1403,False,7.0,2.0,8.0,8.0,4.0,6.0
6,MDD,1403,False,7.0,2.0,8.0,8.0,4.0,6.0
7,MDD,1403,False,7.0,2.0,8.0,8.0,4.0,6.0
8,MDD,1403,False,8.0,2.0,9.0,8.0,4.0,6.0
9,MDD,1403,False,6.0,2.0,8.0,7.0,4.0,6.0
10,MDD,1403,False,8.0,2.0,9.0,8.0,4.0,6.0
11,MDD,1403,False,8.0,2.0,9.0,8.0,4.0,6.0
12,MDD,1403,False,7.0,0.0,7.0,8.0,4.0,6.0
13,MDD,1403,False,8.0,2.0,9.0,8.0,4.0,6.0
14,MDD,1403,False,8.0,2.0,9.0,8.0,4.0,7.0
15,MDD,1403,False,7.0,0.0,9.0,8.0,4.0,6.0
16,MDD,1403,False,7.0,0.0,9.0,8.0,4.0,6.0
17,MDD,1403,False,6.0,2.0,8.0,7.0,4.0,5.0
18,MDD,1403,False,8.0,2.0,9.0,8.0,4.0,7.0
19,MDD,1403,False,8.0,2.0,9.0,8.0,4.0,7.0
20,MDD,1403,False,7.0,2.0,9.0,8.0,4.0,6.0
21,MDD,1403,False,7.0,2.0,8.0,8.0,4.0,6.0
22,MDD,1403,False,7.0,2.0,8.0,8.0,4.0,6.0
23,MDD,1403,False,8.0,2.0,9.0,8.0,4.0,7.0
24,MDD,1403,False,8.0,2.0,9.0,8.0,4.0,7.0
25,MDD,1403,False,8.0,2.0,9.0,8.0,4.0,7.0
26,MDD,1403,False,6.0,2.0,8.0,7.0,4.0,5.0
27,MDD,1403,False,8.0,2.0,9.0,8.0,4.0,7.0
28,MDD,1403,False,8.0,2.0,9.0,8.0,4.0,7.0
29,MDD,1403,False,8.0,2.0,9.0,8.0,4.0,7.0
30,MDD,1403,False,6.0,2.0,8.0,8.0,4.0,6.0
31,MDD,1403,False,8.0,2.0,9.0,8.0,4.0,7.0
32,MDD,1403,False,8.0,2.0,9.0,8.0,4.0,7.0
33,MDD,1403,False,8.0,2.0,9.0,8.0,4.0,6.0
34,MDD,1403,False,8.0,2.0,9.0,8.0,4.0,7.0
35,MDD,1403,False,6.0,2.0,8.0,7.0,4.0,5.0
36,MDD,1403,False,7.0,2.0,8.0,8.0,4.0,6.0
37,MDD,1403,False,6.0,2.0,8.0,7.0,4.0,5.0
38,MDD,1403,False,8.0,2.0,9.0,8.0,4.0,7.0
39,MDD,1403,False,7.0,2.0,8.0,8.0,4.0,6.0
40,MDD,1403,False,8.0,2.0,9.0,8.0,4.0,7.0
41,MDD,1403,False,8.0,2.0,9.0,8.0,4.0,7.0
42,MDD,1403,False,8.0,2.0,9.0,8.0,4.0,6.0
43,MDD,1403,False,8.0,2.0,9.0,8.0,4.0,7.0
44,MDD,1403,False,8.0,2.0,9.0,8.0,4.0,7.0
45,MDD,1403,False,8.0,2.0,9.0,8.0,4.0,6.0
46,MDD,1403,False,8.0,2.0,9.0,8.0,4.0,7.0
47,MDD,1403,False,6.0,2.0,8.0,7.0,4.0,5.0
48,MDD,1403,False,8.0,2.0,9.0,8.0,4.0,7.0
49,MDD,1403,False,8.0,2.0,9.0,8.0,4.0,7.0
50,MDD,1403,False,8.0,0.0,8.0,7.0,4.0,6.0
51,MDD,1403,False,6.0,2.0,8.0,8.0,4.0,7.0
52,MDD,1403,False,8.0,2.0,9.0,8.0,4.0,7.0
53,MDD,1403,False,7.0,2.0,8.0,8.0,4.0,6.0
54,MDD,1403,False,8.0,2.0,9.0,8.0,4.0,6.0
55,MDD,1403,False,6.0,2.0,8.0,7.0,4.0,5.0
56,MDD,1403,False,8.0,2.0,9.0,8.0,4.0,7.0
57,MDD,1403,False,8.0,2.0,9.0,8.0,4.0,6.0
58,MDD,1403,False,8.0,2.0,9.0,8.0,4.0,7.0
59,MDD,1403,False,8.0,2.0,9.0,8.0,4.0,7.0
60,MDD,1403,False,6.0,2.0,8.0,8.0,4.0,7.0
61,MDD,1403,False,6.0,0.0,8.0,7.0,4.0,6.0
62,MDD,1403,False,6.0,2.0,8.0,8.0,4.0,7.0
63,MDD,1403,False,8.0,2.0,9.0,8.0,4.0,7.0
64,MDD,1403,False,8.0,0.0,8.0,7.0,4.0,6.0
65,MDD,1403,False,7.0,2.0,8.0,8.0,4.0,6.0
66,MDD,1403,False,8.0,0.0,9.0,8.0,4.0,7.0
67,MDD,1403,False,8.0,2.0,9.0,8.0,4.0,7.0
68,MDD,1403,False,8.0,2.0,9.0,8.0,4.0,7.0
69,MDD,1403,False,6.0,2.0,8.0,7.0,4.0,5.0
70,MDD,1403,False,8.0,2.0,9.0,8.0,4.0,6.0
71,MDD,1403,False,8.0,2.0,9.0,8.0,4.0,7.0
72,MDD,1403,False,6.0,2.0,8.0,8.0,4.0,7.0
73,MDD,1403,False,8.0,2.0,9.0,8.0,4.0,6.0
74,MDD,1403,False,8.0,2.0,9.0,8.0,4.0,7.0
75,MDD,1403,False,8.0,2.0,9.0,8.0,4.0,7.0
76,MDD,1403,False,6.0,0.0,8.0,7.0,4.0,5.0
77,MDD,1403,False,8.0,2.0,9.0,8.0,4.0,7.0
78,MDD,1403,False,6.0,2.0,8.0,7.0,4.0,5.0
79,MDD,1403,False,8.0,2.0,9.0,8.0,4.0,7.0
80,MDD,1403,False,8.0,2.0,9.0,8.0,4.0,7.0
81,MDD,1403,False,7.0,2.0,9.0,8.0,4.0,6.0
82,MDD,1403,False,8.0,2.0,9.0,8.0,4.0,7.0
83,MDD,1403,False,8.0,2.0,9.0,8.0,4.0,7.0
84,MDD,1403,False,8.0,2.0,9.0,8.0,4.0,7.0
85,MDD,1403,False,8.0,0.0,8.0,7.0,4.0,6.0
86,MDD,1403,False,8.0,2.0,9.0,8.0,4.0,7.0
87,MDD,1403,False,8.0,2.0,9.0,8.0,4.0,7.0
88,MDD,1403,False,6.0,2.0,8.0,7.0,4.0,5.0
89,MDD,1403,False,8.0,2.0,9.0,8.0,4.0,6.0
90,MDD,1403,False,8.0,2.0,9.0,8.0,4.0,7.0
91,MDD,1403,False,8.0,2.0,9.0,8.0,4.0,7.0
92,MDD,1403,False,8.0,0.0,8.0,8.0,4.0,6.0
93,MDD,1403,False,8.0,2.0,9.0,8.0,4.0,7.0
94,MDD,1403,False,8.0,2.0,9.0,8.0,4.0,7.0
95,MDD,1403,False,8.0,2.0,9.0,8.0,4.0,7.0
96,MDD,1403,False,8.0,2.0,9.0,8.0,4.0,6.0
97,MDD,1403,False,8.0,2.0,9.0,8.0,4.0,6.0
98,MDD,1403,False,7.0,2.0,8.0,8.0,4.0,6.0
99,MDD,1403,False,8.0,2.0,9.0,8.0,4.0,6.0
0,MDD,1404,False,8.0,2.0,9.0,8.0,6.0,7.0
1,MDD,1404,False,6.0,2.0,8.0,8.0,6.0,4.0
2,MDD,1404,False,6.0,2.0,8.0,7.0,5.0,4.0
3,MDD,1404,False,8.0,2.0,9.0,8.0,6.0,7.0
4,MDD,1404,False,7.0,2.0,8.0,8.0,6.0,4.0
5,MDD,1404,False,7.0,2.0,8.0,8.0,6.0,6.0
6,MDD,1404,False,6.0,2.0,8.0,7.0,5.0,4.0
7,MDD,1404,False,6.0,2.0,8.0,8.0,6.0,4.0
8,MDD,1404,False,7.0,2.0,8.0,8.0,6.0,5.0
9,MDD,1404,False,6.0,2.0,8.0,7.0,4.0,5.0
10,MDD,1404,False,6.0,2.0,8.0,7.0,5.0,4.0
11,MDD,1404,False,8.0,2.0,9.0,8.0,6.0,4.0
12,MDD,1404,False,7.0,2.0,8.0,8.0,6.0,6.0
13,MDD,1404,False,6.0,2.0,8.0,7.0,5.0,4.0
14,MDD,1404,False,7.0,2.0,8.0,8.0,6.0,6.0
15,MDD,1404,False,6.0,2.0,8.0,7.0,5.0,4.0
16,MDD,1404,False,6.0,2.0,8.0,7.0,5.0,4.0
17,MDD,1404,False,8.0,2.0,9.0,8.0,6.0,7.0
18,MDD,1404,False,6.0,2.0,8.0,8.0,6.0,4.0
19,MDD,1404,False,6.0,2.0,8.0,7.0,5.0,4.0
20,MDD,1404,False,6.0,2.0,8.0,7.0,5.0,4.0
21,MDD,1404,False,8.0,2.0,9.0,8.0,6.0,7.0
22,MDD,1404,False,6.0,2.0,8.0,7.0,5.0,4.0
23,MDD,1404,False,6.0,2.0,8.0,7.0,5.0,4.0
24,MDD,1404,False,8.0,2.0,9.0,8.0,6.0,7.0
25,MDD,1404,False,6.0,2.0,8.0,7.0,4.0,5.0
26,MDD,1404,False,6.0,2.0,8.0,8.0,4.0,6.0
27,MDD,1404,False,6.0,2.0,8.0,7.0,5.0,4.0
28,MDD,1404,False,6.0,2.0,8.0,7.0,5.0,4.0
29,MDD,1404,False,8.0,2.0,9.0,8.0,6.0,7.0
30,MDD,1404,False,6.0,2.0,8.0,7.0,5.0,4.0
31,MDD,1404,False,6.0,2.0,8.0,7.0,5.0,4.0
32,MDD,1404,False,6.0,2.0,8.0,7.0,5.0,4.0
33,MDD,1404,False,7.0,2.0,8.0,8.0,6.0,5.0
34,MDD,1404,False,7.0,2.0,8.0,8.0,6.0,4.0
35,MDD,1404,False,7.0,2.0,8.0,8.0,6.0,4.0
36,MDD,1404,False,6.0,2.0,8.0,8.0,5.0,6.0
37,MDD,1404,False,6.0,2.0,8.0,7.0,5.0,4.0
38,MDD,1404,False,7.0,2.0,8.0,8.0,6.0,5.0
39,MDD,1404,False,8.0,2.0,9.0,8.0,6.0,7.0
40,MDD,1404,False,6.0,2.0,8.0,7.0,5.0,4.0
41,MDD,1404,False,6.0,2.0,8.0,8.0,4.0,5.0
42,MDD,1404,False,8.0,2.0,9.0,8.0,6.0,7.0
43,MDD,1404,False,6.0,2.0,8.0,8.0,4.0,6.0
44,MDD,1404,False,7.0,2.0,8.0,8.0,6.0,4.0
45,MDD,1404,False,6.0,2.0,8.0,8.0,6.0,4.0
46,MDD,1404,False,8.0,2.0,9.0,8.0,6.0,7.0
47,MDD,1404,False,6.0,2.0,8.0,7.0,5.0,4.0
48,MDD,1404,False,8.0,2.0,9.0,8.0,6.0,7.0
49,MDD,1404,False,8.0,2.0,9.0,8.0,6.0,4.0
50,MDD,1404,False,6.0,2.0,8.0,7.0,5.0,4.0
51,MDD,1404,False,6.0,2.0,8.0,7.0,5.0,4.0
52,MDD,1404,False,8.0,2.0,9.0,8.0,6.0,7.0
53,MDD,1404,False,8.0,2.0,9.0,8.0,6.0,7.0
54,MDD,1404,False,6.0,2.0,8.0,7.0,5.0,4.0
55,MDD,1404,False,7.0,2.0,8.0,8.0,6.0,6.0
56,MDD,1404,False,6.0,2.0,8.0,7.0,5.0,4.0
57,MDD,1404,False,6.0,2.0,8.0,8.0,6.0,4.0
58,MDD,1404,False,8.0,2.0,9.0,8.0,6.0,7.0
59,MDD,1404,False,6.0,2.0,8.0,7.0,5.0,4.0
60,MDD,1404,False,6.0,2.0,8.0,7.0,5.0,4.0
61,MDD,1404,False,6.0,2.0,8.0,7.0,5.0,4.0
62,MDD,1404,False,7.0,2.0,8.0,8.0,6.0,6.0
63,MDD,1404,False,8.0,2.0,9.0,8.0,6.0,5.0
64,MDD,1404,False,7.0,2.0,8.0,8.0,6.0,5.0
65,MDD,1404,False,6.0,2.0,8.0,7.0,5.0,4.0
66,MDD,1404,False,6.0,2.0,8.0,7.0,4.0,5.0
67,MDD,1404,False,7.0,2.0,8.0,8.0,6.0,5.0
68,MDD,1404,False,6.0,2.0,8.0,7.0,4.0,5.0
69,MDD,1404,False,8.0,2.0,9.0,8.0,6.0,7.0
70,MDD,1404,False,6.0,2.0,8.0,7.0,5.0,4.0
71,MDD,1404,False,8.0,2.0,9.0,8.0,6.0,7.0
72,MDD,1404,False,8.0,2.0,9.0,8.0,6.0,7.0
73,MDD,1404,False,6.0,2.0,8.0,7.0,5.0,4.0
74,MDD,1404,False,8.0,2.0,9.0,8.0,6.0,7.0
75,MDD,1404,False,8.0,2.0,9.0,8.0,6.0,7.0
76,MDD,1404,False,6.0,2.0,8.0,7.0,5.0,4.0
77,MDD,1404,False,7.0,2.0,8.0,8.0,6.0,5.0
78,MDD,1404,False,8.0,2.0,9.0,8.0,6.0,7.0
79,MDD,1404,False,8.0,2.0,9.0,8.0,6.0,7.0
80,MDD,1404,False,6.0,2.0,8.0,7.0,5.0,4.0
81,MDD,1404,False,7.0,2.0,8.0,8.0,6.0,4.0
82,MDD,1404,False,6.0,2.0,8.0,8.0,6.0,4.0
83,MDD,1404,False,7.0,2.0,8.0,8.0,6.0,5.0
84,MDD,1404,False,6.0,2.0,8.0,8.0,6.0,4.0
85,MDD,1404,False,6.0,2.0,8.0,8.0,4.0,5.0
86,MDD,1404,False,6.0,2.0,8.0,7.0,5.0,4.0
87,MDD,1404,False,6.0,2.0,8.0,8.0,6.0,4.0
88,MDD,1404,False,6.0,2.0,8.0,8.0,6.0,4.0
89,MDD,1404,False,6.0,2.0,8.0,7.0,5.0,4.0
90,MDD,1404,False,6.0,2.0,8.0,7.0,5.0,4.0
91,MDD,1404,False,6.0,2.0,8.0,7.0,5.0,4.0
92,MDD,1404,False,8.0,2.0,9.0,8.0,6.0,7.0
93,MDD,1404,False,8.0,2.0,9.0,8.0,6.0,7.0
94,MDD,1404,False,7.0,2.0,8.0,8.0,6.0,5.0
95,MDD,1404,False,6.0,2.0,8.0,7.0,5.0,4.0
96,MDD,1404,False,6.0,2.0,8.0,8.0,4.0,5.0
97,MDD,1404,False,8.0,2.0,9.0,8.0,6.0,7.0
98,MDD,1404,False,6.0,2.0,8.0,7.0,5.0,4.0
99,MDD,1404,False,6.0,2.0,8.0,7.0,5.0,4.0
0,MDD,1405,False,6.0,2.0,8.0,7.0,5.0,4.0
1,MDD,1405,False,6.0,2.0,8.0,7.0,5.0,4.0
2,MDD,1405,False,6.0,2.0,8.0,7.0,5.0,4.0
3,MDD,1405,False,6.0,2.0,8.0,7.0,5.0,4.0
4,MDD,1405,False,6.0,2.0,8.0,7.0,5.0,4.0
5,MDD,1405,False,6.0,2.0,8.0,7.0,5.0,4.0
6,MDD,1405,False,6.0,2.0,8.0,7.0,5.0,4.0
7,MDD,1405,False,6.0,2.0,8.0,7.0,5.0,4.0
8,MDD,1405,False,6.0,2.0,8.0,7.0,5.0,4.0
9,MDD,1405,False,6.0,2.0,8.0,7.0,5.0,4.0
10,MDD,1405,False,6.0,2.0,8.0,7.0,5.0,4.0
11,MDD,1405,False,6.0,2.0,8.0,7.0,5.0,4.0
12,MDD,1405,False,6.0,2.0,8.0,7.0,5.0,4.0
13,MDD,1405,False,6.0,2.0,8.0,7.0,5.0,4.0
14,MDD,1405,False,6.0,2.0,8.0,7.0,5.0,4.0
15,MDD,1405,False,6.0,2.0,8.0,7.0,5.0,4.0
16,MDD,1405,False,6.0,2.0,8.0,7.0,5.0,4.0
17,MDD,1405,False,6.0,2.0,8.0,7.0,5.0,4.0
18,MDD,1405,False,6.0,2.0,8.0,7.0,5.0,4.0
19,MDD,1405,False,6.0,2.0,8.0,7.0,5.0,4.0
20,MDD,1405,False,6.0,2.0,8.0,7.0,5.0,4.0
21,MDD,1405,False,6.0,2.0,8.0,7.0,5.0,4.0
22,MDD,1405,False,6.0,2.0,8.0,7.0,5.0,4.0
23,MDD,1405,False,6.0,2.0,8.0,7.0,5.0,4.0
24,MDD,1405,False,6.0,2.0,8.0,7.0,5.0,4.0
25,MDD,1405,False,6.0,2.0,8.0,7.0,5.0,4.0
26,MDD,1405,False,6.0,2.0,8.0,7.0,5.0,4.0
27,MDD,1405,False,6.0,2.0,8.0,7.0,5.0,4.0
28,MDD,1405,False,6.0,2.0,8.0,7.0,5.0,4.0
29,MDD,1405,False,6.0,2.0,8.0,7.0,5.0,4.0
30,MDD,1405,False,6.0,2.0,8.0,7.0,5.0,4.0
31,MDD,1405,False,6.0,2.0,8.0,7.0,6.0,4.0
32,MDD,1405,False,6.0,2.0,8.0,7.0,5.0,4.0
33,MDD,1405,False,6.0,2.0,8.0,7.0,5.0,4.0
34,MDD,1405,False,6.0,2.0,8.0,7.0,5.0,4.0
35,MDD,1405,False,6.0,2.0,8.0,7.0,5.0,4.0
36,MDD,1405,False,6.0,2.0,8.0,7.0,5.0,4.0
37,MDD,1405,False,6.0,2.0,8.0,7.0,5.0,4.0
38,MDD,1405,False,6.0,2.0,8.0,7.0,5.0,4.0
39,MDD,1405,False,6.0,2.0,8.0,7.0,5.0,4.0
40,MDD,1405,False,6.0,2.0,8.0,7.0,5.0,4.0
41,MDD,1405,False,6.0,2.0,8.0,7.0,5.0,4.0
42,MDD,1405,False,6.0,2.0,8.0,7.0,5.0,4.0
43,MDD,1405,False,6.0,2.0,8.0,7.0,5.0,4.0
44,MDD,1405,False,6.0,2.0,8.0,7.0,5.0,4.0
45,MDD,1405,False,6.0,2.0,8.0,7.0,5.0,4.0
46,MDD,1405,False,6.0,2.0,8.0,7.0,5.0,4.0
47,MDD,1405,False,6.0,2.0,8.0,7.0,5.0,4.0
48,MDD,1405,False,6.0,2.0,8.0,7.0,5.0,4.0
49,MDD,1405,False,6.0,2.0,8.0,7.0,5.0,4.0
50,MDD,1405,False,6.0,2.0,8.0,7.0,5.0,4.0
51,MDD,1405,False,6.0,2.0,8.0,7.0,5.0,4.0
52,MDD,1405,False,6.0,2.0,8.0,7.0,5.0,4.0
53,MDD,1405,False,6.0,2.0,8.0,7.0,5.0,4.0
54,MDD,1405,False,6.0,2.0,8.0,7.0,5.0,4.0
55,MDD,1405,False,6.0,2.0,8.0,7.0,5.0,4.0
56,MDD,1405,False,6.0,2.0,8.0,7.0,5.0,4.0
57,MDD,1405,False,6.0,2.0,8.0,7.0,5.0,4.0
58,MDD,1405,False,6.0,2.0,8.0,7.0,5.0,4.0
59,MDD,1405,False,6.0,2.0,8.0,7.0,5.0,4.0
60,MDD,1405,False,6.0,2.0,8.0,7.0,5.0,4.0
61,MDD,1405,False,6.0,2.0,8.0,7.0,5.0,4.0
62,MDD,1405,False,6.0,2.0,8.0,7.0,5.0,4.0
63,MDD,1405,False,6.0,2.0,8.0,7.0,5.0,4.0
64,MDD,1405,False,6.0,2.0,8.0,7.0,5.0,4.0
65,MDD,1405,False,6.0,2.0,8.0,7.0,5.0,4.0
66,MDD,1405,False,6.0,2.0,8.0,7.0,5.0,4.0
67,MDD,1405,False,6.0,2.0,8.0,7.0,5.0,4.0
68,MDD,1405,False,6.0,2.0,8.0,7.0,6.0,5.0
69,MDD,1405,False,6.0,2.0,8.0,7.0,5.0,4.0
70,MDD,1405,False,6.0,2.0,8.0,7.0,5.0,4.0
71,MDD,1405,False,6.0,2.0,8.0,7.0,5.0,4.0
72,MDD,1405,False,6.0,2.0,8.0,7.0,5.0,4.0
73,MDD,1405,False,6.0,2.0,8.0,7.0,5.0,4.0
74,MDD,1405,False,6.0,2.0,8.0,7.0,5.0,4.0
75,MDD,1405,False,6.0,2.0,8.0,7.0,5.0,4.0
76,MDD,1405,False,6.0,2.0,8.0,7.0,5.0,4.0
77,MDD,1405,False,6.0,2.0,8.0,7.0,5.0,4.0
78,MDD,1405,False,6.0,2.0,8.0,7.0,5.0,4.0
79,MDD,1405,False,6.0,2.0,8.0,7.0,5.0,4.0
80,MDD,1405,False,6.0,2.0,8.0,7.0,5.0,4.0
81,MDD,1405,False,6.0,2.0,8.0,7.0,5.0,4.0
82,MDD,1405,False,6.0,2.0,8.0,7.0,5.0,4.0
83,MDD,1405,False,6.0,2.0,8.0,7.0,5.0,4.0
84,MDD,1405,False,6.0,2.0,8.0,7.0,5.0,4.0
85,MDD,1405,False,6.0,2.0,8.0,7.0,5.0,4.0
86,MDD,1405,False,6.0,2.0,8.0,7.0,5.0,4.0
87,MDD,1405,False,6.0,2.0,8.0,7.0,5.0,4.0
88,MDD,1405,False,6.0,2.0,8.0,7.0,5.0,4.0
89,MDD,1405,False,6.0,2.0,8.0,7.0,5.0,4.0
90,MDD,1405,False,6.0,2.0,8.0,7.0,5.0,4.0
91,MDD,1405,False,6.0,2.0,8.0,7.0,5.0,4.0
92,MDD,1405,False,6.0,2.0,8.0,7.0,5.0,4.0
93,MDD,1405,False,6.0,2.0,8.0,7.0,5.0,4.0
94,MDD,1405,False,6.0,2.0,8.0,7.0,5.0,4.0
95,MDD,1405,False,6.0,2.0,8.0,7.0,5.0,4.0
96,MDD,1405,False,6.0,2.0,8.0,7.0,5.0,4.0
97,MDD,1405,False,6.0,2.0,8.0,7.0,6.0,5.0
98,MDD,1405,False,6.0,2.0,8.0,7.0,5.0,4.0
99,MDD,1405,False,6.0,2.0,8.0,7.0,5.0,4.0
0,MDD,1406,False,8.0,2.0,9.0,9.0,2.0,9.0
1,MDD,1406,False,8.0,2.0,8.0,9.0,3.0,9.0
2,MDD,1406,False,8.0,2.0,9.0,9.0,3.0,9.0
3,MDD,1406,False,8.0,2.0,9.0,9.0,2.0,9.0
4,MDD,1406,False,8.0,2.0,9.0,9.0,3.0,9.0
5,MDD,1406,False,8.0,2.0,9.0,9.0,3.0,9.0
6,MDD,1406,False,8.0,2.0,9.0,9.0,2.0,9.0
7,MDD,1406,False,8.0,2.0,9.0,9.0,3.0,9.0
8,MDD,1406,False,8.0,0.0,8.0,9.0,2.0,9.0
9,MDD,1406,False,8.0,2.0,9.0,9.0,2.0,9.0
10,MDD,1406,False,8.0,0.0,8.0,9.0,2.0,9.0
11,MDD,1406,False,8.0,2.0,9.0,9.0,2.0,9.0
12,MDD,1406,False,8.0,2.0,9.0,9.0,2.0,9.0
13,MDD,1406,False,8.0,2.0,8.0,9.0,2.0,9.0
14,MDD,1406,False,8.0,2.0,8.0,9.0,2.0,9.0
15,MDD,1406,False,8.0,2.0,9.0,9.0,3.0,9.0
16,MDD,1406,False,8.0,2.0,9.0,9.0,2.0,9.0
17,MDD,1406,False,8.0,2.0,9.0,9.0,2.0,9.0
18,MDD,1406,False,8.0,2.0,9.0,9.0,2.0,9.0
19,MDD,1406,False,8.0,2.0,9.0,9.0,2.0,9.0
20,MDD,1406,False,8.0,2.0,9.0,9.0,2.0,9.0
21,MDD,1406,False,8.0,2.0,9.0,9.0,3.0,9.0
22,MDD,1406,False,8.0,2.0,9.0,9.0,2.0,9.0
23,MDD,1406,False,8.0,2.0,9.0,9.0,3.0,9.0
24,MDD,1406,False,8.0,2.0,9.0,9.0,2.0,9.0
25,MDD,1406,False,8.0,2.0,8.0,9.0,3.0,9.0
26,MDD,1406,False,8.0,2.0,9.0,9.0,2.0,9.0
27,MDD,1406,False,8.0,2.0,9.0,9.0,3.0,9.0
28,MDD,1406,False,8.0,2.0,9.0,9.0,2.0,9.0
29,MDD,1406,False,8.0,2.0,9.0,9.0,2.0,9.0
30,MDD,1406,False,8.0,2.0,9.0,9.0,2.0,9.0
31,MDD,1406,False,8.0,2.0,9.0,9.0,2.0,9.0
32,MDD,1406,False,8.0,2.0,8.0,9.0,3.0,9.0
33,MDD,1406,False,8.0,0.0,8.0,9.0,2.0,9.0
34,MDD,1406,False,8.0,2.0,9.0,9.0,2.0,9.0
35,MDD,1406,False,8.0,2.0,8.0,9.0,2.0,9.0
36,MDD,1406,False,8.0,2.0,9.0,9.0,2.0,9.0
37,MDD,1406,False,8.0,2.0,9.0,9.0,2.0,9.0
38,MDD,1406,False,8.0,0.0,8.0,9.0,2.0,9.0
39,MDD,1406,False,8.0,2.0,9.0,9.0,3.0,9.0
40,MDD,1406,False,8.0,2.0,8.0,9.0,2.0,9.0
41,MDD,1406,False,8.0,2.0,8.0,9.0,2.0,9.0
42,MDD,1406,False,8.0,2.0,9.0,9.0,2.0,9.0
43,MDD,1406,False,8.0,2.0,9.0,9.0,3.0,9.0
44,MDD,1406,False,8.0,2.0,9.0,9.0,2.0,9.0
45,MDD,1406,False,8.0,0.0,8.0,9.0,2.0,9.0
46,MDD,1406,False,8.0,0.0,8.0,9.0,2.0,9.0
47,MDD,1406,False,8.0,0.0,8.0,9.0,2.0,9.0
48,MDD,1406,False,8.0,2.0,9.0,9.0,3.0,9.0
49,MDD,1406,False,8.0,2.0,9.0,9.0,2.0,9.0
50,MDD,1406,False,8.0,0.0,8.0,9.0,2.0,9.0
51,MDD,1406,False,8.0,2.0,9.0,9.0,2.0,9.0
52,MDD,1406,False,8.0,0.0,8.0,9.0,2.0,9.0
53,MDD,1406,False,8.0,2.0,9.0,9.0,3.0,9.0
54,MDD,1406,False,8.0,2.0,9.0,9.0,2.0,9.0
55,MDD,1406,False,8.0,2.0,9.0,9.0,2.0,9.0
56,MDD,1406,False,8.0,2.0,8.0,9.0,2.0,9.0
57,MDD,1406,False,8.0,2.0,9.0,9.0,2.0,9.0
58,MDD,1406,False,8.0,2.0,8.0,9.0,2.0,9.0
59,MDD,1406,False,8.0,2.0,9.0,9.0,2.0,9.0
60,MDD,1406,False,8.0,2.0,9.0,9.0,3.0,9.0
61,MDD,1406,False,8.0,0.0,8.0,9.0,2.0,9.0
62,MDD,1406,False,8.0,2.0,9.0,9.0,3.0,9.0
63,MDD,1406,False,8.0,0.0,8.0,9.0,2.0,9.0
64,MDD,1406,False,8.0,2.0,8.0,9.0,2.0,9.0
65,MDD,1406,False,8.0,2.0,8.0,9.0,2.0,9.0
66,MDD,1406,False,8.0,2.0,9.0,9.0,2.0,9.0
67,MDD,1406,False,8.0,2.0,9.0,9.0,3.0,9.0
68,MDD,1406,False,8.0,2.0,9.0,9.0,2.0,9.0
69,MDD,1406,False,8.0,2.0,9.0,9.0,2.0,9.0
70,MDD,1406,False,8.0,2.0,9.0,9.0,2.0,9.0
71,MDD,1406,False,8.0,2.0,9.0,9.0,3.0,9.0
72,MDD,1406,False,8.0,2.0,9.0,9.0,2.0,9.0
73,MDD,1406,False,8.0,2.0,9.0,9.0,2.0,9.0
74,MDD,1406,False,8.0,2.0,9.0,9.0,2.0,9.0
75,MDD,1406,False,8.0,2.0,8.0,9.0,2.0,9.0
76,MDD,1406,False,8.0,2.0,8.0,9.0,2.0,9.0
77,MDD,1406,False,8.0,2.0,9.0,9.0,2.0,9.0
78,MDD,1406,False,8.0,2.0,9.0,9.0,3.0,9.0
79,MDD,1406,False,8.0,2.0,9.0,9.0,2.0,9.0
80,MDD,1406,False,8.0,2.0,9.0,9.0,2.0,9.0
81,MDD,1406,False,8.0,2.0,9.0,9.0,2.0,9.0
82,MDD,1406,False,8.0,2.0,9.0,9.0,3.0,9.0
83,MDD,1406,False,8.0,2.0,9.0,9.0,3.0,9.0
84,MDD,1406,False,8.0,2.0,9.0,9.0,2.0,9.0
85,MDD,1406,False,8.0,2.0,9.0,9.0,2.0,9.0
86,MDD,1406,False,8.0,2.0,8.0,9.0,3.0,9.0
87,MDD,1406,False,8.0,2.0,9.0,9.0,2.0,9.0
88,MDD,1406,False,8.0,2.0,9.0,9.0,3.0,9.0
89,MDD,1406,False,8.0,2.0,9.0,9.0,2.0,9.0
90,MDD,1406,False,8.0,2.0,9.0,9.0,2.0,9.0
91,MDD,1406,False,8.0,2.0,9.0,9.0,2.0,9.0
92,MDD,1406,False,8.0,2.0,9.0,9.0,3.0,9.0
93,MDD,1406,False,8.0,2.0,9.0,9.0,2.0,9.0
94,MDD,1406,False,8.0,2.0,9.0,9.0,2.0,9.0
95,MDD,1406,False,8.0,2.0,8.0,9.0,2.0,9.0
96,MDD,1406,False,8.0,2.0,9.0,9.0,2.0,9.0
97,MDD,1406,False,8.0,2.0,9.0,9.0,3.0,9.0
98,MDD,1406,False,8.0,2.0,8.0,9.0,2.0,9.0
99,MDD,1406,False,8.0,0.0,8.0,9.0,2.0,9.0
0,MDD,1407,False,6.0,2.0,8.0,7.0,5.0,4.0
1,MDD,1407,False,6.0,2.0,8.0,7.0,5.0,6.0
2,MDD,1407,False,6.0,2.0,8.0,7.0,5.0,6.0
3,MDD,1407,False,6.0,2.0,8.0,7.0,5.0,6.0
4,MDD,1407,False,6.0,2.0,8.0,7.0,4.0,5.0
5,MDD,1407,False,6.0,2.0,8.0,7.0,5.0,6.0
6,MDD,1407,False,6.0,2.0,8.0,7.0,5.0,6.0
7,MDD,1407,False,6.0,2.0,8.0,7.0,5.0,4.0
8,MDD,1407,False,6.0,2.0,8.0,7.0,5.0,4.0
9,MDD,1407,False,6.0,2.0,8.0,7.0,5.0,6.0
10,MDD,1407,False,6.0,2.0,8.0,7.0,5.0,6.0
11,MDD,1407,False,6.0,2.0,8.0,7.0,5.0,6.0
12,MDD,1407,False,6.0,2.0,8.0,7.0,5.0,6.0
13,MDD,1407,False,6.0,2.0,8.0,7.0,5.0,6.0
14,MDD,1407,False,6.0,2.0,8.0,7.0,5.0,6.0
15,MDD,1407,False,6.0,2.0,8.0,7.0,5.0,4.0
16,MDD,1407,False,6.0,2.0,8.0,7.0,5.0,4.0
17,MDD,1407,False,6.0,2.0,8.0,7.0,5.0,6.0
18,MDD,1407,False,6.0,2.0,8.0,7.0,5.0,6.0
19,MDD,1407,False,6.0,2.0,8.0,7.0,5.0,6.0
20,MDD,1407,False,6.0,2.0,8.0,7.0,5.0,6.0
21,MDD,1407,False,6.0,2.0,8.0,7.0,5.0,6.0
22,MDD,1407,False,6.0,2.0,8.0,7.0,5.0,4.0
23,MDD,1407,False,6.0,2.0,8.0,7.0,5.0,6.0
24,MDD,1407,False,6.0,2.0,8.0,7.0,5.0,4.0
25,MDD,1407,False,6.0,2.0,8.0,7.0,5.0,6.0
26,MDD,1407,False,6.0,2.0,8.0,7.0,5.0,6.0
27,MDD,1407,False,6.0,2.0,8.0,7.0,5.0,6.0
28,MDD,1407,False,6.0,2.0,8.0,7.0,5.0,6.0
29,MDD,1407,False,6.0,2.0,8.0,7.0,4.0,5.0
30,MDD,1407,False,6.0,2.0,8.0,7.0,5.0,4.0
31,MDD,1407,False,6.0,2.0,8.0,7.0,5.0,6.0
32,MDD,1407,False,6.0,2.0,8.0,7.0,5.0,4.0
33,MDD,1407,False,6.0,2.0,8.0,7.0,5.0,6.0
34,MDD,1407,False,6.0,2.0,8.0,7.0,5.0,6.0
35,MDD,1407,False,6.0,2.0,8.0,7.0,5.0,6.0
36,MDD,1407,False,6.0,2.0,8.0,7.0,5.0,6.0
37,MDD,1407,False,6.0,2.0,8.0,7.0,5.0,6.0
38,MDD,1407,False,6.0,2.0,8.0,7.0,5.0,6.0
39,MDD,1407,False,6.0,2.0,8.0,7.0,5.0,4.0
40,MDD,1407,False,6.0,2.0,8.0,7.0,5.0,6.0
41,MDD,1407,False,6.0,2.0,8.0,7.0,5.0,4.0
42,MDD,1407,False,6.0,2.0,8.0,7.0,5.0,6.0
43,MDD,1407,False,6.0,2.0,8.0,7.0,5.0,6.0
44,MDD,1407,False,6.0,2.0,8.0,7.0,5.0,4.0
45,MDD,1407,False,6.0,2.0,8.0,7.0,5.0,4.0
46,MDD,1407,False,6.0,2.0,8.0,7.0,5.0,4.0
47,MDD,1407,False,6.0,2.0,8.0,7.0,5.0,4.0
48,MDD,1407,False,6.0,2.0,8.0,7.0,5.0,6.0
49,MDD,1407,False,6.0,2.0,8.0,7.0,5.0,4.0
50,MDD,1407,False,6.0,2.0,8.0,7.0,4.0,5.0
51,MDD,1407,False,6.0,2.0,8.0,7.0,5.0,6.0
52,MDD,1407,False,6.0,2.0,8.0,7.0,5.0,6.0
53,MDD,1407,False,6.0,2.0,8.0,7.0,5.0,4.0
54,MDD,1407,False,6.0,2.0,8.0,7.0,5.0,6.0
55,MDD,1407,False,6.0,2.0,8.0,7.0,5.0,6.0
56,MDD,1407,False,6.0,2.0,8.0,7.0,4.0,5.0
57,MDD,1407,False,6.0,2.0,8.0,7.0,5.0,4.0
58,MDD,1407,False,6.0,2.0,8.0,7.0,5.0,6.0
59,MDD,1407,False,6.0,2.0,8.0,7.0,4.0,5.0
60,MDD,1407,False,6.0,2.0,8.0,7.0,5.0,4.0
61,MDD,1407,False,6.0,2.0,8.0,7.0,4.0,5.0
62,MDD,1407,False,6.0,2.0,8.0,7.0,5.0,6.0
63,MDD,1407,False,6.0,2.0,8.0,7.0,5.0,4.0
64,MDD,1407,False,6.0,2.0,8.0,7.0,5.0,6.0
65,MDD,1407,False,6.0,2.0,8.0,7.0,4.0,5.0
66,MDD,1407,False,6.0,2.0,8.0,7.0,5.0,6.0
67,MDD,1407,False,6.0,2.0,8.0,7.0,5.0,6.0
68,MDD,1407,False,6.0,2.0,8.0,7.0,5.0,4.0
69,MDD,1407,False,6.0,2.0,8.0,7.0,4.0,5.0
70,MDD,1407,False,6.0,2.0,8.0,7.0,5.0,4.0
71,MDD,1407,False,6.0,2.0,8.0,7.0,5.0,4.0
72,MDD,1407,False,6.0,2.0,8.0,7.0,5.0,6.0
73,MDD,1407,False,6.0,2.0,8.0,7.0,5.0,6.0
74,MDD,1407,False,6.0,2.0,8.0,7.0,5.0,6.0
75,MDD,1407,False,6.0,2.0,8.0,7.0,5.0,6.0
76,MDD,1407,False,6.0,2.0,8.0,7.0,5.0,4.0
77,MDD,1407,False,6.0,2.0,8.0,7.0,5.0,6.0
78,MDD,1407,False,6.0,2.0,8.0,7.0,5.0,4.0
79,MDD,1407,False,6.0,2.0,8.0,7.0,5.0,6.0
80,MDD,1407,False,6.0,2.0,8.0,7.0,4.0,5.0
81,MDD,1407,False,6.0,2.0,8.0,7.0,5.0,6.0
82,MDD,1407,False,6.0,2.0,8.0,7.0,5.0,4.0
83,MDD,1407,False,6.0,2.0,8.0,7.0,5.0,6.0
84,MDD,1407,False,6.0,2.0,8.0,7.0,4.0,5.0
85,MDD,1407,False,6.0,2.0,8.0,7.0,5.0,4.0
86,MDD,1407,False,6.0,2.0,8.0,7.0,4.0,6.0
87,MDD,1407,False,6.0,2.0,8.0,7.0,5.0,6.0
88,MDD,1407,False,6.0,2.0,8.0,7.0,5.0,6.0
89,MDD,1407,False,6.0,2.0,8.0,7.0,5.0,4.0
90,MDD,1407,False,6.0,2.0,8.0,7.0,4.0,5.0
91,MDD,1407,False,6.0,2.0,8.0,7.0,5.0,4.0
92,MDD,1407,False,6.0,2.0,8.0,7.0,5.0,6.0
93,MDD,1407,False,6.0,2.0,8.0,7.0,5.0,4.0
94,MDD,1407,False,6.0,2.0,8.0,7.0,5.0,4.0
95,MDD,1407,False,6.0,2.0,8.0,7.0,5.0,4.0
96,MDD,1407,False,6.0,2.0,8.0,7.0,5.0,6.0
97,MDD,1407,False,6.0,2.0,8.0,7.0,4.0,5.0
98,MDD,1407,False,6.0,2.0,8.0,7.0,5.0,4.0
99,MDD,1407,False,6.0,2.0,8.0,7.0,5.0,4.0
0,MDD,1408,False,6.0,2.0,8.0,7.0,5.0,6.0
1,MDD,1408,False,6.0,2.0,8.0,7.0,5.0,6.0
2,MDD,1408,False,6.0,2.0,8.0,7.0,6.0,5.0
3,MDD,1408,False,6.0,2.0,8.0,7.0,5.0,6.0
4,MDD,1408,False,6.0,2.0,8.0,7.0,6.0,5.0
5,MDD,1408,False,6.0,2.0,8.0,7.0,5.0,6.0
6,MDD,1408,False,6.0,2.0,8.0,7.0,5.0,6.0
7,MDD,1408,False,6.0,2.0,8.0,7.0,5.0,6.0
8,MDD,1408,False,6.0,2.0,8.0,7.0,5.0,6.0
9,MDD,1408,False,6.0,2.0,8.0,7.0,5.0,6.0
10,MDD,1408,False,6.0,2.0,8.0,7.0,5.0,6.0
11,MDD,1408,False,6.0,2.0,8.0,7.0,5.0,6.0
12,MDD,1408,False,6.0,2.0,8.0,7.0,5.0,6.0
13,MDD,1408,False,6.0,2.0,8.0,7.0,5.0,6.0
14,MDD,1408,False,6.0,2.0,8.0,7.0,5.0,6.0
15,MDD,1408,False,6.0,2.0,8.0,7.0,5.0,6.0
16,MDD,1408,False,6.0,2.0,8.0,7.0,5.0,6.0
17,MDD,1408,False,6.0,2.0,8.0,7.0,5.0,6.0
18,MDD,1408,False,6.0,2.0,8.0,7.0,6.0,8.0
19,MDD,1408,False,6.0,2.0,8.0,7.0,5.0,6.0
20,MDD,1408,False,6.0,2.0,8.0,7.0,5.0,6.0
21,MDD,1408,False,6.0,2.0,8.0,7.0,6.0,8.0
22,MDD,1408,False,6.0,2.0,8.0,7.0,6.0,5.0
23,MDD,1408,False,6.0,2.0,8.0,7.0,5.0,6.0
24,MDD,1408,False,6.0,2.0,8.0,7.0,5.0,8.0
25,MDD,1408,False,6.0,2.0,8.0,7.0,5.0,6.0
26,MDD,1408,False,6.0,2.0,8.0,7.0,5.0,6.0
27,MDD,1408,False,6.0,2.0,8.0,7.0,5.0,6.0
28,MDD,1408,False,6.0,2.0,8.0,7.0,5.0,6.0
29,MDD,1408,False,6.0,2.0,8.0,7.0,5.0,6.0
30,MDD,1408,False,8.0,2.0,9.0,7.0,6.0,8.0
31,MDD,1408,False,6.0,2.0,8.0,7.0,5.0,6.0
32,MDD,1408,False,6.0,2.0,8.0,7.0,6.0,5.0
33,MDD,1408,False,6.0,2.0,8.0,7.0,6.0,8.0
34,MDD,1408,False,6.0,2.0,8.0,7.0,6.0,5.0
35,MDD,1408,False,6.0,2.0,8.0,7.0,5.0,6.0
36,MDD,1408,False,6.0,2.0,8.0,7.0,5.0,6.0
37,MDD,1408,False,6.0,2.0,8.0,7.0,5.0,6.0
38,MDD,1408,False,6.0,2.0,8.0,7.0,5.0,6.0
39,MDD,1408,False,6.0,2.0,8.0,7.0,5.0,8.0
40,MDD,1408,False,6.0,2.0,8.0,7.0,5.0,6.0
41,MDD,1408,False,6.0,2.0,8.0,7.0,6.0,5.0
42,MDD,1408,False,6.0,2.0,8.0,7.0,5.0,8.0
43,MDD,1408,False,6.0,2.0,8.0,7.0,6.0,5.0
44,MDD,1408,False,6.0,2.0,8.0,7.0,5.0,6.0
45,MDD,1408,False,6.0,2.0,8.0,7.0,6.0,5.0
46,MDD,1408,False,6.0,2.0,8.0,7.0,5.0,6.0
47,MDD,1408,False,6.0,2.0,8.0,7.0,5.0,6.0
48,MDD,1408,False,6.0,2.0,8.0,7.0,6.0,5.0
49,MDD,1408,False,6.0,2.0,8.0,7.0,5.0,6.0
50,MDD,1408,False,6.0,2.0,8.0,7.0,5.0,6.0
51,MDD,1408,False,6.0,2.0,8.0,7.0,5.0,6.0
52,MDD,1408,False,6.0,2.0,8.0,7.0,5.0,6.0
53,MDD,1408,False,6.0,2.0,8.0,7.0,5.0,6.0
54,MDD,1408,False,6.0,2.0,8.0,7.0,5.0,6.0
55,MDD,1408,False,6.0,2.0,8.0,7.0,6.0,8.0
56,MDD,1408,False,6.0,2.0,8.0,7.0,5.0,6.0
57,MDD,1408,False,6.0,2.0,8.0,7.0,6.0,5.0
58,MDD,1408,False,6.0,2.0,8.0,7.0,6.0,5.0
59,MDD,1408,False,6.0,2.0,8.0,7.0,5.0,6.0
60,MDD,1408,False,6.0,2.0,8.0,7.0,6.0,5.0
61,MDD,1408,False,6.0,2.0,8.0,7.0,5.0,6.0
62,MDD,1408,False,6.0,2.0,8.0,7.0,5.0,6.0
63,MDD,1408,False,6.0,2.0,8.0,7.0,5.0,6.0
64,MDD,1408,False,6.0,2.0,8.0,7.0,5.0,6.0
65,MDD,1408,False,6.0,2.0,8.0,7.0,5.0,8.0
66,MDD,1408,False,6.0,2.0,8.0,7.0,5.0,6.0
67,MDD,1408,False,6.0,2.0,8.0,7.0,5.0,6.0
68,MDD,1408,False,6.0,2.0,8.0,7.0,5.0,6.0
69,MDD,1408,False,6.0,2.0,8.0,7.0,5.0,8.0
70,MDD,1408,False,6.0,2.0,8.0,7.0,5.0,6.0
71,MDD,1408,False,6.0,2.0,8.0,7.0,6.0,8.0
72,MDD,1408,False,6.0,2.0,8.0,7.0,5.0,6.0
73,MDD,1408,False,6.0,2.0,8.0,7.0,5.0,6.0
74,MDD,1408,False,6.0,2.0,8.0,7.0,5.0,6.0
75,MDD,1408,False,6.0,2.0,8.0,7.0,5.0,6.0
76,MDD,1408,False,6.0,2.0,8.0,7.0,5.0,6.0
77,MDD,1408,False,6.0,2.0,8.0,7.0,5.0,6.0
78,MDD,1408,False,6.0,2.0,8.0,7.0,5.0,8.0
79,MDD,1408,False,6.0,2.0,8.0,7.0,5.0,6.0
80,MDD,1408,False,6.0,2.0,8.0,7.0,5.0,6.0
81,MDD,1408,False,6.0,2.0,8.0,7.0,5.0,6.0
82,MDD,1408,False,6.0,2.0,8.0,7.0,5.0,8.0
83,MDD,1408,False,6.0,2.0,8.0,7.0,5.0,6.0
84,MDD,1408,False,6.0,2.0,8.0,7.0,5.0,6.0
85,MDD,1408,False,6.0,2.0,8.0,7.0,5.0,6.0
86,MDD,1408,False,6.0,2.0,8.0,7.0,5.0,6.0
87,MDD,1408,False,6.0,2.0,8.0,7.0,5.0,6.0
88,MDD,1408,False,6.0,2.0,8.0,7.0,5.0,8.0
89,MDD,1408,False,6.0,2.0,8.0,7.0,5.0,6.0
90,MDD,1408,False,6.0,2.0,8.0,7.0,5.0,6.0
91,MDD,1408,False,6.0,2.0,8.0,7.0,5.0,6.0
92,MDD,1408,False,6.0,2.0,8.0,7.0,5.0,6.0
93,MDD,1408,False,6.0,2.0,8.0,7.0,5.0,6.0
94,MDD,1408,False,6.0,2.0,8.0,7.0,5.0,6.0
95,MDD,1408,False,6.0,2.0,8.0,7.0,5.0,6.0
96,MDD,1408,False,6.0,2.0,8.0,7.0,5.0,6.0
97,MDD,1408,False,6.0,2.0,8.0,7.0,5.0,6.0
98,MDD,1408,False,6.0,2.0,8.0,7.0,5.0,6.0
99,MDD,1408,False,6.0,2.0,8.0,7.0,5.0,6.0
0,MDD,1409,False,8.0,2.0,9.0,9.0,2.0,6.0
1,MDD,1409,False,8.0,2.0,8.0,9.0,3.0,6.0
2,MDD,1409,False,8.0,2.0,9.0,9.0,3.0,6.0
3,MDD,1409,False,8.0,2.0,9.0,9.0,2.0,6.0
4,MDD,1409,False,7.0,2.0,8.0,8.0,4.0,5.0
5,MDD,1409,False,8.0,2.0,9.0,9.0,3.0,6.0
6,MDD,1409,False,8.0,2.0,9.0,9.0,3.0,6.0
7,MDD,1409,False,8.0,2.0,9.0,9.0,3.0,6.0
8,MDD,1409,False,8.0,2.0,8.0,9.0,3.0,6.0
9,MDD,1409,False,8.0,2.0,9.0,9.0,2.0,6.0
10,MDD,1409,False,8.0,2.0,9.0,9.0,3.0,6.0
11,MDD,1409,False,8.0,2.0,9.0,9.0,2.0,6.0
12,MDD,1409,False,8.0,2.0,8.0,9.0,3.0,6.0
13,MDD,1409,False,8.0,2.0,8.0,9.0,3.0,6.0
14,MDD,1409,False,8.0,2.0,9.0,9.0,2.0,6.0
15,MDD,1409,False,8.0,2.0,9.0,9.0,2.0,6.0
16,MDD,1409,False,8.0,2.0,9.0,9.0,2.0,6.0
17,MDD,1409,False,8.0,2.0,9.0,9.0,3.0,6.0
18,MDD,1409,False,8.0,2.0,9.0,9.0,3.0,6.0
19,MDD,1409,False,8.0,2.0,9.0,9.0,2.0,6.0
20,MDD,1409,False,8.0,2.0,8.0,9.0,2.0,6.0
21,MDD,1409,False,8.0,2.0,9.0,9.0,3.0,6.0
22,MDD,1409,False,8.0,2.0,9.0,9.0,3.0,6.0
23,MDD,1409,False,7.0,2.0,8.0,8.0,3.0,4.0
24,MDD,1409,False,8.0,2.0,8.0,9.0,3.0,6.0
25,MDD,1409,False,8.0,2.0,8.0,9.0,3.0,6.0
26,MDD,1409,False,8.0,2.0,9.0,9.0,3.0,6.0
27,MDD,1409,False,8.0,2.0,8.0,9.0,3.0,6.0
28,MDD,1409,False,8.0,2.0,9.0,9.0,2.0,6.0
29,MDD,1409,False,8.0,2.0,9.0,9.0,3.0,6.0
30,MDD,1409,False,8.0,2.0,8.0,9.0,2.0,4.0
31,MDD,1409,False,8.0,2.0,9.0,9.0,3.0,6.0
32,MDD,1409,False,8.0,2.0,9.0,9.0,2.0,6.0
33,MDD,1409,False,8.0,2.0,8.0,9.0,2.0,4.0
34,MDD,1409,False,8.0,2.0,9.0,9.0,3.0,6.0
35,MDD,1409,False,8.0,2.0,8.0,9.0,2.0,6.0
36,MDD,1409,False,8.0,2.0,9.0,9.0,2.0,6.0
37,MDD,1409,False,8.0,2.0,9.0,9.0,2.0,6.0
38,MDD,1409,False,8.0,2.0,9.0,9.0,3.0,6.0
39,MDD,1409,False,8.0,2.0,9.0,9.0,3.0,6.0
40,MDD,1409,False,8.0,2.0,8.0,9.0,3.0,6.0
41,MDD,1409,False,8.0,2.0,9.0,9.0,2.0,6.0
42,MDD,1409,False,8.0,2.0,9.0,9.0,3.0,6.0
43,MDD,1409,False,8.0,2.0,9.0,9.0,3.0,6.0
44,MDD,1409,False,7.0,2.0,8.0,8.0,3.0,5.0
45,MDD,1409,False,7.0,2.0,8.0,8.0,3.0,5.0
46,MDD,1409,False,8.0,2.0,8.0,9.0,2.0,6.0
47,MDD,1409,False,8.0,2.0,9.0,9.0,3.0,6.0
48,MDD,1409,False,8.0,2.0,9.0,9.0,2.0,6.0
49,MDD,1409,False,7.0,2.0,8.0,9.0,3.0,5.0
50,MDD,1409,False,8.0,2.0,9.0,9.0,2.0,6.0
51,MDD,1409,False,8.0,2.0,8.0,9.0,2.0,6.0
52,MDD,1409,False,8.0,2.0,9.0,9.0,2.0,6.0
53,MDD,1409,False,8.0,2.0,9.0,9.0,3.0,6.0
54,MDD,1409,False,8.0,2.0,9.0,9.0,3.0,6.0
55,MDD,1409,False,7.0,2.0,8.0,9.0,3.0,6.0
56,MDD,1409,False,8.0,2.0,9.0,9.0,2.0,6.0
57,MDD,1409,False,8.0,2.0,8.0,9.0,3.0,6.0
58,MDD,1409,False,8.0,2.0,9.0,9.0,3.0,6.0
59,MDD,1409,False,8.0,2.0,9.0,9.0,3.0,6.0
60,MDD,1409,False,8.0,2.0,9.0,9.0,2.0,6.0
61,MDD,1409,False,8.0,2.0,9.0,9.0,3.0,6.0
62,MDD,1409,False,8.0,2.0,9.0,9.0,3.0,6.0
63,MDD,1409,False,8.0,2.0,9.0,9.0,2.0,6.0
64,MDD,1409,False,8.0,2.0,9.0,9.0,2.0,6.0
65,MDD,1409,False,8.0,2.0,9.0,9.0,3.0,6.0
66,MDD,1409,False,8.0,2.0,9.0,9.0,3.0,6.0
67,MDD,1409,False,8.0,2.0,9.0,9.0,2.0,6.0
68,MDD,1409,False,8.0,2.0,9.0,9.0,3.0,6.0
69,MDD,1409,False,8.0,2.0,9.0,9.0,3.0,6.0
70,MDD,1409,False,8.0,2.0,9.0,9.0,3.0,6.0
71,MDD,1409,False,8.0,2.0,9.0,9.0,3.0,6.0
72,MDD,1409,False,8.0,2.0,8.0,9.0,3.0,6.0
73,MDD,1409,False,8.0,2.0,9.0,9.0,2.0,6.0
74,MDD,1409,False,8.0,2.0,9.0,9.0,3.0,6.0
75,MDD,1409,False,8.0,2.0,9.0,9.0,3.0,6.0
76,MDD,1409,False,8.0,2.0,8.0,9.0,2.0,6.0
77,MDD,1409,False,8.0,2.0,9.0,9.0,2.0,6.0
78,MDD,1409,False,8.0,2.0,8.0,9.0,3.0,6.0
79,MDD,1409,False,8.0,2.0,9.0,9.0,2.0,6.0
80,MDD,1409,False,8.0,2.0,8.0,9.0,3.0,6.0
81,MDD,1409,False,8.0,2.0,8.0,9.0,2.0,6.0
82,MDD,1409,False,8.0,2.0,9.0,9.0,3.0,6.0
83,MDD,1409,False,8.0,2.0,9.0,9.0,2.0,6.0
84,MDD,1409,False,8.0,2.0,9.0,9.0,3.0,6.0
85,MDD,1409,False,8.0,2.0,8.0,9.0,3.0,6.0
86,MDD,1409,False,8.0,2.0,9.0,9.0,3.0,6.0
87,MDD,1409,False,8.0,2.0,9.0,9.0,2.0,6.0
88,MDD,1409,False,8.0,2.0,9.0,9.0,3.0,6.0
89,MDD,1409,False,7.0,2.0,8.0,9.0,3.0,6.0
90,MDD,1409,False,8.0,2.0,9.0,9.0,2.0,6.0
91,MDD,1409,False,8.0,2.0,8.0,9.0,3.0,6.0
92,MDD,1409,False,7.0,2.0,8.0,9.0,3.0,4.0
93,MDD,1409,False,8.0,2.0,9.0,9.0,3.0,6.0
94,MDD,1409,False,8.0,2.0,9.0,9.0,2.0,6.0
95,MDD,1409,False,8.0,2.0,8.0,9.0,2.0,6.0
96,MDD,1409,False,8.0,2.0,8.0,9.0,2.0,4.0
97,MDD,1409,False,8.0,2.0,8.0,9.0,2.0,6.0
98,MDD,1409,False,7.0,2.0,8.0,9.0,3.0,4.0
99,MDD,1409,False,8.0,2.0,8.0,9.0,2.0,6.0
0,MDD,1410,False,6.0,0.0,6.0,7.0,5.0,6.0
1,MDD,1410,False,6.0,2.0,8.0,7.0,4.0,6.0
2,MDD,1410,False,6.0,0.0,6.0,7.0,4.0,6.0
3,MDD,1410,False,6.0,0.0,8.0,7.0,5.0,6.0
4,MDD,1410,False,6.0,2.0,8.0,7.0,4.0,6.0
5,MDD,1410,False,6.0,0.0,6.0,7.0,4.0,6.0
6,MDD,1410,False,6.0,2.0,8.0,7.0,5.0,6.0
7,MDD,1410,False,6.0,2.0,8.0,7.0,4.0,6.0
8,MDD,1410,False,6.0,2.0,8.0,7.0,4.0,6.0
9,MDD,1410,False,6.0,2.0,8.0,7.0,5.0,6.0
10,MDD,1410,False,6.0,2.0,8.0,7.0,4.0,6.0
11,MDD,1410,False,6.0,0.0,6.0,7.0,4.0,5.0
12,MDD,1410,False,6.0,2.0,8.0,7.0,4.0,6.0
13,MDD,1410,False,6.0,2.0,8.0,7.0,4.0,6.0
14,MDD,1410,False,6.0,2.0,8.0,7.0,4.0,6.0
15,MDD,1410,False,6.0,0.0,6.0,7.0,4.0,6.0
16,MDD,1410,False,6.0,0.0,6.0,7.0,4.0,6.0
17,MDD,1410,False,6.0,2.0,8.0,7.0,4.0,6.0
18,MDD,1410,False,6.0,0.0,6.0,7.0,4.0,5.0
19,MDD,1410,False,6.0,0.0,6.0,7.0,5.0,6.0
20,MDD,1410,False,6.0,2.0,8.0,7.0,4.0,6.0
21,MDD,1410,False,6.0,2.0,8.0,7.0,4.0,6.0
22,MDD,1410,False,6.0,2.0,8.0,7.0,4.0,6.0
23,MDD,1410,False,6.0,2.0,8.0,7.0,4.0,6.0
24,MDD,1410,False,6.0,2.0,8.0,7.0,4.0,6.0
25,MDD,1410,False,6.0,2.0,8.0,7.0,4.0,6.0
26,MDD,1410,False,6.0,0.0,6.0,7.0,4.0,6.0
27,MDD,1410,False,6.0,2.0,8.0,7.0,4.0,6.0
28,MDD,1410,False,6.0,2.0,8.0,7.0,4.0,6.0
29,MDD,1410,False,6.0,2.0,8.0,7.0,5.0,6.0
30,MDD,1410,False,6.0,2.0,8.0,7.0,4.0,6.0
31,MDD,1410,False,6.0,2.0,8.0,7.0,4.0,6.0
32,MDD,1410,False,6.0,2.0,8.0,7.0,4.0,6.0
33,MDD,1410,False,6.0,0.0,6.0,7.0,4.0,6.0
34,MDD,1410,False,6.0,0.0,6.0,7.0,4.0,5.0
35,MDD,1410,False,6.0,2.0,8.0,7.0,4.0,6.0
36,MDD,1410,False,6.0,0.0,8.0,7.0,4.0,6.0
37,MDD,1410,False,6.0,2.0,8.0,7.0,4.0,6.0
38,MDD,1410,False,6.0,2.0,8.0,7.0,4.0,6.0
39,MDD,1410,False,6.0,2.0,8.0,7.0,5.0,6.0
40,MDD,1410,False,6.0,2.0,8.0,7.0,4.0,6.0
41,MDD,1410,False,6.0,2.0,8.0,7.0,5.0,6.0
42,MDD,1410,False,6.0,0.0,6.0,7.0,4.0,6.0
43,MDD,1410,False,6.0,2.0,8.0,7.0,4.0,6.0
44,MDD,1410,False,6.0,2.0,8.0,7.0,4.0,6.0
45,MDD,1410,False,6.0,2.0,8.0,7.0,4.0,6.0
46,MDD,1410,False,6.0,2.0,8.0,7.0,5.0,6.0
47,MDD,1410,False,6.0,0.0,6.0,7.0,4.0,5.0
48,MDD,1410,False,6.0,0.0,6.0,7.0,4.0,6.0
49,MDD,1410,False,6.0,0.0,6.0,7.0,4.0,6.0
50,MDD,1410,False,6.0,2.0,8.0,7.0,4.0,6.0
51,MDD,1410,False,6.0,2.0,8.0,7.0,4.0,6.0
52,MDD,1410,False,6.0,0.0,8.0,7.0,5.0,6.0
53,MDD,1410,False,6.0,2.0,8.0,7.0,4.0,6.0
54,MDD,1410,False,6.0,2.0,8.0,7.0,5.0,6.0
55,MDD,1410,False,6.0,2.0,8.0,7.0,5.0,6.0
56,MDD,1410,False,6.0,2.0,8.0,7.0,5.0,6.0
57,MDD,1410,False,6.0,2.0,8.0,7.0,4.0,6.0
58,MDD,1410,False,6.0,0.0,6.0,7.0,4.0,6.0
59,MDD,1410,False,6.0,0.0,6.0,7.0,4.0,5.0
60,MDD,1410,False,6.0,2.0,8.0,7.0,5.0,6.0
61,MDD,1410,False,6.0,2.0,8.0,7.0,4.0,6.0
62,MDD,1410,False,6.0,2.0,8.0,7.0,4.0,6.0
63,MDD,1410,False,6.0,2.0,8.0,7.0,4.0,6.0
64,MDD,1410,False,6.0,2.0,8.0,7.0,4.0,6.0
65,MDD,1410,False,6.0,0.0,6.0,7.0,4.0,6.0
66,MDD,1410,False,6.0,2.0,8.0,7.0,4.0,6.0
67,MDD,1410,False,6.0,0.0,6.0,7.0,4.0,6.0
68,MDD,1410,False,6.0,2.0,8.0,7.0,4.0,6.0
69,MDD,1410,False,6.0,2.0,8.0,7.0,5.0,6.0
70,MDD,1410,False,6.0,0.0,8.0,7.0,4.0,6.0
71,MDD,1410,False,6.0,2.0,8.0,7.0,4.0,6.0
72,MDD,1410,False,6.0,2.0,8.0,7.0,4.0,6.0
73,MDD,1410,False,6.0,2.0,8.0,7.0,4.0,6.0
74,MDD,1410,False,6.0,2.0,8.0,7.0,4.0,6.0
75,MDD,1410,False,6.0,2.0,8.0,7.0,4.0,6.0
76,MDD,1410,False,6.0,0.0,6.0,7.0,4.0,5.0
77,MDD,1410,False,6.0,0.0,6.0,7.0,4.0,6.0
78,MDD,1410,False,6.0,2.0,8.0,7.0,4.0,6.0
79,MDD,1410,False,6.0,2.0,8.0,7.0,4.0,6.0
80,MDD,1410,False,6.0,0.0,6.0,7.0,4.0,5.0
81,MDD,1410,False,6.0,2.0,8.0,7.0,4.0,6.0
82,MDD,1410,False,6.0,0.0,8.0,7.0,5.0,6.0
83,MDD,1410,False,6.0,2.0,8.0,7.0,4.0,6.0
84,MDD,1410,False,6.0,0.0,6.0,7.0,4.0,6.0
85,MDD,1410,False,6.0,2.0,8.0,7.0,4.0,6.0
86,MDD,1410,False,6.0,2.0,8.0,7.0,4.0,6.0
87,MDD,1410,False,6.0,0.0,6.0,7.0,4.0,6.0
88,MDD,1410,False,6.0,2.0,8.0,7.0,5.0,6.0
89,MDD,1410,False,6.0,0.0,6.0,7.0,4.0,6.0
90,MDD,1410,False,6.0,2.0,8.0,7.0,4.0,6.0
91,MDD,1410,False,6.0,2.0,8.0,7.0,4.0,6.0
92,MDD,1410,False,6.0,2.0,8.0,7.0,4.0,6.0
93,MDD,1410,False,6.0,2.0,8.0,7.0,4.0,6.0
94,MDD,1410,False,6.0,0.0,6.0,7.0,4.0,6.0
95,MDD,1410,False,6.0,2.0,8.0,7.0,4.0,6.0
96,MDD,1410,False,6.0,2.0,8.0,7.0,4.0,6.0
97,MDD,1410,False,6.0,2.0,8.0,7.0,4.0,6.0
98,MDD,1410,False,6.0,2.0,8.0,7.0,4.0,6.0
99,MDD,1410,False,6.0,2.0,8.0,7.0,4.0,6.0
0,MDD,1411,False,8.0,2.0,8.0,8.0,4.0,6.0
1,MDD,1411,False,8.0,2.0,8.0,8.0,4.0,6.0
2,MDD,1411,False,8.0,2.0,9.0,8.0,4.0,7.0
3,MDD,1411,False,7.0,2.0,8.0,8.0,4.0,6.0
4,MDD,1411,False,6.0,2.0,8.0,8.0,4.0,7.0
5,MDD,1411,False,7.0,2.0,8.0,8.0,4.0,6.0
6,MDD,1411,False,7.0,2.0,8.0,8.0,4.0,6.0
7,MDD,1411,False,8.0,2.0,9.0,8.0,4.0,7.0
8,MDD,1411,False,8.0,2.0,9.0,8.0,4.0,7.0
9,MDD,1411,False,8.0,2.0,9.0,8.0,4.0,6.0
10,MDD,1411,False,6.0,2.0,8.0,8.0,4.0,7.0
11,MDD,1411,False,6.0,2.0,8.0,8.0,4.0,6.0
12,MDD,1411,False,6.0,2.0,8.0,8.0,4.0,7.0
13,MDD,1411,False,8.0,2.0,8.0,8.0,4.0,6.0
14,MDD,1411,False,7.0,2.0,8.0,8.0,4.0,6.0
15,MDD,1411,False,7.0,2.0,8.0,8.0,4.0,6.0
16,MDD,1411,False,6.0,2.0,8.0,8.0,4.0,7.0
17,MDD,1411,False,6.0,2.0,8.0,8.0,4.0,7.0
18,MDD,1411,False,6.0,2.0,8.0,8.0,4.0,7.0
19,MDD,1411,False,6.0,2.0,8.0,7.0,4.0,5.0
20,MDD,1411,False,6.0,2.0,8.0,8.0,4.0,7.0
21,MDD,1411,False,8.0,2.0,9.0,8.0,4.0,7.0
22,MDD,1411,False,8.0,2.0,9.0,8.0,4.0,7.0
23,MDD,1411,False,6.0,0.0,8.0,8.0,4.0,7.0
24,MDD,1411,False,6.0,2.0,8.0,8.0,4.0,7.0
25,MDD,1411,False,6.0,2.0,8.0,8.0,4.0,7.0
26,MDD,1411,False,6.0,2.0,8.0,8.0,4.0,7.0
27,MDD,1411,False,6.0,2.0,8.0,8.0,4.0,7.0
28,MDD,1411,False,6.0,0.0,8.0,8.0,4.0,6.0
29,MDD,1411,False,6.0,2.0,8.0,7.0,4.0,6.0
30,MDD,1411,False,7.0,2.0,8.0,8.0,4.0,6.0
31,MDD,1411,False,6.0,2.0,8.0,7.0,4.0,5.0
32,MDD,1411,False,6.0,2.0,8.0,7.0,4.0,5.0
33,MDD,1411,False,6.0,2.0,8.0,7.0,4.0,5.0
34,MDD,1411,False,6.0,2.0,8.0,8.0,4.0,7.0
35,MDD,1411,False,8.0,2.0,9.0,8.0,4.0,7.0
36,MDD,1411,False,7.0,2.0,8.0,8.0,4.0,6.0
37,MDD,1411,False,6.0,2.0,8.0,7.0,4.0,5.0
38,MDD,1411,False,6.0,2.0,8.0,8.0,4.0,7.0
39,MDD,1411,False,6.0,2.0,8.0,8.0,4.0,7.0
40,MDD,1411,False,6.0,2.0,8.0,8.0,4.0,6.0
41,MDD,1411,False,6.0,2.0,8.0,8.0,4.0,7.0
42,MDD,1411,False,8.0,2.0,9.0,8.0,4.0,7.0
43,MDD,1411,False,6.0,2.0,8.0,7.0,4.0,5.0
44,MDD,1411,False,6.0,2.0,8.0,8.0,4.0,7.0
45,MDD,1411,False,7.0,2.0,8.0,8.0,4.0,6.0
46,MDD,1411,False,8.0,2.0,8.0,8.0,4.0,6.0
47,MDD,1411,False,8.0,2.0,8.0,8.0,4.0,7.0
48,MDD,1411,False,7.0,2.0,8.0,8.0,4.0,6.0
49,MDD,1411,False,8.0,2.0,9.0,8.0,4.0,7.0
50,MDD,1411,False,6.0,2.0,8.0,8.0,4.0,7.0
51,MDD,1411,False,7.0,2.0,8.0,8.0,4.0,6.0
52,MDD,1411,False,7.0,2.0,8.0,8.0,4.0,6.0
53,MDD,1411,False,7.0,2.0,8.0,8.0,4.0,6.0
54,MDD,1411,False,6.0,2.0,8.0,8.0,4.0,7.0
55,MDD,1411,False,6.0,2.0,8.0,8.0,4.0,7.0
56,MDD,1411,False,6.0,2.0,8.0,8.0,4.0,7.0
57,MDD,1411,False,6.0,2.0,8.0,8.0,4.0,7.0
58,MDD,1411,False,6.0,2.0,8.0,8.0,4.0,7.0
59,MDD,1411,False,8.0,2.0,9.0,8.0,4.0,7.0
60,MDD,1411,False,6.0,2.0,8.0,8.0,4.0,6.0
61,MDD,1411,False,6.0,2.0,8.0,8.0,4.0,7.0
62,MDD,1411,False,8.0,2.0,9.0,8.0,4.0,7.0
63,MDD,1411,False,6.0,2.0,8.0,8.0,4.0,6.0
64,MDD,1411,False,7.0,2.0,8.0,8.0,4.0,6.0
65,MDD,1411,False,6.0,2.0,8.0,8.0,4.0,7.0
66,MDD,1411,False,6.0,2.0,8.0,8.0,4.0,7.0
67,MDD,1411,False,6.0,2.0,8.0,8.0,4.0,6.0
68,MDD,1411,False,8.0,2.0,9.0,8.0,4.0,7.0
69,MDD,1411,False,6.0,2.0,8.0,8.0,4.0,7.0
70,MDD,1411,False,6.0,2.0,8.0,8.0,4.0,7.0
71,MDD,1411,False,6.0,2.0,8.0,7.0,4.0,5.0
72,MDD,1411,False,8.0,2.0,9.0,8.0,4.0,7.0
73,MDD,1411,False,6.0,2.0,8.0,8.0,4.0,7.0
74,MDD,1411,False,6.0,2.0,8.0,8.0,4.0,7.0
75,MDD,1411,False,6.0,2.0,8.0,8.0,4.0,7.0
76,MDD,1411,False,7.0,2.0,8.0,8.0,4.0,6.0
77,MDD,1411,False,6.0,2.0,8.0,8.0,4.0,7.0
78,MDD,1411,False,6.0,2.0,8.0,8.0,4.0,7.0
79,MDD,1411,False,8.0,2.0,9.0,8.0,4.0,7.0
80,MDD,1411,False,7.0,2.0,8.0,8.0,4.0,6.0
81,MDD,1411,False,6.0,2.0,8.0,8.0,4.0,7.0
82,MDD,1411,False,6.0,2.0,8.0,8.0,4.0,7.0
83,MDD,1411,False,6.0,2.0,8.0,8.0,4.0,7.0
84,MDD,1411,False,6.0,2.0,8.0,8.0,4.0,7.0
85,MDD,1411,False,6.0,2.0,8.0,8.0,4.0,7.0
86,MDD,1411,False,6.0,2.0,8.0,7.0,4.0,5.0
87,MDD,1411,False,8.0,2.0,8.0,8.0,4.0,6.0
88,MDD,1411,False,6.0,2.0,8.0,8.0,4.0,7.0
89,MDD,1411,False,8.0,2.0,9.0,8.0,4.0,7.0
90,MDD,1411,False,7.0,2.0,8.0,8.0,4.0,6.0
91,MDD,1411,False,6.0,2.0,8.0,8.0,4.0,7.0
92,MDD,1411,False,8.0,2.0,8.0,9.0,4.0,7.0
93,MDD,1411,False,6.0,2.0,8.0,8.0,4.0,7.0
94,MDD,1411,False,8.0,2.0,9.0,8.0,4.0,6.0
95,MDD,1411,False,6.0,2.0,8.0,8.0,4.0,7.0
96,MDD,1411,False,6.0,2.0,8.0,8.0,4.0,7.0
97,MDD,1411,False,7.0,2.0,8.0,8.0,4.0,6.0
98,MDD,1411,False,6.0,2.0,8.0,8.0,4.0,7.0
99,MDD,1411,False,6.0,2.0,8.0,8.0,4.0,7.0
0,MDD,1412,False,6.0,0.0,8.0,7.0,5.0,4.0
1,MDD,1412,False,6.0,2.0,8.0,7.0,5.0,4.0
2,MDD,1412,False,6.0,0.0,6.0,7.0,6.0,4.0
3,MDD,1412,False,6.0,2.0,8.0,8.0,4.0,5.0
4,MDD,1412,False,6.0,0.0,8.0,7.0,4.0,5.0
5,MDD,1412,False,6.0,2.0,8.0,7.0,5.0,4.0
6,MDD,1412,False,6.0,0.0,8.0,7.0,5.0,4.0
7,MDD,1412,False,6.0,0.0,6.0,7.0,6.0,5.0
8,MDD,1412,False,6.0,0.0,6.0,7.0,4.0,5.0
9,MDD,1412,False,6.0,0.0,6.0,7.0,5.0,4.0
10,MDD,1412,False,6.0,2.0,8.0,7.0,5.0,4.0
11,MDD,1412,False,6.0,0.0,8.0,8.0,4.0,5.0
12,MDD,1412,False,6.0,0.0,8.0,8.0,4.0,5.0
13,MDD,1412,False,6.0,0.0,8.0,8.0,4.0,6.0
14,MDD,1412,False,6.0,0.0,6.0,8.0,4.0,5.0
15,MDD,1412,False,4.0,0.0,8.0,8.0,6.0,5.0
16,MDD,1412,False,6.0,0.0,8.0,7.0,5.0,4.0
17,MDD,1412,False,6.0,0.0,6.0,7.0,5.0,4.0
18,MDD,1412,False,6.0,2.0,8.0,8.0,4.0,5.0
19,MDD,1412,False,6.0,0.0,6.0,7.0,4.0,5.0
20,MDD,1412,False,6.0,0.0,8.0,7.0,5.0,4.0
21,MDD,1412,False,6.0,2.0,8.0,8.0,4.0,5.0
22,MDD,1412,False,6.0,0.0,8.0,8.0,5.0,4.0
23,MDD,1412,False,6.0,2.0,8.0,7.0,5.0,4.0
24,MDD,1412,False,6.0,2.0,8.0,7.0,5.0,4.0
25,MDD,1412,False,4.0,0.0,6.0,7.0,6.0,4.0
26,MDD,1412,False,6.0,2.0,8.0,7.0,5.0,4.0
27,MDD,1412,False,6.0,2.0,8.0,7.0,5.0,4.0
28,MDD,1412,False,6.0,0.0,8.0,7.0,5.0,4.0
29,MDD,1412,False,6.0,0.0,6.0,7.0,5.0,4.0
30,MDD,1412,False,6.0,2.0,8.0,7.0,5.0,4.0
31,MDD,1412,False,6.0,2.0,8.0,8.0,6.0,4.0
32,MDD,1412,False,6.0,2.0,8.0,7.0,5.0,4.0
33,MDD,1412,False,6.0,2.0,8.0,7.0,5.0,4.0
34,MDD,1412,False,4.0,0.0,8.0,7.0,6.0,5.0
35,MDD,1412,False,6.0,2.0,8.0,7.0,5.0,4.0
36,MDD,1412,False,6.0,0.0,6.0,7.0,5.0,4.0
37,MDD,1412,False,6.0,2.0,8.0,7.0,5.0,4.0
38,MDD,1412,False,6.0,2.0,8.0,7.0,5.0,4.0
39,MDD,1412,False,6.0,0.0,6.0,7.0,5.0,4.0
40,MDD,1412,False,4.0,0.0,7.0,8.0,6.0,5.0
41,MDD,1412,False,6.0,0.0,6.0,7.0,5.0,4.0
42,MDD,1412,False,6.0,0.0,6.0,8.0,4.0,5.0
43,MDD,1412,False,6.0,0.0,8.0,7.0,5.0,4.0
44,MDD,1412,False,6.0,0.0,6.0,7.0,5.0,4.0
45,MDD,1412,False,6.0,2.0,8.0,8.0,4.0,5.0
46,MDD,1412,False,4.0,0.0,8.0,7.0,6.0,5.0
47,MDD,1412,False,6.0,0.0,6.0,7.0,4.0,5.0
48,MDD,1412,False,6.0,0.0,8.0,7.0,5.0,4.0
49,MDD,1412,False,4.0,0.0,7.0,8.0,6.0,5.0
50,MDD,1412,False,6.0,0.0,6.0,7.0,5.0,4.0
51,MDD,1412,False,6.0,0.0,6.0,8.0,4.0,5.0
52,MDD,1412,False,4.0,0.0,8.0,7.0,6.0,5.0
53,MDD,1412,False,6.0,0.0,8.0,8.0,5.0,4.0
54,MDD,1412,False,6.0,0.0,6.0,7.0,5.0,4.0
55,MDD,1412,False,6.0,0.0,6.0,7.0,5.0,4.0
56,MDD,1412,False,6.0,2.0,8.0,7.0,5.0,4.0
57,MDD,1412,False,6.0,2.0,8.0,8.0,4.0,5.0
58,MDD,1412,False,6.0,2.0,8.0,7.0,5.0,4.0
59,MDD,1412,False,6.0,2.0,8.0,7.0,5.0,4.0
60,MDD,1412,False,4.0,0.0,6.0,7.0,6.0,5.0
61,MDD,1412,False,6.0,2.0,8.0,7.0,5.0,4.0
62,MDD,1412,False,4.0,0.0,7.0,8.0,6.0,5.0
63,MDD,1412,False,6.0,0.0,8.0,7.0,5.0,4.0
64,MDD,1412,False,6.0,2.0,8.0,7.0,5.0,4.0
65,MDD,1412,False,6.0,0.0,6.0,7.0,5.0,4.0
66,MDD,1412,False,6.0,0.0,6.0,7.0,5.0,4.0
67,MDD,1412,False,6.0,0.0,6.0,8.0,4.0,5.0
68,MDD,1412,False,4.0,0.0,8.0,7.0,6.0,5.0
69,MDD,1412,False,6.0,0.0,8.0,8.0,4.0,5.0
70,MDD,1412,False,6.0,0.0,8.0,7.0,5.0,4.0
71,MDD,1412,False,6.0,0.0,8.0,8.0,6.0,4.0
72,MDD,1412,False,4.0,0.0,8.0,7.0,6.0,5.0
73,MDD,1412,False,6.0,2.0,8.0,7.0,5.0,4.0
74,MDD,1412,False,6.0,2.0,8.0,7.0,5.0,4.0
75,MDD,1412,False,6.0,2.0,8.0,8.0,4.0,5.0
76,MDD,1412,False,6.0,0.0,8.0,8.0,6.0,4.0
77,MDD,1412,False,6.0,2.0,8.0,7.0,5.0,4.0
78,MDD,1412,False,6.0,0.0,8.0,8.0,5.0,4.0
79,MDD,1412,False,6.0,0.0,8.0,7.0,5.0,4.0
80,MDD,1412,False,6.0,0.0,6.0,7.0,4.0,4.0
81,MDD,1412,False,6.0,0.0,6.0,7.0,5.0,4.0
82,MDD,1412,False,6.0,2.0,8.0,7.0,5.0,4.0
83,MDD,1412,False,6.0,2.0,8.0,7.0,5.0,4.0
84,MDD,1412,False,4.0,0.0,8.0,7.0,6.0,5.0
85,MDD,1412,False,6.0,0.0,6.0,7.0,5.0,4.0
86,MDD,1412,False,6.0,2.0,8.0,7.0,5.0,4.0
87,MDD,1412,False,6.0,2.0,8.0,7.0,5.0,4.0
88,MDD,1412,False,6.0,0.0,6.0,7.0,5.0,4.0
89,MDD,1412,False,6.0,0.0,8.0,7.0,5.0,4.0
90,MDD,1412,False,6.0,2.0,8.0,8.0,4.0,5.0
91,MDD,1412,False,6.0,2.0,8.0,7.0,5.0,4.0
92,MDD,1412,False,6.0,2.0,8.0,7.0,5.0,4.0
93,MDD,1412,False,6.0,0.0,6.0,8.0,4.0,5.0
94,MDD,1412,False,6.0,0.0,8.0,7.0,5.0,4.0
95,MDD,1412,False,4.0,0.0,7.0,8.0,6.0,5.0
96,MDD,1412,False,4.0,0.0,8.0,7.0,6.0,3.0
97,MDD,1412,False,6.0,2.0,8.0,7.0,5.0,4.0
98,MDD,1412,False,6.0,2.0,8.0,7.0,5.0,4.0
99,MDD,1412,False,6.0,0.0,6.0,7.0,5.0,4.0
0,MDD,1413,False,8.0,2.0,9.0,8.0,2.0,7.0
1,MDD,1413,False,8.0,4.0,9.0,8.0,2.0,9.0
2,MDD,1413,False,9.0,6.0,9.0,8.0,2.0,7.0
3,MDD,1413,False,8.0,6.0,9.0,8.0,2.0,7.0
4,MDD,1413,False,8.0,6.0,9.0,8.0,2.0,9.0
5,MDD,1413,False,8.0,4.0,9.0,8.0,2.0,7.0
6,MDD,1413,False,8.0,4.0,9.0,8.0,2.0,7.0
7,MDD,1413,False,8.0,6.0,9.0,8.0,2.0,7.0
8,MDD,1413,False,8.0,4.0,9.0,8.0,2.0,7.0
9,MDD,1413,False,8.0,4.0,9.0,8.0,2.0,7.0
10,MDD,1413,False,9.0,2.0,9.0,8.0,2.0,8.0
11,MDD,1413,False,8.0,2.0,9.0,7.0,2.0,8.0
12,MDD,1413,False,9.0,2.0,9.0,8.0,2.0,7.0
13,MDD,1413,False,8.0,4.0,9.0,8.0,2.0,7.0
14,MDD,1413,False,9.0,6.0,9.0,8.0,2.0,7.0
15,MDD,1413,False,9.0,6.0,9.0,8.0,2.0,8.0
16,MDD,1413,False,8.0,2.0,9.0,8.0,2.0,7.0
17,MDD,1413,False,8.0,4.0,9.0,8.0,2.0,7.0
18,MDD,1413,False,9.0,2.0,9.0,8.0,2.0,9.0
19,MDD,1413,False,9.0,6.0,9.0,8.0,2.0,8.0
20,MDD,1413,False,9.0,2.0,9.0,8.0,2.0,7.0
21,MDD,1413,False,8.0,4.0,9.0,8.0,2.0,7.0
22,MDD,1413,False,8.0,4.0,9.0,8.0,2.0,7.0
23,MDD,1413,False,8.0,4.0,9.0,8.0,2.0,7.0
24,MDD,1413,False,8.0,2.0,9.0,8.0,2.0,7.0
25,MDD,1413,False,8.0,6.0,9.0,8.0,2.0,7.0
26,MDD,1413,False,8.0,4.0,9.0,8.0,2.0,7.0
27,MDD,1413,False,8.0,4.0,9.0,8.0,2.0,7.0
28,MDD,1413,False,8.0,4.0,9.0,8.0,2.0,7.0
29,MDD,1413,False,8.0,6.0,9.0,8.0,2.0,7.0
30,MDD,1413,False,9.0,2.0,9.0,8.0,2.0,9.0
31,MDD,1413,False,8.0,4.0,9.0,8.0,2.0,7.0
32,MDD,1413,False,8.0,2.0,9.0,8.0,2.0,7.0
33,MDD,1413,False,8.0,2.0,9.0,8.0,2.0,7.0
34,MDD,1413,False,9.0,6.0,9.0,8.0,2.0,9.0
35,MDD,1413,False,8.0,2.0,9.0,8.0,2.0,7.0
36,MDD,1413,False,8.0,4.0,9.0,8.0,2.0,7.0
37,MDD,1413,False,8.0,2.0,9.0,8.0,2.0,7.0
38,MDD,1413,False,8.0,6.0,9.0,8.0,2.0,7.0
39,MDD,1413,False,8.0,4.0,9.0,8.0,2.0,9.0
40,MDD,1413,False,8.0,4.0,9.0,8.0,2.0,7.0
41,MDD,1413,False,8.0,4.0,9.0,9.0,2.0,8.0
42,MDD,1413,False,8.0,4.0,9.0,8.0,2.0,9.0
43,MDD,1413,False,8.0,4.0,9.0,8.0,2.0,7.0
44,MDD,1413,False,8.0,2.0,9.0,8.0,2.0,7.0
45,MDD,1413,False,8.0,4.0,9.0,8.0,2.0,7.0
46,MDD,1413,False,8.0,4.0,9.0,9.0,2.0,8.0
47,MDD,1413,False,8.0,6.0,9.0,8.0,2.0,7.0
48,MDD,1413,False,9.0,6.0,9.0,8.0,2.0,8.0
49,MDD,1413,False,8.0,4.0,9.0,8.0,2.0,9.0
50,MDD,1413,False,9.0,4.0,9.0,8.0,2.0,9.0
51,MDD,1413,False,8.0,6.0,9.0,8.0,2.0,7.0
52,MDD,1413,False,8.0,2.0,9.0,8.0,2.0,7.0
53,MDD,1413,False,9.0,6.0,9.0,8.0,2.0,8.0
54,MDD,1413,False,8.0,4.0,9.0,8.0,2.0,9.0
55,MDD,1413,False,9.0,6.0,9.0,8.0,2.0,8.0
56,MDD,1413,False,8.0,2.0,9.0,8.0,2.0,7.0
57,MDD,1413,False,8.0,4.0,9.0,8.0,2.0,7.0
58,MDD,1413,False,8.0,4.0,9.0,8.0,2.0,7.0
59,MDD,1413,False,8.0,2.0,9.0,7.0,2.0,8.0
60,MDD,1413,False,8.0,4.0,9.0,8.0,2.0,7.0
61,MDD,1413,False,8.0,4.0,9.0,8.0,2.0,7.0
62,MDD,1413,False,8.0,4.0,9.0,8.0,2.0,9.0
63,MDD,1413,False,9.0,4.0,9.0,8.0,2.0,8.0
64,MDD,1413,False,8.0,4.0,9.0,8.0,2.0,7.0
65,MDD,1413,False,8.0,4.0,9.0,8.0,2.0,9.0
66,MDD,1413,False,9.0,6.0,9.0,8.0,2.0,8.0
67,MDD,1413,False,8.0,2.0,9.0,8.0,2.0,7.0
68,MDD,1413,False,9.0,6.0,9.0,8.0,2.0,8.0
69,MDD,1413,False,8.0,2.0,9.0,8.0,2.0,9.0
70,MDD,1413,False,8.0,4.0,9.0,8.0,2.0,7.0
71,MDD,1413,False,8.0,4.0,9.0,8.0,2.0,7.0
72,MDD,1413,False,8.0,2.0,9.0,8.0,2.0,7.0
73,MDD,1413,False,8.0,6.0,9.0,8.0,2.0,7.0
74,MDD,1413,False,8.0,2.0,9.0,8.0,2.0,7.0
75,MDD,1413,False,8.0,4.0,9.0,8.0,2.0,7.0
76,MDD,1413,False,8.0,2.0,9.0,8.0,2.0,7.0
77,MDD,1413,False,8.0,6.0,9.0,8.0,2.0,9.0
78,MDD,1413,False,8.0,2.0,9.0,8.0,2.0,9.0
79,MDD,1413,False,8.0,6.0,9.0,8.0,2.0,7.0
80,MDD,1413,False,8.0,4.0,9.0,8.0,2.0,7.0
81,MDD,1413,False,8.0,4.0,9.0,8.0,2.0,7.0
82,MDD,1413,False,8.0,4.0,9.0,8.0,2.0,7.0
83,MDD,1413,False,8.0,2.0,9.0,8.0,2.0,7.0
84,MDD,1413,False,8.0,4.0,9.0,8.0,2.0,9.0
85,MDD,1413,False,8.0,6.0,9.0,8.0,2.0,7.0
86,MDD,1413,False,8.0,2.0,9.0,8.0,2.0,7.0
87,MDD,1413,False,8.0,4.0,9.0,8.0,2.0,9.0
88,MDD,1413,False,8.0,6.0,9.0,8.0,2.0,7.0
89,MDD,1413,False,8.0,4.0,9.0,8.0,2.0,7.0
90,MDD,1413,False,8.0,4.0,9.0,8.0,2.0,7.0
91,MDD,1413,False,8.0,4.0,9.0,8.0,2.0,7.0
92,MDD,1413,False,8.0,2.0,9.0,8.0,2.0,7.0
93,MDD,1413,False,8.0,2.0,9.0,8.0,2.0,7.0
94,MDD,1413,False,8.0,4.0,9.0,8.0,2.0,7.0
95,MDD,1413,False,8.0,2.0,9.0,8.0,2.0,7.0
96,MDD,1413,False,8.0,4.0,9.0,8.0,2.0,7.0
97,MDD,1413,False,8.0,4.0,9.0,8.0,2.0,7.0
98,MDD,1413,False,8.0,4.0,9.0,8.0,2.0,7.0
99,MDD,1413,False,9.0,6.0,9.0,8.0,2.0,9.0
0,MDD,1414,False,8.0,0.0,8.0,7.0,6.0,4.0
1,MDD,1414,False,6.0,2.0,8.0,7.0,4.0,5.0
2,MDD,1414,False,6.0,2.0,8.0,7.0,4.0,5.0
3,MDD,1414,False,8.0,0.0,9.0,8.0,6.0,7.0
4,MDD,1414,False,6.0,2.0,8.0,7.0,4.0,5.0
5,MDD,1414,False,8.0,2.0,9.0,7.0,4.0,6.0
6,MDD,1414,False,6.0,2.0,8.0,7.0,4.0,5.0
7,MDD,1414,False,6.0,2.0,8.0,7.0,4.0,5.0
8,MDD,1414,False,6.0,2.0,8.0,7.0,4.0,5.0
9,MDD,1414,False,8.0,2.0,9.0,7.0,4.0,6.0
10,MDD,1414,False,6.0,2.0,8.0,7.0,4.0,5.0
11,MDD,1414,False,6.0,2.0,8.0,7.0,4.0,5.0
12,MDD,1414,False,8.0,2.0,9.0,7.0,6.0,5.0
13,MDD,1414,False,6.0,2.0,8.0,7.0,4.0,5.0
14,MDD,1414,False,6.0,2.0,8.0,7.0,4.0,5.0
15,MDD,1414,False,6.0,2.0,8.0,7.0,4.0,5.0
16,MDD,1414,False,6.0,0.0,8.0,7.0,4.0,5.0
17,MDD,1414,False,8.0,2.0,9.0,7.0,4.0,6.0
18,MDD,1414,False,6.0,2.0,8.0,7.0,5.0,4.0
19,MDD,1414,False,6.0,2.0,8.0,7.0,4.0,5.0
20,MDD,1414,False,8.0,2.0,9.0,7.0,4.0,6.0
21,MDD,1414,False,6.0,2.0,8.0,7.0,5.0,4.0
22,MDD,1414,False,6.0,2.0,8.0,7.0,4.0,5.0
23,MDD,1414,False,6.0,0.0,8.0,7.0,4.0,5.0
24,MDD,1414,False,6.0,2.0,8.0,7.0,4.0,5.0
25,MDD,1414,False,6.0,2.0,8.0,7.0,4.0,5.0
26,MDD,1414,False,6.0,2.0,8.0,7.0,5.0,4.0
27,MDD,1414,False,6.0,0.0,9.0,7.0,4.0,5.0
28,MDD,1414,False,6.0,2.0,8.0,7.0,5.0,4.0
29,MDD,1414,False,6.0,2.0,8.0,7.0,4.0,5.0
30,MDD,1414,False,6.0,0.0,8.0,7.0,5.0,4.0
31,MDD,1414,False,6.0,2.0,8.0,7.0,5.0,4.0
32,MDD,1414,False,6.0,0.0,8.0,7.0,4.0,5.0
33,MDD,1414,False,6.0,2.0,8.0,7.0,4.0,5.0
34,MDD,1414,False,6.0,2.0,8.0,7.0,4.0,5.0
35,MDD,1414,False,6.0,2.0,8.0,7.0,4.0,5.0
36,MDD,1414,False,6.0,2.0,8.0,7.0,5.0,4.0
37,MDD,1414,False,6.0,2.0,8.0,7.0,4.0,5.0
38,MDD,1414,False,6.0,2.0,8.0,7.0,4.0,5.0
39,MDD,1414,False,7.0,2.0,8.0,6.0,4.0,5.0
40,MDD,1414,False,6.0,2.0,8.0,7.0,4.0,5.0
41,MDD,1414,False,6.0,0.0,8.0,7.0,4.0,5.0
42,MDD,1414,False,7.0,2.0,9.0,8.0,4.0,6.0
43,MDD,1414,False,7.0,2.0,8.0,6.0,5.0,4.0
44,MDD,1414,False,7.0,2.0,9.0,8.0,4.0,6.0
45,MDD,1414,False,7.0,0.0,9.0,6.0,5.0,4.0
46,MDD,1414,False,6.0,2.0,8.0,7.0,5.0,4.0
47,MDD,1414,False,6.0,2.0,8.0,7.0,4.0,5.0
48,MDD,1414,False,6.0,2.0,8.0,7.0,4.0,5.0
49,MDD,1414,False,6.0,0.0,8.0,7.0,4.0,5.0
50,MDD,1414,False,6.0,0.0,8.0,7.0,5.0,4.0
51,MDD,1414,False,6.0,2.0,8.0,7.0,4.0,5.0
52,MDD,1414,False,6.0,2.0,8.0,7.0,4.0,5.0
53,MDD,1414,False,7.0,2.0,8.0,6.0,5.0,4.0
54,MDD,1414,False,6.0,2.0,8.0,7.0,4.0,5.0
55,MDD,1414,False,6.0,0.0,8.0,7.0,4.0,5.0
56,MDD,1414,False,7.0,2.0,8.0,6.0,5.0,4.0
57,MDD,1414,False,6.0,2.0,8.0,7.0,4.0,5.0
58,MDD,1414,False,6.0,0.0,8.0,7.0,4.0,5.0
59,MDD,1414,False,6.0,0.0,8.0,7.0,4.0,5.0
60,MDD,1414,False,6.0,2.0,8.0,7.0,5.0,4.0
61,MDD,1414,False,8.0,2.0,9.0,7.0,5.0,6.0
62,MDD,1414,False,6.0,2.0,8.0,7.0,4.0,5.0
63,MDD,1414,False,8.0,0.0,9.0,7.0,6.0,5.0
64,MDD,1414,False,6.0,0.0,8.0,7.0,4.0,5.0
65,MDD,1414,False,6.0,0.0,8.0,7.0,4.0,5.0
66,MDD,1414,False,6.0,0.0,9.0,7.0,5.0,4.0
67,MDD,1414,False,8.0,2.0,9.0,8.0,4.0,6.0
68,MDD,1414,False,7.0,2.0,9.0,8.0,4.0,6.0
69,MDD,1414,False,7.0,2.0,8.0,6.0,5.0,4.0
70,MDD,1414,False,8.0,2.0,9.0,8.0,4.0,6.0
71,MDD,1414,False,8.0,2.0,9.0,7.0,4.0,6.0
72,MDD,1414,False,6.0,2.0,8.0,7.0,4.0,5.0
73,MDD,1414,False,7.0,0.0,9.0,8.0,4.0,6.0
74,MDD,1414,False,6.0,2.0,8.0,7.0,4.0,5.0
75,MDD,1414,False,7.0,2.0,9.0,8.0,4.0,6.0
76,MDD,1414,False,7.0,2.0,8.0,6.0,5.0,4.0
77,MDD,1414,False,6.0,2.0,8.0,7.0,4.0,5.0
78,MDD,1414,False,8.0,2.0,9.0,7.0,4.0,6.0
79,MDD,1414,False,6.0,2.0,8.0,7.0,4.0,5.0
80,MDD,1414,False,6.0,2.0,8.0,7.0,4.0,5.0
81,MDD,1414,False,8.0,2.0,9.0,7.0,4.0,6.0
82,MDD,1414,False,8.0,2.0,9.0,7.0,4.0,6.0
83,MDD,1414,False,6.0,2.0,8.0,7.0,5.0,4.0
84,MDD,1414,False,6.0,2.0,8.0,7.0,4.0,5.0
85,MDD,1414,False,7.0,2.0,8.0,6.0,5.0,4.0
86,MDD,1414,False,6.0,2.0,8.0,7.0,4.0,5.0
87,MDD,1414,False,6.0,2.0,8.0,7.0,4.0,5.0
88,MDD,1414,False,8.0,2.0,9.0,8.0,4.0,6.0
89,MDD,1414,False,6.0,2.0,8.0,7.0,4.0,5.0
90,MDD,1414,False,7.0,2.0,8.0,6.0,5.0,4.0
91,MDD,1414,False,7.0,2.0,8.0,6.0,4.0,5.0
92,MDD,1414,False,6.0,2.0,8.0,7.0,5.0,4.0
93,MDD,1414,False,6.0,2.0,8.0,7.0,4.0,5.0
94,MDD,1414,False,8.0,2.0,9.0,7.0,6.0,5.0
95,MDD,1414,False,6.0,2.0,8.0,7.0,4.0,5.0
96,MDD,1414,False,7.0,2.0,8.0,6.0,5.0,4.0
97,MDD,1414,False,6.0,2.0,8.0,7.0,4.0,5.0
98,MDD,1414,False,6.0,2.0,8.0,7.0,4.0,5.0
99,MDD,1414,False,6.0,2.0,8.0,7.0,4.0,5.0
0,MDD,1415,False,6.0,2.0,8.0,7.0,5.0,4.0
1,MDD,1415,False,4.0,2.0,6.0,5.0,6.0,4.0
2,MDD,1415,False,6.0,2.0,8.0,7.0,5.0,4.0
3,MDD,1415,False,6.0,2.0,8.0,7.0,5.0,6.0
4,MDD,1415,False,6.0,2.0,8.0,7.0,5.0,6.0
5,MDD,1415,False,6.0,2.0,8.0,7.0,5.0,6.0
6,MDD,1415,False,6.0,2.0,8.0,7.0,5.0,6.0
7,MDD,1415,False,4.0,2.0,6.0,5.0,6.0,4.0
8,MDD,1415,False,6.0,2.0,8.0,7.0,5.0,4.0
9,MDD,1415,False,4.0,2.0,6.0,6.0,5.0,4.0
10,MDD,1415,False,6.0,2.0,8.0,7.0,5.0,4.0
11,MDD,1415,False,4.0,2.0,6.0,6.0,5.0,4.0
12,MDD,1415,False,6.0,2.0,8.0,7.0,5.0,6.0
13,MDD,1415,False,4.0,2.0,6.0,6.0,5.0,4.0
14,MDD,1415,False,4.0,2.0,6.0,6.0,5.0,4.0
15,MDD,1415,False,4.0,2.0,6.0,5.0,6.0,4.0
16,MDD,1415,False,6.0,2.0,8.0,7.0,5.0,6.0
17,MDD,1415,False,4.0,2.0,6.0,6.0,5.0,4.0
18,MDD,1415,False,4.0,2.0,6.0,6.0,5.0,5.0
19,MDD,1415,False,6.0,2.0,8.0,7.0,5.0,4.0
20,MDD,1415,False,6.0,2.0,8.0,7.0,5.0,6.0
21,MDD,1415,False,6.0,2.0,8.0,7.0,5.0,6.0
22,MDD,1415,False,6.0,2.0,8.0,7.0,5.0,4.0
23,MDD,1415,False,6.0,2.0,8.0,7.0,5.0,4.0
24,MDD,1415,False,6.0,2.0,8.0,7.0,5.0,4.0
25,MDD,1415,False,6.0,2.0,8.0,7.0,5.0,6.0
26,MDD,1415,False,6.0,2.0,8.0,7.0,5.0,4.0
27,MDD,1415,False,4.0,2.0,6.0,6.0,5.0,4.0
28,MDD,1415,False,6.0,2.0,8.0,7.0,5.0,4.0
29,MDD,1415,False,4.0,2.0,6.0,5.0,6.0,4.0
30,MDD,1415,False,6.0,2.0,8.0,7.0,5.0,6.0
31,MDD,1415,False,6.0,2.0,8.0,7.0,5.0,4.0
32,MDD,1415,False,4.0,2.0,6.0,6.0,5.0,4.0
33,MDD,1415,False,6.0,2.0,8.0,7.0,5.0,6.0
34,MDD,1415,False,6.0,2.0,8.0,7.0,5.0,6.0
35,MDD,1415,False,6.0,2.0,8.0,7.0,5.0,4.0
36,MDD,1415,False,6.0,2.0,8.0,7.0,5.0,4.0
37,MDD,1415,False,6.0,2.0,8.0,7.0,5.0,4.0
38,MDD,1415,False,4.0,2.0,6.0,6.0,5.0,4.0
39,MDD,1415,False,6.0,2.0,8.0,7.0,5.0,4.0
40,MDD,1415,False,6.0,2.0,8.0,7.0,5.0,6.0
41,MDD,1415,False,6.0,2.0,8.0,7.0,5.0,4.0
42,MDD,1415,False,6.0,2.0,8.0,7.0,5.0,4.0
43,MDD,1415,False,4.0,2.0,6.0,6.0,5.0,5.0
44,MDD,1415,False,6.0,2.0,8.0,7.0,5.0,4.0
45,MDD,1415,False,6.0,2.0,8.0,7.0,5.0,4.0
46,MDD,1415,False,6.0,2.0,8.0,7.0,5.0,6.0
47,MDD,1415,False,4.0,2.0,6.0,5.0,6.0,4.0
48,MDD,1415,False,6.0,2.0,8.0,7.0,5.0,4.0
49,MDD,1415,False,6.0,2.0,8.0,7.0,5.0,6.0
50,MDD,1415,False,6.0,2.0,8.0,7.0,5.0,4.0
51,MDD,1415,False,6.0,2.0,8.0,7.0,5.0,6.0
52,MDD,1415,False,6.0,2.0,8.0,7.0,5.0,4.0
53,MDD,1415,False,6.0,2.0,8.0,7.0,5.0,4.0
54,MDD,1415,False,6.0,2.0,8.0,7.0,5.0,4.0
55,MDD,1415,False,6.0,2.0,8.0,7.0,5.0,6.0
56,MDD,1415,False,6.0,2.0,8.0,7.0,5.0,6.0
57,MDD,1415,False,6.0,2.0,8.0,7.0,5.0,4.0
58,MDD,1415,False,6.0,2.0,8.0,7.0,5.0,4.0
59,MDD,1415,False,6.0,2.0,8.0,7.0,5.0,4.0
60,MDD,1415,False,6.0,2.0,8.0,7.0,5.0,4.0
61,MDD,1415,False,6.0,2.0,8.0,7.0,5.0,6.0
62,MDD,1415,False,6.0,2.0,8.0,7.0,5.0,4.0
63,MDD,1415,False,6.0,2.0,8.0,7.0,5.0,6.0
64,MDD,1415,False,4.0,2.0,6.0,6.0,5.0,4.0
65,MDD,1415,False,6.0,2.0,8.0,7.0,5.0,4.0
66,MDD,1415,False,6.0,2.0,8.0,7.0,5.0,6.0
67,MDD,1415,False,6.0,2.0,8.0,7.0,5.0,4.0
68,MDD,1415,False,6.0,2.0,8.0,7.0,5.0,4.0
69,MDD,1415,False,6.0,2.0,8.0,7.0,5.0,4.0
70,MDD,1415,False,6.0,2.0,8.0,7.0,5.0,4.0
71,MDD,1415,False,6.0,2.0,8.0,7.0,5.0,4.0
72,MDD,1415,False,6.0,2.0,8.0,7.0,5.0,4.0
73,MDD,1415,False,6.0,2.0,8.0,7.0,5.0,6.0
74,MDD,1415,False,6.0,2.0,8.0,7.0,5.0,4.0
75,MDD,1415,False,6.0,2.0,8.0,7.0,5.0,4.0
76,MDD,1415,False,6.0,2.0,8.0,7.0,5.0,4.0
77,MDD,1415,False,4.0,2.0,6.0,5.0,6.0,4.0
78,MDD,1415,False,6.0,2.0,8.0,7.0,5.0,4.0
79,MDD,1415,False,6.0,2.0,8.0,7.0,5.0,6.0
80,MDD,1415,False,6.0,2.0,8.0,7.0,5.0,4.0
81,MDD,1415,False,4.0,2.0,6.0,5.0,6.0,4.0
82,MDD,1415,False,6.0,2.0,8.0,7.0,5.0,6.0
83,MDD,1415,False,6.0,2.0,8.0,7.0,5.0,4.0
84,MDD,1415,False,6.0,2.0,8.0,7.0,5.0,4.0
85,MDD,1415,False,4.0,2.0,6.0,6.0,5.0,4.0
86,MDD,1415,False,6.0,2.0,8.0,7.0,5.0,6.0
87,MDD,1415,False,6.0,2.0,8.0,7.0,5.0,4.0
88,MDD,1415,False,6.0,2.0,8.0,7.0,5.0,4.0
89,MDD,1415,False,6.0,2.0,8.0,7.0,5.0,6.0
90,MDD,1415,False,4.0,2.0,6.0,6.0,5.0,4.0
91,MDD,1415,False,6.0,2.0,8.0,7.0,5.0,4.0
92,MDD,1415,False,6.0,2.0,8.0,7.0,5.0,4.0
93,MDD,1415,False,6.0,2.0,8.0,7.0,5.0,4.0
94,MDD,1415,False,6.0,3.0,7.0,6.0,5.0,4.0
95,MDD,1415,False,6.0,2.0,8.0,7.0,5.0,6.0
96,MDD,1415,False,6.0,2.0,8.0,7.0,5.0,6.0
97,MDD,1415,False,6.0,2.0,8.0,7.0,5.0,4.0
98,MDD,1415,False,6.0,2.0,8.0,7.0,5.0,6.0
99,MDD,1415,False,6.0,2.0,8.0,7.0,5.0,4.0
0,MDD,1416,False,6.0,2.0,8.0,7.0,5.0,4.0
1,MDD,1416,False,6.0,0.0,8.0,7.0,5.0,4.0
2,MDD,1416,False,6.0,0.0,8.0,7.0,5.0,4.0
3,MDD,1416,False,6.0,2.0,8.0,7.0,5.0,4.0
4,MDD,1416,False,6.0,0.0,8.0,7.0,5.0,4.0
5,MDD,1416,False,6.0,2.0,8.0,7.0,5.0,4.0
6,MDD,1416,False,6.0,0.0,8.0,7.0,5.0,4.0
7,MDD,1416,False,6.0,2.0,8.0,7.0,5.0,4.0
8,MDD,1416,False,6.0,0.0,8.0,7.0,5.0,4.0
9,MDD,1416,False,6.0,2.0,8.0,7.0,5.0,4.0
10,MDD,1416,False,6.0,0.0,6.0,7.0,5.0,4.0
11,MDD,1416,False,6.0,2.0,8.0,7.0,5.0,4.0
12,MDD,1416,False,6.0,2.0,8.0,7.0,5.0,4.0
13,MDD,1416,False,6.0,2.0,8.0,7.0,5.0,4.0
14,MDD,1416,False,6.0,2.0,8.0,7.0,4.0,5.0
15,MDD,1416,False,6.0,2.0,8.0,7.0,5.0,4.0
16,MDD,1416,False,6.0,2.0,8.0,7.0,5.0,4.0
17,MDD,1416,False,6.0,2.0,8.0,7.0,5.0,4.0
18,MDD,1416,False,6.0,0.0,8.0,7.0,5.0,4.0
19,MDD,1416,False,6.0,2.0,8.0,7.0,5.0,4.0
20,MDD,1416,False,7.0,2.0,8.0,8.0,5.0,4.0
21,MDD,1416,False,6.0,2.0,8.0,7.0,5.0,4.0
22,MDD,1416,False,6.0,2.0,8.0,7.0,5.0,4.0
23,MDD,1416,False,6.0,2.0,8.0,7.0,5.0,4.0
24,MDD,1416,False,6.0,0.0,6.0,7.0,5.0,4.0
25,MDD,1416,False,6.0,2.0,8.0,7.0,5.0,4.0
26,MDD,1416,False,6.0,0.0,6.0,8.0,5.0,4.0
27,MDD,1416,False,6.0,2.0,8.0,7.0,5.0,4.0
28,MDD,1416,False,6.0,2.0,8.0,7.0,5.0,4.0
29,MDD,1416,False,6.0,0.0,8.0,7.0,5.0,4.0
30,MDD,1416,False,6.0,0.0,6.0,7.0,5.0,4.0
31,MDD,1416,False,6.0,2.0,8.0,7.0,5.0,4.0
32,MDD,1416,False,6.0,2.0,8.0,7.0,5.0,4.0
33,MDD,1416,False,6.0,2.0,8.0,7.0,5.0,4.0
34,MDD,1416,False,6.0,2.0,8.0,7.0,5.0,4.0
35,MDD,1416,False,6.0,0.0,6.0,7.0,5.0,4.0
36,MDD,1416,False,6.0,2.0,8.0,7.0,5.0,4.0
37,MDD,1416,False,6.0,0.0,6.0,7.0,5.0,4.0
38,MDD,1416,False,6.0,0.0,6.0,7.0,5.0,4.0
39,MDD,1416,False,6.0,2.0,8.0,7.0,5.0,4.0
40,MDD,1416,False,6.0,2.0,8.0,7.0,5.0,4.0
41,MDD,1416,False,6.0,2.0,8.0,7.0,5.0,4.0
42,MDD,1416,False,6.0,2.0,8.0,7.0,5.0,4.0
43,MDD,1416,False,6.0,2.0,8.0,7.0,5.0,4.0
44,MDD,1416,False,6.0,2.0,8.0,7.0,5.0,4.0
45,MDD,1416,False,6.0,2.0,8.0,7.0,5.0,4.0
46,MDD,1416,False,6.0,2.0,8.0,7.0,5.0,4.0
47,MDD,1416,False,6.0,0.0,6.0,7.0,5.0,4.0
48,MDD,1416,False,6.0,2.0,8.0,7.0,5.0,4.0
49,MDD,1416,False,6.0,0.0,6.0,7.0,5.0,4.0
50,MDD,1416,False,6.0,2.0,8.0,7.0,5.0,4.0
51,MDD,1416,False,6.0,2.0,8.0,7.0,5.0,4.0
52,MDD,1416,False,6.0,0.0,6.0,7.0,5.0,4.0
53,MDD,1416,False,6.0,2.0,8.0,7.0,5.0,4.0
54,MDD,1416,False,6.0,2.0,8.0,7.0,5.0,4.0
55,MDD,1416,False,6.0,2.0,8.0,7.0,5.0,4.0
56,MDD,1416,False,6.0,2.0,8.0,7.0,5.0,4.0
57,MDD,1416,False,6.0,2.0,8.0,7.0,5.0,4.0
58,MDD,1416,False,6.0,2.0,8.0,7.0,5.0,4.0
59,MDD,1416,False,6.0,0.0,8.0,7.0,5.0,4.0
60,MDD,1416,False,6.0,0.0,6.0,7.0,5.0,4.0
61,MDD,1416,False,6.0,0.0,8.0,7.0,5.0,4.0
62,MDD,1416,False,6.0,0.0,8.0,7.0,5.0,4.0
63,MDD,1416,False,6.0,2.0,8.0,7.0,5.0,4.0
64,MDD,1416,False,6.0,2.0,8.0,7.0,5.0,4.0
65,MDD,1416,False,6.0,0.0,6.0,7.0,5.0,4.0
66,MDD,1416,False,6.0,0.0,6.0,7.0,5.0,4.0
67,MDD,1416,False,6.0,0.0,6.0,7.0,5.0,4.0
68,MDD,1416,False,6.0,2.0,8.0,7.0,5.0,4.0
69,MDD,1416,False,6.0,0.0,6.0,7.0,5.0,4.0
70,MDD,1416,False,6.0,0.0,6.0,7.0,5.0,4.0
71,MDD,1416,False,6.0,2.0,8.0,7.0,4.0,5.0
72,MDD,1416,False,6.0,2.0,8.0,7.0,5.0,4.0
73,MDD,1416,False,6.0,2.0,8.0,7.0,5.0,4.0
74,MDD,1416,False,6.0,2.0,8.0,7.0,5.0,4.0
75,MDD,1416,False,6.0,0.0,6.0,7.0,5.0,4.0
76,MDD,1416,False,6.0,2.0,8.0,7.0,5.0,4.0
77,MDD,1416,False,6.0,2.0,8.0,7.0,5.0,4.0
78,MDD,1416,False,6.0,2.0,8.0,7.0,5.0,4.0
79,MDD,1416,False,6.0,0.0,8.0,7.0,4.0,3.0
80,MDD,1416,False,6.0,0.0,8.0,7.0,5.0,4.0
81,MDD,1416,False,6.0,2.0,8.0,7.0,5.0,4.0
82,MDD,1416,False,6.0,0.0,8.0,7.0,5.0,4.0
83,MDD,1416,False,6.0,2.0,8.0,7.0,5.0,4.0
84,MDD,1416,False,6.0,0.0,8.0,7.0,5.0,4.0
85,MDD,1416,False,6.0,0.0,6.0,7.0,5.0,4.0
86,MDD,1416,False,6.0,2.0,8.0,7.0,5.0,4.0
87,MDD,1416,False,6.0,2.0,8.0,7.0,5.0,4.0
88,MDD,1416,False,6.0,2.0,8.0,7.0,5.0,4.0
89,MDD,1416,False,6.0,2.0,8.0,7.0,5.0,4.0
90,MDD,1416,False,6.0,0.0,8.0,7.0,5.0,4.0
91,MDD,1416,False,6.0,2.0,8.0,7.0,5.0,4.0
92,MDD,1416,False,6.0,2.0,8.0,7.0,5.0,4.0
93,MDD,1416,False,6.0,0.0,8.0,7.0,5.0,4.0
94,MDD,1416,False,6.0,0.0,6.0,7.0,5.0,4.0
95,MDD,1416,False,6.0,0.0,6.0,7.0,5.0,4.0
96,MDD,1416,False,6.0,2.0,8.0,7.0,5.0,4.0
97,MDD,1416,False,6.0,2.0,8.0,7.0,5.0,4.0
98,MDD,1416,False,6.0,0.0,8.0,7.0,5.0,4.0
99,MDD,1416,False,6.0,0.0,6.0,7.0,5.0,4.0
0,MDD,1417,False,8.0,2.0,8.0,9.0,3.0,8.0
1,MDD,1417,False,8.0,2.0,9.0,9.0,3.0,8.0
2,MDD,1417,False,6.0,2.0,8.0,8.0,4.0,7.0
3,MDD,1417,False,7.0,2.0,8.0,8.0,4.0,8.0
4,MDD,1417,False,8.0,2.0,9.0,8.0,4.0,7.0
5,MDD,1417,False,8.0,2.0,9.0,8.0,4.0,9.0
6,MDD,1417,False,8.0,2.0,8.0,9.0,3.0,8.0
7,MDD,1417,False,8.0,2.0,8.0,9.0,3.0,8.0
8,MDD,1417,False,8.0,2.0,9.0,8.0,3.0,8.0
9,MDD,1417,False,7.0,2.0,8.0,8.0,4.0,9.0
10,MDD,1417,False,7.0,2.0,8.0,8.0,4.0,9.0
11,MDD,1417,False,8.0,2.0,9.0,9.0,3.0,8.0
12,MDD,1417,False,6.0,2.0,8.0,8.0,4.0,7.0
13,MDD,1417,False,7.0,2.0,8.0,8.0,3.0,9.0
14,MDD,1417,False,6.0,2.0,8.0,8.0,4.0,7.0
15,MDD,1417,False,8.0,2.0,9.0,8.0,4.0,8.0
16,MDD,1417,False,8.0,2.0,9.0,8.0,4.0,7.0
17,MDD,1417,False,8.0,2.0,9.0,8.0,3.0,8.0
18,MDD,1417,False,8.0,2.0,9.0,9.0,3.0,8.0
19,MDD,1417,False,8.0,2.0,8.0,9.0,2.0,8.0
20,MDD,1417,False,8.0,2.0,9.0,8.0,4.0,7.0
21,MDD,1417,False,8.0,2.0,9.0,9.0,3.0,8.0
22,MDD,1417,False,6.0,2.0,8.0,8.0,4.0,7.0
23,MDD,1417,False,7.0,2.0,8.0,8.0,3.0,8.0
24,MDD,1417,False,8.0,2.0,9.0,8.0,3.0,8.0
25,MDD,1417,False,8.0,2.0,9.0,8.0,4.0,7.0
26,MDD,1417,False,6.0,2.0,8.0,8.0,4.0,7.0
27,MDD,1417,False,8.0,2.0,9.0,8.0,4.0,9.0
28,MDD,1417,False,8.0,2.0,9.0,9.0,3.0,8.0
29,MDD,1417,False,7.0,2.0,8.0,8.0,4.0,8.0
30,MDD,1417,False,8.0,2.0,9.0,8.0,3.0,8.0
31,MDD,1417,False,8.0,2.0,9.0,8.0,4.0,9.0
32,MDD,1417,False,8.0,2.0,8.0,9.0,3.0,8.0
33,MDD,1417,False,7.0,2.0,8.0,8.0,4.0,8.0
34,MDD,1417,False,8.0,2.0,8.0,9.0,2.0,8.0
35,MDD,1417,False,8.0,2.0,9.0,8.0,3.0,8.0
36,MDD,1417,False,7.0,2.0,8.0,8.0,4.0,9.0
37,MDD,1417,False,8.0,2.0,9.0,8.0,4.0,9.0
38,MDD,1417,False,8.0,2.0,9.0,8.0,4.0,8.0
39,MDD,1417,False,7.0,2.0,8.0,8.0,3.0,8.0
40,MDD,1417,False,8.0,2.0,9.0,8.0,3.0,7.0
41,MDD,1417,False,8.0,2.0,9.0,8.0,4.0,9.0
42,MDD,1417,False,6.0,2.0,8.0,8.0,4.0,7.0
43,MDD,1417,False,8.0,2.0,8.0,9.0,3.0,8.0
44,MDD,1417,False,6.0,2.0,8.0,8.0,4.0,7.0
45,MDD,1417,False,6.0,2.0,8.0,8.0,4.0,7.0
46,MDD,1417,False,8.0,2.0,8.0,9.0,3.0,8.0
47,MDD,1417,False,8.0,2.0,9.0,8.0,3.0,8.0
48,MDD,1417,False,8.0,2.0,8.0,9.0,4.0,8.0
49,MDD,1417,False,6.0,2.0,8.0,8.0,4.0,7.0
50,MDD,1417,False,8.0,2.0,9.0,9.0,3.0,8.0
51,MDD,1417,False,6.0,2.0,8.0,8.0,4.0,7.0
52,MDD,1417,False,8.0,2.0,9.0,8.0,4.0,9.0
53,MDD,1417,False,8.0,2.0,9.0,8.0,3.0,9.0
54,MDD,1417,False,8.0,2.0,9.0,8.0,4.0,7.0
55,MDD,1417,False,8.0,2.0,9.0,8.0,4.0,7.0
56,MDD,1417,False,8.0,2.0,9.0,8.0,4.0,8.0
57,MDD,1417,False,7.0,2.0,8.0,8.0,3.0,8.0
58,MDD,1417,False,8.0,2.0,8.0,9.0,3.0,8.0
59,MDD,1417,False,8.0,2.0,9.0,8.0,4.0,9.0
60,MDD,1417,False,7.0,2.0,8.0,8.0,4.0,8.0
61,MDD,1417,False,8.0,2.0,9.0,8.0,4.0,9.0
62,MDD,1417,False,8.0,2.0,8.0,9.0,3.0,8.0
63,MDD,1417,False,6.0,2.0,8.0,8.0,3.0,7.0
64,MDD,1417,False,8.0,2.0,8.0,9.0,3.0,8.0
65,MDD,1417,False,7.0,2.0,8.0,8.0,4.0,9.0
66,MDD,1417,False,8.0,2.0,9.0,8.0,4.0,9.0
67,MDD,1417,False,8.0,2.0,9.0,9.0,3.0,8.0
68,MDD,1417,False,8.0,2.0,8.0,9.0,3.0,8.0
69,MDD,1417,False,8.0,2.0,9.0,8.0,4.0,9.0
70,MDD,1417,False,8.0,2.0,8.0,9.0,3.0,8.0
71,MDD,1417,False,6.0,2.0,8.0,8.0,4.0,7.0
72,MDD,1417,False,8.0,2.0,9.0,8.0,3.0,9.0
73,MDD,1417,False,8.0,2.0,8.0,9.0,3.0,8.0
74,MDD,1417,False,8.0,2.0,9.0,8.0,4.0,8.0
75,MDD,1417,False,8.0,2.0,9.0,8.0,4.0,8.0
76,MDD,1417,False,6.0,2.0,8.0,8.0,4.0,7.0
77,MDD,1417,False,6.0,2.0,8.0,8.0,4.0,7.0
78,MDD,1417,False,8.0,2.0,9.0,8.0,3.0,8.0
79,MDD,1417,False,6.0,2.0,8.0,8.0,3.0,7.0
80,MDD,1417,False,7.0,2.0,8.0,8.0,4.0,9.0
81,MDD,1417,False,8.0,2.0,8.0,9.0,3.0,8.0
82,MDD,1417,False,8.0,2.0,9.0,9.0,3.0,8.0
83,MDD,1417,False,8.0,2.0,9.0,9.0,3.0,8.0
84,MDD,1417,False,8.0,2.0,9.0,9.0,3.0,8.0
85,MDD,1417,False,6.0,2.0,8.0,8.0,4.0,7.0
86,MDD,1417,False,6.0,2.0,8.0,8.0,4.0,7.0
87,MDD,1417,False,6.0,2.0,8.0,8.0,4.0,7.0
88,MDD,1417,False,6.0,2.0,8.0,8.0,4.0,7.0
89,MDD,1417,False,8.0,2.0,9.0,8.0,4.0,9.0
90,MDD,1417,False,7.0,2.0,8.0,8.0,3.0,8.0
91,MDD,1417,False,8.0,2.0,9.0,8.0,4.0,9.0
92,MDD,1417,False,6.0,2.0,8.0,8.0,4.0,7.0
93,MDD,1417,False,6.0,2.0,8.0,8.0,4.0,7.0
94,MDD,1417,False,8.0,2.0,8.0,9.0,3.0,8.0
95,MDD,1417,False,6.0,2.0,8.0,8.0,4.0,7.0
96,MDD,1417,False,8.0,2.0,9.0,8.0,3.0,9.0
97,MDD,1417,False,7.0,2.0,8.0,8.0,3.0,8.0
98,MDD,1417,False,8.0,2.0,9.0,8.0,3.0,7.0
99,MDD,1417,False,7.0,2.0,8.0,8.0,4.0,8.0
0,MDD,1419,False,8.0,0.0,8.0,9.0,2.0,6.0
1,MDD,1419,False,8.0,2.0,9.0,8.0,3.0,6.0
2,MDD,1419,False,8.0,0.0,8.0,9.0,2.0,6.0
3,MDD,1419,False,8.0,2.0,9.0,9.0,3.0,6.0
4,MDD,1419,False,8.0,2.0,9.0,9.0,2.0,6.0
5,MDD,1419,False,8.0,0.0,8.0,9.0,2.0,6.0
6,MDD,1419,False,8.0,2.0,9.0,9.0,3.0,6.0
7,MDD,1419,False,8.0,0.0,8.0,9.0,2.0,6.0
8,MDD,1419,False,8.0,0.0,8.0,9.0,2.0,6.0
9,MDD,1419,False,8.0,0.0,8.0,9.0,2.0,6.0
10,MDD,1419,False,8.0,2.0,9.0,9.0,3.0,6.0
11,MDD,1419,False,8.0,0.0,8.0,9.0,2.0,6.0
12,MDD,1419,False,8.0,2.0,9.0,8.0,4.0,6.0
13,MDD,1419,False,8.0,0.0,8.0,9.0,2.0,6.0
14,MDD,1419,False,8.0,2.0,9.0,9.0,2.0,6.0
15,MDD,1419,False,8.0,0.0,8.0,9.0,2.0,6.0
16,MDD,1419,False,8.0,2.0,9.0,9.0,3.0,6.0
17,MDD,1419,False,8.0,2.0,9.0,9.0,4.0,6.0
18,MDD,1419,False,8.0,0.0,8.0,9.0,2.0,6.0
19,MDD,1419,False,8.0,0.0,8.0,9.0,2.0,6.0
20,MDD,1419,False,8.0,0.0,8.0,9.0,2.0,6.0
21,MDD,1419,False,8.0,0.0,8.0,9.0,2.0,6.0
22,MDD,1419,False,8.0,2.0,9.0,9.0,3.0,6.0
23,MDD,1419,False,8.0,0.0,8.0,9.0,2.0,6.0
24,MDD,1419,False,8.0,0.0,8.0,9.0,2.0,6.0
25,MDD,1419,False,8.0,2.0,9.0,9.0,4.0,6.0
26,MDD,1419,False,8.0,2.0,9.0,9.0,3.0,6.0
27,MDD,1419,False,8.0,0.0,8.0,9.0,2.0,6.0
28,MDD,1419,False,8.0,2.0,9.0,9.0,3.0,6.0
29,MDD,1419,False,8.0,2.0,9.0,9.0,3.0,6.0
30,MDD,1419,False,8.0,0.0,8.0,9.0,2.0,6.0
31,MDD,1419,False,8.0,0.0,8.0,9.0,2.0,6.0
32,MDD,1419,False,8.0,2.0,8.0,9.0,2.0,6.0
33,MDD,1419,False,8.0,0.0,8.0,9.0,2.0,6.0
34,MDD,1419,False,8.0,2.0,9.0,9.0,3.0,6.0
35,MDD,1419,False,8.0,0.0,8.0,9.0,2.0,6.0
36,MDD,1419,False,8.0,0.0,8.0,9.0,2.0,6.0
37,MDD,1419,False,8.0,0.0,8.0,9.0,2.0,6.0
38,MDD,1419,False,8.0,0.0,8.0,9.0,2.0,6.0
39,MDD,1419,False,8.0,2.0,9.0,9.0,3.0,7.0
40,MDD,1419,False,8.0,2.0,9.0,9.0,3.0,7.0
41,MDD,1419,False,8.0,2.0,9.0,9.0,3.0,6.0
42,MDD,1419,False,8.0,2.0,9.0,9.0,4.0,7.0
43,MDD,1419,False,8.0,2.0,9.0,9.0,2.0,6.0
44,MDD,1419,False,8.0,2.0,9.0,9.0,3.0,7.0
45,MDD,1419,False,8.0,0.0,8.0,9.0,2.0,6.0
46,MDD,1419,False,8.0,0.0,8.0,9.0,2.0,6.0
47,MDD,1419,False,8.0,0.0,8.0,9.0,2.0,6.0
48,MDD,1419,False,8.0,0.0,8.0,9.0,2.0,6.0
49,MDD,1419,False,8.0,2.0,9.0,9.0,3.0,6.0
50,MDD,1419,False,8.0,2.0,9.0,9.0,4.0,6.0
51,MDD,1419,False,8.0,2.0,9.0,9.0,3.0,7.0
52,MDD,1419,False,8.0,0.0,8.0,9.0,2.0,6.0
53,MDD,1419,False,8.0,0.0,8.0,9.0,2.0,6.0
54,MDD,1419,False,8.0,2.0,9.0,9.0,3.0,7.0
55,MDD,1419,False,8.0,2.0,9.0,9.0,3.0,6.0
56,MDD,1419,False,8.0,2.0,9.0,9.0,3.0,6.0
57,MDD,1419,False,8.0,2.0,9.0,9.0,4.0,6.0
58,MDD,1419,False,8.0,2.0,9.0,8.0,4.0,6.0
59,MDD,1419,False,8.0,0.0,8.0,9.0,2.0,6.0
60,MDD,1419,False,8.0,0.0,8.0,9.0,2.0,6.0
61,MDD,1419,False,8.0,2.0,9.0,9.0,3.0,7.0
62,MDD,1419,False,8.0,2.0,9.0,9.0,3.0,7.0
63,MDD,1419,False,8.0,0.0,8.0,9.0,2.0,6.0
64,MDD,1419,False,8.0,0.0,8.0,9.0,2.0,6.0
65,MDD,1419,False,8.0,0.0,8.0,9.0,2.0,6.0
66,MDD,1419,False,8.0,2.0,9.0,8.0,4.0,6.0
67,MDD,1419,False,8.0,0.0,8.0,9.0,2.0,6.0
68,MDD,1419,False,8.0,0.0,8.0,9.0,2.0,6.0
69,MDD,1419,False,8.0,2.0,9.0,9.0,2.0,6.0
70,MDD,1419,False,8.0,2.0,9.0,9.0,3.0,6.0
71,MDD,1419,False,8.0,2.0,9.0,8.0,4.0,6.0
72,MDD,1419,False,8.0,2.0,9.0,9.0,2.0,6.0
73,MDD,1419,False,8.0,0.0,8.0,9.0,2.0,6.0
74,MDD,1419,False,8.0,2.0,9.0,9.0,3.0,6.0
75,MDD,1419,False,8.0,0.0,8.0,9.0,2.0,6.0
76,MDD,1419,False,8.0,0.0,8.0,9.0,2.0,6.0
77,MDD,1419,False,8.0,2.0,9.0,8.0,4.0,6.0
78,MDD,1419,False,8.0,0.0,8.0,9.0,2.0,6.0
79,MDD,1419,False,8.0,0.0,8.0,9.0,2.0,6.0
80,MDD,1419,False,8.0,0.0,8.0,9.0,2.0,6.0
81,MDD,1419,False,8.0,0.0,8.0,9.0,2.0,6.0
82,MDD,1419,False,8.0,0.0,8.0,9.0,2.0,6.0
83,MDD,1419,False,8.0,2.0,9.0,9.0,3.0,7.0
84,MDD,1419,False,8.0,0.0,8.0,9.0,2.0,6.0
85,MDD,1419,False,8.0,0.0,8.0,9.0,2.0,6.0
86,MDD,1419,False,8.0,2.0,9.0,8.0,4.0,6.0
87,MDD,1419,False,8.0,2.0,9.0,9.0,3.0,6.0
88,MDD,1419,False,8.0,0.0,8.0,9.0,2.0,6.0
89,MDD,1419,False,8.0,0.0,8.0,9.0,2.0,6.0
90,MDD,1419,False,8.0,0.0,8.0,9.0,2.0,6.0
91,MDD,1419,False,8.0,2.0,9.0,9.0,2.0,6.0
92,MDD,1419,False,8.0,0.0,8.0,9.0,2.0,6.0
93,MDD,1419,False,8.0,0.0,8.0,9.0,2.0,6.0
94,MDD,1419,False,8.0,0.0,8.0,9.0,2.0,6.0
95,MDD,1419,False,8.0,2.0,9.0,9.0,3.0,7.0
96,MDD,1419,False,8.0,0.0,8.0,9.0,2.0,6.0
97,MDD,1419,False,8.0,0.0,8.0,9.0,2.0,6.0
98,MDD,1419,False,8.0,2.0,9.0,9.0,3.0,6.0
99,MDD,1419,False,8.0,2.0,9.0,9.0,3.0,6.0
0,MDD,1420,False,8.0,3.0,9.0,8.0,4.0,6.0
1,MDD,1420,False,8.0,2.0,8.0,8.0,4.0,6.0
2,MDD,1420,False,8.0,4.0,9.0,8.0,4.0,7.0
3,MDD,1420,False,8.0,4.0,9.0,8.0,4.0,7.0
4,MDD,1420,False,8.0,4.0,9.0,8.0,4.0,6.0
5,MDD,1420,False,8.0,4.0,9.0,8.0,4.0,7.0
6,MDD,1420,False,8.0,4.0,9.0,8.0,3.0,6.0
7,MDD,1420,False,8.0,4.0,9.0,8.0,3.0,7.0
8,MDD,1420,False,8.0,4.0,8.0,8.0,4.0,6.0
9,MDD,1420,False,6.0,2.0,8.0,7.0,4.0,5.0
10,MDD,1420,False,8.0,4.0,9.0,8.0,3.0,7.0
11,MDD,1420,False,8.0,2.0,9.0,8.0,4.0,6.0
12,MDD,1420,False,7.0,4.0,8.0,8.0,4.0,6.0
13,MDD,1420,False,8.0,4.0,9.0,8.0,4.0,6.0
14,MDD,1420,False,8.0,4.0,9.0,8.0,3.0,7.0
15,MDD,1420,False,8.0,3.0,9.0,8.0,4.0,6.0
16,MDD,1420,False,8.0,4.0,9.0,8.0,3.0,6.0
17,MDD,1420,False,7.0,4.0,8.0,8.0,3.0,6.0
18,MDD,1420,False,8.0,2.0,9.0,8.0,3.0,6.0
19,MDD,1420,False,8.0,4.0,9.0,8.0,3.0,6.0
20,MDD,1420,False,8.0,3.0,9.0,8.0,4.0,6.0
21,MDD,1420,False,8.0,4.0,9.0,8.0,4.0,6.0
22,MDD,1420,False,8.0,3.0,9.0,8.0,4.0,7.0
23,MDD,1420,False,8.0,4.0,8.0,7.0,3.0,6.0
24,MDD,1420,False,8.0,2.0,9.0,8.0,4.0,6.0
25,MDD,1420,False,7.0,4.0,8.0,8.0,4.0,6.0
26,MDD,1420,False,8.0,4.0,9.0,8.0,3.0,6.0
27,MDD,1420,False,8.0,4.0,9.0,8.0,3.0,6.0
28,MDD,1420,False,8.0,4.0,9.0,8.0,4.0,6.0
29,MDD,1420,False,6.0,4.0,8.0,7.0,4.0,6.0
30,MDD,1420,False,8.0,2.0,9.0,8.0,4.0,6.0
31,MDD,1420,False,8.0,4.0,9.0,8.0,4.0,6.0
32,MDD,1420,False,8.0,2.0,9.0,8.0,4.0,6.0
33,MDD,1420,False,8.0,4.0,9.0,8.0,3.0,6.0
34,MDD,1420,False,8.0,4.0,9.0,8.0,3.0,6.0
35,MDD,1420,False,8.0,4.0,9.0,8.0,3.0,6.0
36,MDD,1420,False,8.0,4.0,9.0,8.0,3.0,6.0
37,MDD,1420,False,8.0,4.0,9.0,8.0,4.0,6.0
38,MDD,1420,False,7.0,4.0,8.0,8.0,3.0,6.0
39,MDD,1420,False,7.0,3.0,8.0,8.0,4.0,6.0
40,MDD,1420,False,7.0,3.0,8.0,8.0,4.0,6.0
41,MDD,1420,False,8.0,4.0,9.0,8.0,4.0,6.0
42,MDD,1420,False,6.0,4.0,8.0,7.0,3.0,5.0
43,MDD,1420,False,8.0,4.0,8.0,8.0,4.0,6.0
44,MDD,1420,False,8.0,2.0,9.0,8.0,4.0,6.0
45,MDD,1420,False,8.0,3.0,9.0,8.0,4.0,6.0
46,MDD,1420,False,8.0,4.0,9.0,8.0,3.0,6.0
47,MDD,1420,False,8.0,4.0,8.0,8.0,4.0,6.0
48,MDD,1420,False,8.0,3.0,9.0,8.0,4.0,6.0
49,MDD,1420,False,8.0,4.0,9.0,8.0,3.0,6.0
50,MDD,1420,False,8.0,2.0,9.0,8.0,4.0,6.0
51,MDD,1420,False,8.0,2.0,9.0,8.0,4.0,6.0
52,MDD,1420,False,8.0,4.0,9.0,8.0,3.0,6.0
53,MDD,1420,False,8.0,4.0,9.0,8.0,3.0,6.0
54,MDD,1420,False,8.0,4.0,9.0,8.0,3.0,6.0
55,MDD,1420,False,8.0,4.0,9.0,8.0,4.0,6.0
56,MDD,1420,False,8.0,4.0,8.0,7.0,3.0,6.0
57,MDD,1420,False,8.0,4.0,9.0,8.0,3.0,6.0
58,MDD,1420,False,8.0,2.0,9.0,8.0,4.0,6.0
59,MDD,1420,False,8.0,3.0,9.0,8.0,4.0,6.0
60,MDD,1420,False,6.0,4.0,8.0,7.0,4.0,5.0
61,MDD,1420,False,6.0,3.0,8.0,7.0,4.0,5.0
62,MDD,1420,False,8.0,4.0,9.0,8.0,3.0,6.0
63,MDD,1420,False,8.0,4.0,9.0,8.0,3.0,6.0
64,MDD,1420,False,6.0,3.0,8.0,7.0,4.0,5.0
65,MDD,1420,False,8.0,2.0,9.0,8.0,4.0,6.0
66,MDD,1420,False,8.0,4.0,9.0,8.0,3.0,6.0
67,MDD,1420,False,8.0,4.0,9.0,8.0,4.0,6.0
68,MDD,1420,False,7.0,3.0,8.0,8.0,4.0,6.0
69,MDD,1420,False,7.0,4.0,8.0,8.0,3.0,6.0
70,MDD,1420,False,8.0,4.0,9.0,8.0,3.0,7.0
71,MDD,1420,False,8.0,2.0,9.0,8.0,4.0,6.0
72,MDD,1420,False,6.0,3.0,8.0,7.0,4.0,5.0
73,MDD,1420,False,8.0,4.0,9.0,8.0,4.0,6.0
74,MDD,1420,False,8.0,4.0,9.0,8.0,3.0,6.0
75,MDD,1420,False,8.0,4.0,9.0,8.0,4.0,7.0
76,MDD,1420,False,8.0,2.0,9.0,8.0,4.0,6.0
77,MDD,1420,False,8.0,4.0,9.0,8.0,3.0,6.0
78,MDD,1420,False,6.0,2.0,8.0,7.0,4.0,5.0
79,MDD,1420,False,7.0,3.0,8.0,8.0,4.0,6.0
80,MDD,1420,False,7.0,4.0,8.0,8.0,4.0,6.0
81,MDD,1420,False,8.0,2.0,9.0,8.0,4.0,6.0
82,MDD,1420,False,8.0,4.0,9.0,8.0,4.0,7.0
83,MDD,1420,False,7.0,4.0,8.0,8.0,4.0,6.0
84,MDD,1420,False,8.0,4.0,9.0,8.0,4.0,6.0
85,MDD,1420,False,8.0,4.0,9.0,8.0,4.0,7.0
86,MDD,1420,False,8.0,2.0,9.0,8.0,3.0,6.0
87,MDD,1420,False,7.0,4.0,8.0,8.0,3.0,6.0
88,MDD,1420,False,8.0,4.0,9.0,8.0,4.0,6.0
89,MDD,1420,False,8.0,4.0,9.0,8.0,3.0,6.0
90,MDD,1420,False,8.0,3.0,9.0,8.0,4.0,6.0
91,MDD,1420,False,8.0,3.0,9.0,8.0,4.0,6.0
92,MDD,1420,False,7.0,3.0,8.0,8.0,4.0,6.0
93,MDD,1420,False,8.0,4.0,9.0,8.0,4.0,6.0
94,MDD,1420,False,8.0,3.0,9.0,8.0,4.0,6.0
95,MDD,1420,False,6.0,4.0,8.0,7.0,4.0,5.0
96,MDD,1420,False,8.0,2.0,9.0,8.0,4.0,6.0
97,MDD,1420,False,6.0,3.0,8.0,7.0,4.0,5.0
98,MDD,1420,False,8.0,4.0,9.0,8.0,4.0,7.0
99,MDD,1420,False,8.0,4.0,9.0,8.0,4.0,6.0
0,MDD,1421,False,6.0,2.0,8.0,7.0,5.0,8.0
1,MDD,1421,False,6.0,2.0,8.0,7.0,4.0,8.0
2,MDD,1421,False,6.0,2.0,8.0,7.0,5.0,8.0
3,MDD,1421,False,6.0,2.0,8.0,7.0,5.0,8.0
4,MDD,1421,False,6.0,2.0,8.0,7.0,5.0,8.0
5,MDD,1421,False,6.0,2.0,8.0,7.0,5.0,8.0
6,MDD,1421,False,6.0,2.0,8.0,7.0,5.0,8.0
7,MDD,1421,False,6.0,2.0,8.0,7.0,4.0,8.0
8,MDD,1421,False,6.0,2.0,8.0,7.0,5.0,8.0
9,MDD,1421,False,6.0,2.0,8.0,7.0,5.0,8.0
10,MDD,1421,False,6.0,2.0,8.0,7.0,4.0,8.0
11,MDD,1421,False,6.0,2.0,8.0,7.0,4.0,8.0
12,MDD,1421,False,6.0,2.0,8.0,7.0,5.0,8.0
13,MDD,1421,False,6.0,2.0,8.0,7.0,5.0,8.0
14,MDD,1421,False,6.0,2.0,8.0,7.0,5.0,8.0
15,MDD,1421,False,6.0,2.0,8.0,7.0,4.0,8.0
16,MDD,1421,False,6.0,2.0,8.0,7.0,4.0,8.0
17,MDD,1421,False,6.0,2.0,8.0,7.0,5.0,8.0
18,MDD,1421,False,6.0,2.0,8.0,7.0,5.0,8.0
19,MDD,1421,False,6.0,2.0,8.0,7.0,4.0,8.0
20,MDD,1421,False,6.0,2.0,8.0,7.0,5.0,8.0
21,MDD,1421,False,6.0,2.0,8.0,7.0,4.0,8.0
22,MDD,1421,False,6.0,2.0,8.0,7.0,5.0,8.0
23,MDD,1421,False,6.0,2.0,8.0,7.0,5.0,8.0
24,MDD,1421,False,6.0,2.0,8.0,7.0,5.0,8.0
25,MDD,1421,False,6.0,2.0,8.0,7.0,5.0,8.0
26,MDD,1421,False,6.0,2.0,8.0,7.0,5.0,8.0
27,MDD,1421,False,6.0,2.0,8.0,7.0,5.0,8.0
28,MDD,1421,False,6.0,2.0,8.0,7.0,5.0,8.0
29,MDD,1421,False,6.0,2.0,8.0,7.0,5.0,8.0
30,MDD,1421,False,6.0,2.0,8.0,7.0,5.0,8.0
31,MDD,1421,False,6.0,2.0,8.0,7.0,4.0,8.0
32,MDD,1421,False,6.0,2.0,8.0,7.0,5.0,8.0
33,MDD,1421,False,6.0,2.0,8.0,7.0,4.0,8.0
34,MDD,1421,False,6.0,2.0,8.0,7.0,5.0,8.0
35,MDD,1421,False,6.0,2.0,8.0,7.0,4.0,8.0
36,MDD,1421,False,6.0,2.0,8.0,7.0,5.0,8.0
37,MDD,1421,False,6.0,2.0,8.0,7.0,5.0,8.0
38,MDD,1421,False,6.0,2.0,8.0,7.0,5.0,8.0
39,MDD,1421,False,6.0,2.0,8.0,7.0,5.0,8.0
40,MDD,1421,False,6.0,2.0,8.0,7.0,5.0,8.0
41,MDD,1421,False,6.0,2.0,8.0,7.0,5.0,8.0
42,MDD,1421,False,6.0,2.0,8.0,7.0,5.0,8.0
43,MDD,1421,False,6.0,2.0,8.0,7.0,5.0,8.0
44,MDD,1421,False,6.0,2.0,8.0,7.0,5.0,8.0
45,MDD,1421,False,6.0,2.0,8.0,7.0,5.0,8.0
46,MDD,1421,True,,,,,,
47,MDD,1421,False,6.0,2.0,8.0,7.0,5.0,8.0
48,MDD,1421,False,6.0,2.0,8.0,7.0,5.0,8.0
49,MDD,1421,False,6.0,2.0,8.0,7.0,5.0,8.0
50,MDD,1421,False,6.0,2.0,8.0,7.0,5.0,8.0
51,MDD,1421,False,6.0,2.0,8.0,7.0,5.0,8.0
52,MDD,1421,False,6.0,2.0,8.0,7.0,4.0,8.0
53,MDD,1421,False,6.0,2.0,8.0,7.0,4.0,8.0
54,MDD,1421,False,6.0,2.0,8.0,7.0,5.0,8.0
55,MDD,1421,False,6.0,2.0,8.0,7.0,4.0,8.0
56,MDD,1421,False,6.0,2.0,8.0,7.0,5.0,8.0
57,MDD,1421,False,6.0,2.0,8.0,7.0,4.0,8.0
58,MDD,1421,False,6.0,2.0,8.0,7.0,5.0,8.0
59,MDD,1421,False,6.0,2.0,8.0,7.0,5.0,8.0
60,MDD,1421,False,6.0,2.0,8.0,7.0,5.0,8.0
61,MDD,1421,False,6.0,2.0,8.0,7.0,4.0,8.0
62,MDD,1421,False,6.0,2.0,8.0,7.0,5.0,8.0
63,MDD,1421,False,6.0,2.0,8.0,7.0,4.0,8.0
64,MDD,1421,False,6.0,2.0,8.0,7.0,5.0,8.0
65,MDD,1421,False,6.0,2.0,8.0,7.0,4.0,8.0
66,MDD,1421,False,6.0,2.0,8.0,7.0,5.0,8.0
67,MDD,1421,False,6.0,2.0,8.0,7.0,4.0,8.0
68,MDD,1421,False,6.0,2.0,8.0,7.0,5.0,8.0
69,MDD,1421,False,6.0,2.0,8.0,7.0,4.0,8.0
70,MDD,1421,False,6.0,2.0,8.0,7.0,5.0,8.0
71,MDD,1421,False,6.0,2.0,8.0,7.0,4.0,8.0
72,MDD,1421,False,6.0,2.0,8.0,7.0,4.0,8.0
73,MDD,1421,False,6.0,2.0,8.0,7.0,4.0,8.0
74,MDD,1421,False,6.0,2.0,8.0,7.0,4.0,8.0
75,MDD,1421,False,6.0,2.0,8.0,7.0,5.0,8.0
76,MDD,1421,False,6.0,2.0,8.0,7.0,5.0,8.0
77,MDD,1421,False,6.0,2.0,8.0,7.0,4.0,8.0
78,MDD,1421,False,6.0,2.0,8.0,7.0,5.0,8.0
79,MDD,1421,False,6.0,2.0,8.0,7.0,5.0,8.0
80,MDD,1421,False,6.0,2.0,8.0,7.0,5.0,8.0
81,MDD,1421,False,6.0,2.0,8.0,7.0,5.0,8.0
82,MDD,1421,False,6.0,2.0,8.0,7.0,5.0,8.0
83,MDD,1421,False,6.0,2.0,8.0,7.0,4.0,8.0
84,MDD,1421,False,6.0,2.0,8.0,7.0,4.0,8.0
85,MDD,1421,False,6.0,2.0,8.0,7.0,4.0,8.0
86,MDD,1421,False,6.0,2.0,8.0,7.0,5.0,8.0
87,MDD,1421,False,6.0,2.0,8.0,7.0,5.0,8.0
88,MDD,1421,False,6.0,2.0,8.0,7.0,5.0,8.0
89,MDD,1421,False,6.0,2.0,8.0,7.0,4.0,8.0
90,MDD,1421,False,6.0,2.0,8.0,7.0,5.0,8.0
91,MDD,1421,False,6.0,2.0,8.0,7.0,5.0,8.0
92,MDD,1421,False,6.0,2.0,8.0,7.0,5.0,8.0
93,MDD,1421,False,6.0,2.0,8.0,7.0,5.0,8.0
94,MDD,1421,False,6.0,2.0,8.0,7.0,5.0,8.0
95,MDD,1421,False,6.0,2.0,8.0,7.0,5.0,8.0
96,MDD,1421,False,6.0,2.0,8.0,7.0,4.0,8.0
97,MDD,1421,False,6.0,2.0,8.0,7.0,4.0,8.0
98,MDD,1421,False,6.0,2.0,8.0,7.0,5.0,8.0
99,MDD,1421,False,6.0,2.0,8.0,7.0,4.0,8.0
0,MDD,1422,False,8.0,2.0,9.0,9.0,4.0,7.0
1,MDD,1422,False,6.0,2.0,8.0,8.0,4.0,6.0
2,MDD,1422,False,8.0,4.0,9.0,9.0,3.0,6.0
3,MDD,1422,False,6.0,2.0,8.0,8.0,4.0,6.0
4,MDD,1422,False,6.0,2.0,8.0,8.0,4.0,5.0
5,MDD,1422,False,6.0,2.0,8.0,8.0,4.0,6.0
6,MDD,1422,False,8.0,4.0,9.0,8.0,4.0,6.0
7,MDD,1422,False,6.0,2.0,8.0,8.0,4.0,7.0
8,MDD,1422,False,6.0,2.0,8.0,8.0,4.0,6.0
9,MDD,1422,False,8.0,4.0,9.0,9.0,4.0,7.0
10,MDD,1422,False,7.0,2.0,8.0,8.0,4.0,6.0
11,MDD,1422,False,8.0,2.0,9.0,8.0,4.0,6.0
12,MDD,1422,False,6.0,2.0,8.0,8.0,4.0,6.0
13,MDD,1422,False,6.0,2.0,8.0,8.0,4.0,5.0
14,MDD,1422,False,8.0,2.0,9.0,9.0,4.0,7.0
15,MDD,1422,False,6.0,2.0,8.0,8.0,4.0,5.0
16,MDD,1422,False,6.0,2.0,8.0,8.0,4.0,5.0
17,MDD,1422,False,6.0,3.0,8.0,8.0,4.0,7.0
18,MDD,1422,False,7.0,4.0,8.0,8.0,4.0,6.0
19,MDD,1422,False,8.0,4.0,8.0,9.0,4.0,6.0
20,MDD,1422,False,8.0,2.0,9.0,8.0,4.0,6.0
21,MDD,1422,False,6.0,2.0,8.0,8.0,4.0,7.0
22,MDD,1422,False,7.0,4.0,8.0,8.0,4.0,6.0
23,MDD,1422,False,8.0,2.0,9.0,9.0,4.0,7.0
24,MDD,1422,False,8.0,4.0,9.0,8.0,4.0,6.0
25,MDD,1422,False,6.0,2.0,8.0,8.0,4.0,6.0
26,MDD,1422,False,8.0,4.0,9.0,9.0,4.0,7.0
27,MDD,1422,False,6.0,2.0,8.0,8.0,4.0,5.0
28,MDD,1422,False,6.0,2.0,8.0,8.0,4.0,5.0
29,MDD,1422,False,8.0,2.0,9.0,9.0,4.0,7.0
30,MDD,1422,False,8.0,2.0,9.0,8.0,4.0,6.0
31,MDD,1422,False,8.0,4.0,9.0,9.0,4.0,7.0
32,MDD,1422,False,7.0,2.0,8.0,8.0,4.0,6.0
33,MDD,1422,False,6.0,2.0,8.0,8.0,4.0,6.0
34,MDD,1422,False,6.0,2.0,8.0,8.0,4.0,5.0
35,MDD,1422,False,6.0,2.0,8.0,8.0,4.0,6.0
36,MDD,1422,False,6.0,2.0,8.0,8.0,4.0,6.0
37,MDD,1422,False,7.0,3.0,8.0,8.0,4.0,6.0
38,MDD,1422,False,8.0,4.0,9.0,8.0,4.0,6.0
39,MDD,1422,False,8.0,4.0,9.0,9.0,4.0,7.0
40,MDD,1422,False,7.0,2.0,8.0,8.0,4.0,6.0
41,MDD,1422,False,8.0,4.0,9.0,9.0,4.0,7.0
42,MDD,1422,False,6.0,2.0,8.0,8.0,4.0,6.0
43,MDD,1422,False,6.0,2.0,8.0,8.0,4.0,6.0
44,MDD,1422,False,6.0,2.0,8.0,8.0,4.0,6.0
45,MDD,1422,False,7.0,3.0,8.0,9.0,4.0,6.0
46,MDD,1422,True,,,,,,
47,MDD,1422,False,8.0,4.0,9.0,8.0,4.0,6.0
48,MDD,1422,False,8.0,4.0,9.0,9.0,4.0,6.0
49,MDD,1422,False,6.0,4.0,8.0,8.0,4.0,6.0
50,MDD,1422,False,8.0,2.0,9.0,9.0,4.0,7.0
51,MDD,1422,False,8.0,4.0,9.0,8.0,4.0,6.0
52,MDD,1422,False,8.0,2.0,9.0,9.0,4.0,7.0
53,MDD,1422,False,6.0,2.0,8.0,8.0,4.0,5.0
54,MDD,1422,False,8.0,2.0,9.0,9.0,4.0,6.0
55,MDD,1422,False,8.0,4.0,9.0,9.0,4.0,7.0
56,MDD,1422,False,8.0,2.0,9.0,8.0,4.0,6.0
57,MDD,1422,False,8.0,4.0,9.0,8.0,4.0,7.0
58,MDD,1422,False,7.0,3.0,8.0,9.0,4.0,6.0
59,MDD,1422,False,7.0,2.0,8.0,8.0,4.0,6.0
60,MDD,1422,False,6.0,2.0,8.0,8.0,4.0,7.0
61,MDD,1422,False,6.0,4.0,8.0,8.0,4.0,6.0
62,MDD,1422,False,7.0,3.0,8.0,8.0,4.0,6.0
63,MDD,1422,False,8.0,2.0,9.0,8.0,4.0,6.0
64,MDD,1422,False,6.0,2.0,8.0,8.0,4.0,5.0
65,MDD,1422,False,6.0,2.0,8.0,8.0,4.0,7.0
66,MDD,1422,False,8.0,4.0,9.0,8.0,4.0,6.0
67,MDD,1422,False,8.0,2.0,9.0,9.0,4.0,6.0
68,MDD,1422,False,8.0,2.0,9.0,8.0,4.0,6.0
69,MDD,1422,False,6.0,4.0,8.0,8.0,4.0,6.0
70,MDD,1422,False,8.0,2.0,9.0,8.0,4.0,6.0
71,MDD,1422,False,8.0,4.0,9.0,8.0,4.0,7.0
72,MDD,1422,False,7.0,4.0,8.0,8.0,4.0,6.0
73,MDD,1422,False,6.0,2.0,8.0,8.0,4.0,6.0
74,MDD,1422,False,8.0,4.0,9.0,8.0,4.0,7.0
75,MDD,1422,False,8.0,4.0,9.0,9.0,4.0,7.0
76,MDD,1422,False,6.0,4.0,8.0,8.0,4.0,6.0
77,MDD,1422,False,8.0,4.0,9.0,9.0,4.0,7.0
78,MDD,1422,False,6.0,2.0,8.0,8.0,4.0,5.0
79,MDD,1422,False,6.0,2.0,8.0,8.0,4.0,7.0
80,MDD,1422,False,8.0,4.0,9.0,9.0,4.0,7.0
81,MDD,1422,False,8.0,4.0,9.0,9.0,4.0,7.0
82,MDD,1422,False,6.0,3.0,8.0,8.0,4.0,5.0
83,MDD,1422,False,6.0,2.0,8.0,8.0,4.0,5.0
84,MDD,1422,False,8.0,4.0,9.0,9.0,3.0,6.0
85,MDD,1422,False,6.0,2.0,8.0,8.0,4.0,6.0
86,MDD,1422,False,8.0,2.0,9.0,9.0,4.0,7.0
87,MDD,1422,False,7.0,2.0,8.0,9.0,4.0,6.0
88,MDD,1422,False,6.0,2.0,8.0,8.0,4.0,6.0
89,MDD,1422,False,8.0,2.0,9.0,9.0,4.0,7.0
90,MDD,1422,False,8.0,2.0,9.0,8.0,4.0,7.0
91,MDD,1422,False,6.0,2.0,8.0,8.0,4.0,5.0
92,MDD,1422,False,8.0,4.0,9.0,8.0,4.0,7.0
93,MDD,1422,False,7.0,3.0,8.0,9.0,4.0,6.0
94,MDD,1422,False,8.0,3.0,9.0,8.0,4.0,7.0
95,MDD,1422,False,7.0,3.0,8.0,8.0,4.0,6.0
96,MDD,1422,False,6.0,2.0,8.0,8.0,4.0,6.0
97,MDD,1422,False,6.0,2.0,8.0,8.0,4.0,7.0
98,MDD,1422,False,6.0,2.0,8.0,8.0,4.0,6.0
99,MDD,1422,False,7.0,3.0,8.0,9.0,4.0,6.0
0,MDD,1426,False,8.0,2.0,9.0,8.0,4.0,7.0
1,MDD,1426,False,8.0,2.0,9.0,8.0,4.0,7.0
2,MDD,1426,False,8.0,2.0,9.0,8.0,4.0,7.0
3,MDD,1426,False,8.0,2.0,9.0,8.0,3.0,7.0
4,MDD,1426,False,8.0,2.0,9.0,8.0,4.0,7.0
5,MDD,1426,False,8.0,2.0,9.0,8.0,4.0,7.0
6,MDD,1426,False,8.0,2.0,9.0,8.0,4.0,7.0
7,MDD,1426,False,8.0,2.0,9.0,8.0,4.0,7.0
8,MDD,1426,False,8.0,2.0,9.0,8.0,4.0,7.0
9,MDD,1426,False,8.0,2.0,9.0,8.0,4.0,7.0
10,MDD,1426,False,8.0,2.0,9.0,8.0,3.0,7.0
11,MDD,1426,False,8.0,2.0,9.0,8.0,4.0,7.0
12,MDD,1426,False,8.0,2.0,9.0,8.0,4.0,7.0
13,MDD,1426,False,8.0,2.0,9.0,8.0,4.0,7.0
14,MDD,1426,False,8.0,2.0,9.0,8.0,4.0,7.0
15,MDD,1426,False,8.0,2.0,9.0,8.0,4.0,7.0
16,MDD,1426,False,8.0,2.0,9.0,8.0,4.0,7.0
17,MDD,1426,False,8.0,2.0,9.0,8.0,4.0,7.0
18,MDD,1426,False,8.0,2.0,9.0,8.0,3.0,7.0
19,MDD,1426,False,8.0,2.0,9.0,8.0,4.0,7.0
20,MDD,1426,False,8.0,2.0,9.0,8.0,3.0,7.0
21,MDD,1426,False,8.0,2.0,9.0,8.0,4.0,7.0
22,MDD,1426,False,8.0,2.0,9.0,8.0,4.0,7.0
23,MDD,1426,False,8.0,2.0,9.0,8.0,4.0,7.0
24,MDD,1426,False,8.0,2.0,9.0,8.0,4.0,7.0
25,MDD,1426,False,8.0,2.0,9.0,8.0,4.0,7.0
26,MDD,1426,False,8.0,2.0,9.0,8.0,4.0,7.0
27,MDD,1426,False,8.0,2.0,9.0,8.0,3.0,7.0
28,MDD,1426,False,8.0,2.0,9.0,8.0,3.0,7.0
29,MDD,1426,False,8.0,2.0,9.0,8.0,4.0,7.0
30,MDD,1426,False,8.0,2.0,9.0,8.0,4.0,7.0
31,MDD,1426,False,8.0,2.0,9.0,8.0,4.0,7.0
32,MDD,1426,False,8.0,2.0,9.0,8.0,4.0,7.0
33,MDD,1426,False,8.0,2.0,9.0,8.0,4.0,7.0
34,MDD,1426,False,8.0,2.0,9.0,8.0,3.0,7.0
35,MDD,1426,False,8.0,2.0,9.0,8.0,3.0,7.0
36,MDD,1426,False,8.0,2.0,9.0,8.0,3.0,7.0
37,MDD,1426,False,8.0,2.0,9.0,8.0,3.0,6.0
38,MDD,1426,False,8.0,2.0,9.0,8.0,3.0,7.0
39,MDD,1426,False,8.0,2.0,9.0,8.0,4.0,7.0
40,MDD,1426,False,8.0,2.0,9.0,8.0,4.0,7.0
41,MDD,1426,False,8.0,2.0,9.0,8.0,3.0,7.0
42,MDD,1426,False,8.0,2.0,9.0,8.0,3.0,7.0
43,MDD,1426,False,8.0,2.0,9.0,8.0,4.0,7.0
44,MDD,1426,False,8.0,2.0,9.0,8.0,4.0,7.0
45,MDD,1426,False,8.0,2.0,9.0,8.0,4.0,7.0
46,MDD,1426,True,,,,,,
47,MDD,1426,False,8.0,2.0,9.0,8.0,3.0,7.0
48,MDD,1426,False,8.0,2.0,9.0,8.0,3.0,6.0
49,MDD,1426,False,8.0,2.0,9.0,8.0,4.0,7.0
50,MDD,1426,False,8.0,2.0,9.0,8.0,4.0,7.0
51,MDD,1426,False,8.0,2.0,9.0,8.0,4.0,7.0
52,MDD,1426,False,8.0,2.0,9.0,8.0,4.0,7.0
53,MDD,1426,False,8.0,2.0,9.0,8.0,4.0,7.0
54,MDD,1426,False,8.0,2.0,9.0,8.0,3.0,7.0
55,MDD,1426,False,8.0,2.0,9.0,8.0,4.0,7.0
56,MDD,1426,False,8.0,2.0,9.0,8.0,4.0,7.0
57,MDD,1426,False,8.0,2.0,9.0,8.0,3.0,7.0
58,MDD,1426,False,8.0,2.0,9.0,8.0,4.0,7.0
59,MDD,1426,False,8.0,2.0,9.0,8.0,4.0,7.0
60,MDD,1426,False,8.0,2.0,9.0,8.0,4.0,7.0
61,MDD,1426,False,8.0,2.0,9.0,8.0,4.0,7.0
62,MDD,1426,False,8.0,2.0,9.0,8.0,4.0,7.0
63,MDD,1426,False,8.0,2.0,9.0,8.0,3.0,6.0
64,MDD,1426,False,8.0,2.0,9.0,8.0,4.0,7.0
65,MDD,1426,False,8.0,2.0,9.0,8.0,4.0,7.0
66,MDD,1426,False,8.0,2.0,9.0,8.0,4.0,7.0
67,MDD,1426,False,8.0,2.0,9.0,8.0,4.0,7.0
68,MDD,1426,False,8.0,2.0,9.0,8.0,4.0,7.0
69,MDD,1426,False,8.0,2.0,9.0,8.0,3.0,7.0
70,MDD,1426,False,8.0,2.0,9.0,8.0,4.0,7.0
71,MDD,1426,False,8.0,2.0,9.0,8.0,4.0,7.0
72,MDD,1426,False,8.0,2.0,9.0,8.0,4.0,7.0
73,MDD,1426,False,8.0,2.0,9.0,8.0,3.0,7.0
74,MDD,1426,False,8.0,2.0,9.0,8.0,4.0,7.0
75,MDD,1426,False,8.0,2.0,9.0,8.0,3.0,7.0
76,MDD,1426,False,8.0,2.0,9.0,8.0,3.0,7.0
77,MDD,1426,False,8.0,2.0,9.0,8.0,3.0,6.0
78,MDD,1426,False,8.0,2.0,9.0,8.0,4.0,7.0
79,MDD,1426,False,8.0,2.0,9.0,8.0,4.0,7.0
80,MDD,1426,False,8.0,2.0,9.0,8.0,4.0,7.0
81,MDD,1426,False,8.0,2.0,9.0,8.0,4.0,7.0
82,MDD,1426,False,8.0,2.0,9.0,8.0,3.0,7.0
83,MDD,1426,False,8.0,2.0,9.0,8.0,4.0,7.0
84,MDD,1426,False,8.0,2.0,9.0,8.0,4.0,7.0
85,MDD,1426,False,8.0,2.0,9.0,8.0,3.0,7.0
86,MDD,1426,False,8.0,2.0,9.0,8.0,4.0,7.0
87,MDD,1426,False,8.0,2.0,9.0,8.0,4.0,7.0
88,MDD,1426,False,8.0,2.0,9.0,8.0,3.0,7.0
89,MDD,1426,False,8.0,2.0,9.0,8.0,4.0,7.0
90,MDD,1426,False,8.0,2.0,9.0,8.0,4.0,7.0
91,MDD,1426,False,8.0,2.0,9.0,8.0,3.0,7.0
92,MDD,1426,False,8.0,2.0,9.0,8.0,4.0,7.0
93,MDD,1426,False,8.0,2.0,9.0,8.0,4.0,7.0
94,MDD,1426,False,8.0,2.0,9.0,8.0,4.0,7.0
95,MDD,1426,False,8.0,2.0,9.0,8.0,3.0,7.0
96,MDD,1426,False,8.0,2.0,9.0,8.0,4.0,7.0
97,MDD,1426,False,8.0,2.0,9.0,8.0,4.0,7.0
98,MDD,1426,False,8.0,2.0,9.0,8.0,3.0,7.0
99,MDD,1426,False,8.0,2.0,9.0,8.0,3.0,7.0
0,MDD,1427,False,8.0,2.0,9.0,8.0,4.0,9.0
1,MDD,1427,False,7.0,2.0,8.0,8.0,4.0,9.0
2,MDD,1427,False,8.0,2.0,9.0,7.0,4.0,9.0
3,MDD,1427,False,8.0,2.0,9.0,8.0,4.0,9.0
4,MDD,1427,False,8.0,2.0,9.0,8.0,4.0,9.0
5,MDD,1427,False,8.0,2.0,9.0,7.0,4.0,9.0
6,MDD,1427,False,8.0,2.0,9.0,8.0,4.0,9.0
7,MDD,1427,False,8.0,2.0,9.0,8.0,4.0,9.0
8,MDD,1427,False,8.0,2.0,9.0,8.0,4.0,9.0
9,MDD,1427,False,8.0,2.0,9.0,7.0,4.0,9.0
10,MDD,1427,False,8.0,2.0,9.0,7.0,4.0,9.0
11,MDD,1427,False,8.0,2.0,8.0,7.0,4.0,9.0
12,MDD,1427,False,8.0,2.0,9.0,8.0,4.0,9.0
13,MDD,1427,False,8.0,2.0,9.0,8.0,4.0,9.0
14,MDD,1427,False,8.0,2.0,9.0,8.0,4.0,9.0
15,MDD,1427,False,8.0,2.0,9.0,7.0,4.0,9.0
16,MDD,1427,False,7.0,2.0,8.0,8.0,4.0,9.0
17,MDD,1427,False,8.0,2.0,8.0,7.0,4.0,9.0
18,MDD,1427,False,8.0,2.0,9.0,8.0,4.0,9.0
19,MDD,1427,False,8.0,2.0,8.0,7.0,4.0,9.0
20,MDD,1427,False,8.0,2.0,9.0,7.0,4.0,9.0
21,MDD,1427,False,8.0,2.0,9.0,7.0,4.0,9.0
22,MDD,1427,False,8.0,2.0,9.0,7.0,4.0,9.0
23,MDD,1427,False,8.0,2.0,9.0,8.0,4.0,9.0
24,MDD,1427,False,7.0,2.0,8.0,6.0,4.0,9.0
25,MDD,1427,False,8.0,2.0,9.0,8.0,4.0,9.0
26,MDD,1427,False,8.0,2.0,9.0,7.0,4.0,9.0
27,MDD,1427,False,8.0,2.0,9.0,7.0,4.0,9.0
28,MDD,1427,False,8.0,2.0,9.0,7.0,4.0,9.0
29,MDD,1427,False,8.0,2.0,9.0,8.0,4.0,9.0
30,MDD,1427,False,8.0,2.0,9.0,8.0,4.0,9.0
31,MDD,1427,False,8.0,2.0,9.0,8.0,4.0,9.0
32,MDD,1427,False,8.0,2.0,9.0,7.0,4.0,9.0
33,MDD,1427,False,8.0,2.0,8.0,7.0,4.0,9.0
34,MDD,1427,False,8.0,2.0,9.0,8.0,4.0,9.0
35,MDD,1427,False,8.0,2.0,9.0,7.0,4.0,9.0
36,MDD,1427,False,8.0,2.0,9.0,8.0,4.0,9.0
37,MDD,1427,False,8.0,2.0,9.0,8.0,4.0,9.0
38,MDD,1427,False,8.0,2.0,9.0,8.0,4.0,9.0
39,MDD,1427,False,8.0,2.0,9.0,8.0,4.0,9.0
40,MDD,1427,False,8.0,2.0,9.0,8.0,4.0,9.0
41,MDD,1427,False,8.0,2.0,9.0,7.0,4.0,9.0
42,MDD,1427,False,8.0,2.0,9.0,8.0,4.0,9.0
43,MDD,1427,False,8.0,2.0,9.0,8.0,4.0,9.0
44,MDD,1427,False,8.0,2.0,9.0,8.0,4.0,9.0
45,MDD,1427,False,8.0,2.0,9.0,8.0,4.0,9.0
46,MDD,1427,True,,,,,,
47,MDD,1427,False,8.0,2.0,9.0,8.0,4.0,9.0
48,MDD,1427,False,7.0,2.0,8.0,6.0,4.0,9.0
49,MDD,1427,False,8.0,2.0,8.0,7.0,4.0,9.0
50,MDD,1427,False,8.0,2.0,9.0,7.0,4.0,9.0
51,MDD,1427,False,8.0,2.0,9.0,7.0,4.0,9.0
52,MDD,1427,False,8.0,2.0,8.0,7.0,4.0,9.0
53,MDD,1427,False,8.0,2.0,9.0,7.0,4.0,9.0
54,MDD,1427,False,8.0,2.0,9.0,8.0,4.0,9.0
55,MDD,1427,False,8.0,2.0,9.0,8.0,4.0,9.0
56,MDD,1427,False,8.0,2.0,9.0,8.0,4.0,9.0
57,MDD,1427,False,8.0,2.0,9.0,8.0,4.0,9.0
58,MDD,1427,False,8.0,2.0,9.0,7.0,4.0,9.0
59,MDD,1427,False,8.0,2.0,8.0,7.0,4.0,9.0
60,MDD,1427,False,8.0,2.0,9.0,8.0,4.0,9.0
61,MDD,1427,False,8.0,2.0,9.0,7.0,4.0,9.0
62,MDD,1427,False,8.0,2.0,9.0,7.0,4.0,9.0
63,MDD,1427,False,8.0,2.0,9.0,8.0,4.0,9.0
64,MDD,1427,False,8.0,2.0,9.0,7.0,4.0,9.0
65,MDD,1427,False,8.0,2.0,8.0,7.0,4.0,9.0
66,MDD,1427,False,8.0,2.0,8.0,7.0,4.0,9.0
67,MDD,1427,False,8.0,2.0,9.0,7.0,4.0,9.0
68,MDD,1427,False,8.0,2.0,9.0,8.0,4.0,9.0
69,MDD,1427,False,8.0,2.0,8.0,7.0,4.0,9.0
70,MDD,1427,False,8.0,2.0,9.0,8.0,4.0,9.0
71,MDD,1427,False,8.0,2.0,9.0,8.0,4.0,9.0
72,MDD,1427,False,8.0,2.0,9.0,8.0,4.0,9.0
73,MDD,1427,False,8.0,2.0,9.0,7.0,4.0,9.0
74,MDD,1427,False,8.0,2.0,9.0,8.0,4.0,9.0
75,MDD,1427,False,8.0,2.0,9.0,7.0,4.0,9.0
76,MDD,1427,False,7.0,2.0,8.0,8.0,4.0,9.0
77,MDD,1427,False,8.0,2.0,9.0,8.0,4.0,9.0
78,MDD,1427,False,8.0,2.0,9.0,7.0,4.0,9.0
79,MDD,1427,False,7.0,2.0,8.0,6.0,4.0,9.0
80,MDD,1427,False,7.0,2.0,8.0,8.0,4.0,9.0
81,MDD,1427,False,8.0,2.0,9.0,7.0,4.0,9.0
82,MDD,1427,False,8.0,2.0,9.0,8.0,4.0,9.0
83,MDD,1427,False,8.0,2.0,9.0,7.0,4.0,9.0
84,MDD,1427,False,8.0,2.0,9.0,7.0,4.0,9.0
85,MDD,1427,False,8.0,2.0,9.0,8.0,4.0,9.0
86,MDD,1427,False,8.0,2.0,9.0,8.0,4.0,9.0
87,MDD,1427,False,8.0,2.0,9.0,7.0,4.0,9.0
88,MDD,1427,False,8.0,2.0,8.0,7.0,4.0,9.0
89,MDD,1427,False,8.0,2.0,8.0,7.0,4.0,9.0
90,MDD,1427,False,8.0,2.0,9.0,7.0,4.0,9.0
91,MDD,1427,False,7.0,2.0,8.0,8.0,4.0,9.0
92,MDD,1427,False,8.0,2.0,9.0,8.0,4.0,9.0
93,MDD,1427,False,8.0,2.0,8.0,7.0,4.0,9.0
94,MDD,1427,False,7.0,2.0,8.0,6.0,4.0,9.0
95,MDD,1427,False,8.0,2.0,9.0,8.0,4.0,9.0
96,MDD,1427,False,7.0,2.0,8.0,6.0,4.0,9.0
97,MDD,1427,False,8.0,2.0,9.0,8.0,4.0,9.0
98,MDD,1427,False,8.0,2.0,9.0,7.0,4.0,9.0
99,MDD,1427,False,8.0,2.0,8.0,7.0,4.0,9.0
0,MDD,1428,False,6.0,2.0,8.0,7.0,5.0,4.0
1,MDD,1428,False,4.0,2.0,6.0,7.0,6.0,5.0
2,MDD,1428,False,4.0,2.0,6.0,6.0,7.0,5.0
3,MDD,1428,False,6.0,2.0,8.0,7.0,6.0,5.0
4,MDD,1428,False,6.0,2.0,8.0,7.0,5.0,4.0
5,MDD,1428,False,6.0,2.0,8.0,7.0,5.0,4.0
6,MDD,1428,False,6.0,2.0,8.0,7.0,5.0,4.0
7,MDD,1428,False,4.0,2.0,6.0,6.0,7.0,4.0
8,MDD,1428,False,6.0,2.0,8.0,7.0,5.0,4.0
9,MDD,1428,False,6.0,2.0,8.0,7.0,6.0,5.0
10,MDD,1428,False,6.0,2.0,8.0,7.0,5.0,4.0
11,MDD,1428,False,6.0,2.0,8.0,7.0,6.0,5.0
12,MDD,1428,False,6.0,2.0,8.0,7.0,6.0,4.0
13,MDD,1428,False,4.0,2.0,6.0,7.0,6.0,5.0
14,MDD,1428,False,6.0,2.0,8.0,7.0,5.0,4.0
15,MDD,1428,False,6.0,2.0,8.0,7.0,5.0,4.0
16,MDD,1428,False,6.0,2.0,8.0,7.0,5.0,4.0
17,MDD,1428,False,4.0,2.0,6.0,6.0,7.0,4.0
18,MDD,1428,False,4.0,2.0,6.0,6.0,7.0,5.0
19,MDD,1428,False,6.0,2.0,8.0,7.0,5.0,4.0
20,MDD,1428,False,6.0,2.0,8.0,7.0,5.0,4.0
21,MDD,1428,False,6.0,2.0,8.0,7.0,5.0,4.0
22,MDD,1428,False,6.0,2.0,8.0,7.0,6.0,4.0
23,MDD,1428,False,6.0,2.0,8.0,7.0,6.0,5.0
24,MDD,1428,False,4.0,2.0,6.0,6.0,7.0,4.0
25,MDD,1428,False,4.0,2.0,6.0,5.0,6.0,4.0
26,MDD,1428,False,6.0,2.0,8.0,7.0,6.0,4.0
27,MDD,1428,False,6.0,2.0,8.0,7.0,5.0,4.0
28,MDD,1428,False,4.0,2.0,6.0,6.0,7.0,4.0
29,MDD,1428,False,6.0,2.0,8.0,7.0,5.0,4.0
30,MDD,1428,False,6.0,2.0,8.0,7.0,6.0,5.0
31,MDD,1428,False,6.0,2.0,8.0,7.0,5.0,4.0
32,MDD,1428,False,6.0,2.0,8.0,7.0,6.0,5.0
33,MDD,1428,False,6.0,2.0,8.0,7.0,6.0,5.0
34,MDD,1428,False,4.0,2.0,6.0,6.0,7.0,5.0
35,MDD,1428,False,6.0,2.0,8.0,7.0,5.0,4.0
36,MDD,1428,False,4.0,2.0,6.0,5.0,7.0,4.0
37,MDD,1428,False,4.0,2.0,6.0,6.0,7.0,5.0
38,MDD,1428,False,6.0,2.0,8.0,7.0,5.0,4.0
39,MDD,1428,False,6.0,2.0,8.0,7.0,6.0,4.0
40,MDD,1428,False,6.0,2.0,8.0,7.0,5.0,4.0
41,MDD,1428,False,6.0,2.0,8.0,7.0,5.0,4.0
42,MDD,1428,False,6.0,2.0,8.0,7.0,6.0,5.0
43,MDD,1428,False,4.0,2.0,6.0,6.0,7.0,4.0
44,MDD,1428,False,4.0,2.0,6.0,6.0,7.0,5.0
45,MDD,1428,False,4.0,2.0,6.0,6.0,7.0,5.0
46,MDD,1428,True,,,,,,
47,MDD,1428,False,4.0,2.0,6.0,6.0,7.0,5.0
48,MDD,1428,False,4.0,2.0,6.0,6.0,7.0,5.0
49,MDD,1428,False,6.0,2.0,8.0,7.0,6.0,5.0
50,MDD,1428,False,6.0,2.0,8.0,7.0,6.0,5.0
51,MDD,1428,False,4.0,2.0,6.0,6.0,7.0,4.0
52,MDD,1428,False,4.0,2.0,6.0,7.0,6.0,5.0
53,MDD,1428,False,4.0,2.0,6.0,5.0,7.0,4.0
54,MDD,1428,False,6.0,2.0,8.0,7.0,5.0,4.0
55,MDD,1428,False,4.0,2.0,6.0,6.0,7.0,5.0
56,MDD,1428,False,4.0,2.0,6.0,6.0,7.0,5.0
57,MDD,1428,False,6.0,2.0,8.0,7.0,5.0,4.0
58,MDD,1428,False,4.0,2.0,6.0,7.0,6.0,4.0
59,MDD,1428,False,4.0,2.0,6.0,6.0,7.0,5.0
60,MDD,1428,False,6.0,2.0,8.0,7.0,5.0,4.0
61,MDD,1428,False,6.0,2.0,8.0,7.0,5.0,4.0
62,MDD,1428,False,6.0,2.0,8.0,7.0,6.0,5.0
63,MDD,1428,False,4.0,2.0,6.0,5.0,7.0,3.0
64,MDD,1428,False,4.0,2.0,6.0,6.0,7.0,5.0
65,MDD,1428,False,4.0,2.0,6.0,6.0,7.0,4.0
66,MDD,1428,False,4.0,2.0,6.0,5.0,7.0,3.0
67,MDD,1428,False,6.0,2.0,8.0,7.0,6.0,4.0
68,MDD,1428,False,6.0,2.0,8.0,7.0,5.0,4.0
69,MDD,1428,False,6.0,2.0,8.0,7.0,5.0,4.0
70,MDD,1428,False,6.0,2.0,8.0,7.0,5.0,4.0
71,MDD,1428,False,4.0,2.0,6.0,7.0,6.0,5.0
72,MDD,1428,False,6.0,2.0,8.0,7.0,6.0,5.0
73,MDD,1428,False,4.0,2.0,6.0,6.0,7.0,4.0
74,MDD,1428,False,4.0,2.0,6.0,7.0,6.0,5.0
75,MDD,1428,False,6.0,2.0,8.0,7.0,6.0,4.0
76,MDD,1428,False,4.0,2.0,6.0,5.0,7.0,3.0
77,MDD,1428,False,4.0,2.0,6.0,6.0,7.0,5.0
78,MDD,1428,False,4.0,2.0,6.0,6.0,7.0,5.0
79,MDD,1428,False,6.0,2.0,8.0,7.0,5.0,4.0
80,MDD,1428,False,6.0,2.0,8.0,7.0,5.0,4.0
81,MDD,1428,False,6.0,2.0,8.0,7.0,5.0,4.0
82,MDD,1428,False,6.0,2.0,8.0,7.0,5.0,4.0
83,MDD,1428,False,6.0,2.0,8.0,7.0,6.0,5.0
84,MDD,1428,False,4.0,2.0,6.0,6.0,7.0,5.0
85,MDD,1428,False,6.0,2.0,8.0,7.0,5.0,4.0
86,MDD,1428,False,6.0,2.0,8.0,7.0,5.0,4.0
87,MDD,1428,False,4.0,2.0,6.0,6.0,7.0,4.0
88,MDD,1428,False,6.0,2.0,8.0,7.0,6.0,4.0
89,MDD,1428,False,6.0,2.0,8.0,7.0,5.0,4.0
90,MDD,1428,False,6.0,2.0,8.0,7.0,6.0,5.0
91,MDD,1428,False,6.0,2.0,8.0,7.0,6.0,5.0
92,MDD,1428,False,6.0,2.0,8.0,7.0,6.0,5.0
93,MDD,1428,False,6.0,2.0,8.0,7.0,6.0,5.0
94,MDD,1428,False,4.0,2.0,6.0,6.0,7.0,5.0
95,MDD,1428,False,6.0,2.0,8.0,7.0,6.0,4.0
96,MDD,1428,False,4.0,2.0,6.0,6.0,7.0,4.0
97,MDD,1428,False,4.0,2.0,6.0,6.0,7.0,4.0
98,MDD,1428,False,6.0,2.0,8.0,7.0,5.0,4.0
99,MDD,1428,False,6.0,2.0,8.0,7.0,6.0,5.0
0,MDD,1429,False,6.0,2.0,8.0,7.0,5.0,4.0
1,MDD,1429,False,4.0,2.0,6.0,6.0,7.0,3.0
2,MDD,1429,False,6.0,2.0,8.0,7.0,5.0,4.0
3,MDD,1429,False,6.0,2.0,8.0,7.0,6.0,4.0
4,MDD,1429,False,4.0,2.0,6.0,7.0,6.0,3.0
5,MDD,1429,False,4.0,2.0,6.0,7.0,6.0,3.0
6,MDD,1429,False,6.0,2.0,8.0,7.0,6.0,4.0
7,MDD,1429,False,6.0,2.0,8.0,7.0,6.0,4.0
8,MDD,1429,False,6.0,2.0,8.0,7.0,5.0,4.0
9,MDD,1429,False,6.0,2.0,8.0,7.0,5.0,4.0
10,MDD,1429,False,4.0,1.0,7.0,6.0,7.0,3.0
11,MDD,1429,False,6.0,2.0,8.0,7.0,5.0,4.0
12,MDD,1429,False,4.0,2.0,6.0,6.0,7.0,3.0
13,MDD,1429,False,6.0,2.0,8.0,7.0,5.0,4.0
14,MDD,1429,False,6.0,2.0,8.0,7.0,5.0,4.0
15,MDD,1429,False,6.0,2.0,8.0,7.0,5.0,4.0
16,MDD,1429,False,6.0,2.0,8.0,7.0,5.0,4.0
17,MDD,1429,False,4.0,2.0,6.0,7.0,6.0,3.0
18,MDD,1429,False,6.0,2.0,8.0,7.0,6.0,4.0
19,MDD,1429,False,4.0,1.0,7.0,6.0,7.0,3.0
20,MDD,1429,False,4.0,1.0,7.0,6.0,7.0,3.0
21,MDD,1429,False,4.0,2.0,6.0,6.0,7.0,3.0
22,MDD,1429,False,6.0,2.0,8.0,7.0,5.0,4.0
23,MDD,1429,False,6.0,2.0,8.0,7.0,5.0,4.0
24,MDD,1429,False,4.0,2.0,6.0,6.0,7.0,3.0
25,MDD,1429,False,4.0,1.0,6.0,6.0,7.0,3.0
26,MDD,1429,False,4.0,2.0,6.0,7.0,6.0,3.0
27,MDD,1429,False,6.0,2.0,8.0,7.0,5.0,4.0
28,MDD,1429,False,6.0,2.0,8.0,7.0,5.0,4.0
29,MDD,1429,False,4.0,2.0,6.0,6.0,7.0,3.0
30,MDD,1429,False,6.0,2.0,8.0,7.0,5.0,4.0
31,MDD,1429,False,4.0,2.0,6.0,6.0,7.0,3.0
32,MDD,1429,False,6.0,2.0,8.0,7.0,5.0,4.0
33,MDD,1429,False,4.0,2.0,6.0,7.0,6.0,3.0
34,MDD,1429,False,4.0,1.0,6.0,6.0,7.0,3.0
35,MDD,1429,False,6.0,2.0,8.0,7.0,5.0,4.0
36,MDD,1429,False,6.0,2.0,8.0,7.0,5.0,4.0
37,MDD,1429,False,4.0,1.0,6.0,7.0,6.0,3.0
38,MDD,1429,False,4.0,2.0,6.0,6.0,7.0,3.0
39,MDD,1429,False,6.0,2.0,8.0,7.0,5.0,4.0
40,MDD,1429,False,6.0,2.0,8.0,7.0,5.0,4.0
41,MDD,1429,False,6.0,2.0,8.0,7.0,5.0,4.0
42,MDD,1429,False,4.0,2.0,6.0,7.0,6.0,3.0
43,MDD,1429,False,4.0,2.0,6.0,6.0,7.0,3.0
44,MDD,1429,False,6.0,2.0,8.0,7.0,5.0,4.0
45,MDD,1429,False,6.0,2.0,8.0,7.0,5.0,4.0
46,MDD,1429,True,,,,,,
47,MDD,1429,False,6.0,2.0,8.0,7.0,5.0,4.0
48,MDD,1429,False,6.0,2.0,8.0,7.0,5.0,4.0
49,MDD,1429,False,6.0,2.0,8.0,7.0,5.0,4.0
50,MDD,1429,False,4.0,2.0,6.0,6.0,7.0,3.0
51,MDD,1429,False,4.0,2.0,6.0,6.0,7.0,3.0
52,MDD,1429,False,4.0,1.0,6.0,6.0,7.0,3.0
53,MDD,1429,False,4.0,2.0,6.0,6.0,7.0,4.0
54,MDD,1429,False,6.0,2.0,8.0,7.0,5.0,4.0
55,MDD,1429,False,4.0,2.0,6.0,7.0,6.0,3.0
56,MDD,1429,False,6.0,2.0,8.0,7.0,5.0,4.0
57,MDD,1429,False,6.0,2.0,8.0,7.0,5.0,4.0
58,MDD,1429,False,4.0,2.0,6.0,7.0,6.0,3.0
59,MDD,1429,False,4.0,1.0,6.0,6.0,7.0,3.0
60,MDD,1429,False,4.0,1.0,7.0,6.0,7.0,3.0
61,MDD,1429,False,4.0,2.0,6.0,6.0,7.0,4.0
62,MDD,1429,False,4.0,2.0,6.0,7.0,6.0,3.0
63,MDD,1429,False,4.0,2.0,6.0,7.0,6.0,3.0
64,MDD,1429,False,6.0,2.0,8.0,7.0,5.0,4.0
65,MDD,1429,False,4.0,2.0,6.0,7.0,6.0,3.0
66,MDD,1429,False,6.0,2.0,8.0,7.0,5.0,4.0
67,MDD,1429,False,4.0,2.0,6.0,7.0,6.0,3.0
68,MDD,1429,False,4.0,2.0,6.0,6.0,7.0,3.0
69,MDD,1429,False,4.0,2.0,6.0,7.0,6.0,3.0
70,MDD,1429,False,4.0,2.0,6.0,6.0,7.0,3.0
71,MDD,1429,False,6.0,2.0,8.0,7.0,5.0,4.0
72,MDD,1429,False,4.0,2.0,6.0,7.0,6.0,3.0
73,MDD,1429,False,6.0,2.0,8.0,7.0,5.0,4.0
74,MDD,1429,False,4.0,2.0,6.0,6.0,7.0,3.0
75,MDD,1429,False,4.0,2.0,6.0,7.0,6.0,3.0
76,MDD,1429,False,6.0,2.0,8.0,7.0,5.0,4.0
77,MDD,1429,False,6.0,2.0,8.0,7.0,5.0,4.0
78,MDD,1429,False,6.0,2.0,8.0,7.0,5.0,4.0
79,MDD,1429,False,6.0,2.0,8.0,7.0,5.0,4.0
80,MDD,1429,False,4.0,2.0,6.0,6.0,7.0,3.0
81,MDD,1429,False,4.0,2.0,6.0,7.0,6.0,3.0
82,MDD,1429,False,6.0,2.0,8.0,7.0,6.0,4.0
83,MDD,1429,False,6.0,2.0,8.0,7.0,5.0,4.0
84,MDD,1429,False,4.0,2.0,6.0,7.0,6.0,3.0
85,MDD,1429,False,6.0,2.0,8.0,7.0,5.0,4.0
86,MDD,1429,False,6.0,2.0,8.0,7.0,5.0,4.0
87,MDD,1429,False,4.0,1.0,7.0,6.0,7.0,3.0
88,MDD,1429,False,4.0,2.0,6.0,7.0,6.0,3.0
89,MDD,1429,False,4.0,1.0,7.0,6.0,7.0,3.0
90,MDD,1429,False,6.0,2.0,8.0,7.0,5.0,4.0
91,MDD,1429,False,6.0,2.0,8.0,7.0,5.0,4.0
92,MDD,1429,False,6.0,2.0,8.0,7.0,5.0,4.0
93,MDD,1429,False,4.0,2.0,6.0,6.0,7.0,4.0
94,MDD,1429,False,4.0,1.0,6.0,6.0,7.0,3.0
95,MDD,1429,False,4.0,1.0,7.0,6.0,7.0,3.0
96,MDD,1429,False,6.0,2.0,8.0,7.0,6.0,4.0
97,MDD,1429,False,4.0,2.0,6.0,6.0,7.0,3.0
98,MDD,1429,False,6.0,2.0,8.0,7.0,6.0,4.0
99,MDD,1429,False,4.0,1.0,7.0,6.0,7.0,3.0
