row_index,Physical_Pain,Emotional_Pain,Depression,poor_QoL,Anxiety,Catastrophizing,Rumination,Narrative_Fragmentation,Agency_Deficit
0,7.5,8.2,4.8,6.5,9.0,4.5,2.8,1.5,1.8
1,7.5,6.8,4.2,8.1,3.5,4.5,2.1,1.8,1.2
2,8.5,6.8,4.2,7.1,5.5,4.5,6.8,2.5,5.8
3,8.0,4.5,2.5,6.5,1.5,2.5,1.8,1.2,1.0
4,9.5,8.8,4.2,7.5,6.8,7.5,8.2,2.5,6.8
5,8.0,9.0,6.5,7.5,8.5,4.5,6.8,2.5,7.2
6,8.5,9.5,7.8,9.0,8.2,4.5,6.8,3.2,5.1
7,8.5,9.5,8.8,9.2,7.0,8.5,9.2,4.1,7.8
8,8.5,9.5,8.8,9.2,8.0,8.5,9.2,4.1,8.8
9,8.5,9.5,8.0,9.0,6.5,7.5,6.2,4.8,8.1
10,8.5,9.5,8.8,9.2,8.0,8.5,9.2,6.8,8.0
11,4.5,8.2,6.8,7.5,9.0,7.5,6.2,4.1,5.8
12,6.5,8.2,4.8,7.1,6.8,7.5,6.2,4.1,5.8
13,8.5,7.2,4.8,8.0,6.5,4.5,7.2,6.8,5.1
14,8.5,7.8,6.2,8.1,5.9,4.5,6.8,3.2,5.1
15,8.5,6.8,4.2,7.1,8.0,4.5,6.8,2.5,7.2
16,8.5,7.8,6.2,8.0,4.5,4.5,6.8,2.5,5.8
17,8.5,6.8,4.2,7.1,8.0,7.5,4.2,4.5,3.8
18,8.5,9.5,7.8,8.2,6.1,4.5,7.2,2.8,5.1
19,9.5,9.8,8.2,9.0,7.5,8.5,7.2,4.1,6.8
20,6.5,8.0,4.2,7.5,8.5,8.5,6.2,2.8,4.5
21,,,,,,4.5,2.1,3.9,6.8
22,8.5,9.5,7.8,8.2,8.0,7.5,8.2,4.1,6.8
23,4.5,2.1,1.8,3.2,2.5,0.5,1.2,2.1,1.8
24,8.5,7.8,6.2,8.0,4.5,7.5,8.2,2.5,6.8
25,7.5,4.2,2.1,6.5,3.8,4.5,6.8,3.2,1.8
26,7.5,4.2,2.1,3.8,2.5,2.5,1.8,4.2,1.5
27,7.5,8.2,6.8,7.1,4.9,4.5,2.8,3.2,6.8
28,8.5,9.5,8.2,9.0,9.8,8.5,9.2,4.1,7.8
29,4.5,6.8,2.1,4.2,3.5,4.5,6.8,2.1,3.9
30,9.5,6.8,4.2,7.5,5.1,4.5,6.8,2.5,5.8
31,8.5,7.2,4.1,6.5,5.8,2.5,1.8,1.2,1.0
32,8.5,6.8,4.2,7.1,5.5,4.5,6.8,2.1,5.9
33,0.0,2.5,1.8,2.2,4.1,2.5,4.2,1.8,1.0
34,9.5,9.8,8.2,9.9,7.5,8.5,7.2,6.8,8.0
35,8.5,9.8,8.2,9.5,7.8,8.5,9.2,4.1,8.8
36,8.5,9.5,7.8,9.0,6.5,7.5,8.2,4.8,6.5
37,8.5,6.8,4.2,7.1,5.5,4.5,6.8,2.5,5.8
38,8.5,9.5,7.2,8.8,6.5,8.5,7.2,6.8,1.5
39,8.5,7.8,6.2,7.5,4.8,7.5,6.2,4.1,5.8
40,4.5,6.8,2.9,4.2,3.1,4.5,6.8,2.5,5.8
41,8.5,9.5,8.0,9.0,7.5,7.5,8.2,2.5,6.8
42,9.5,9.8,8.2,9.0,9.9,7.5,8.2,4.1,6.8
43,8.5,9.5,8.0,9.0,7.5,8.5,7.2,4.1,6.8
44,8.5,9.5,7.8,8.2,6.5,7.5,8.2,4.1,6.8
45,9.5,8.2,6.8,8.5,7.1,7.5,6.2,2.8,5.5
46,8.5,9.5,7.8,9.0,4.2,7.5,8.2,2.5,6.8
47,8.5,9.8,8.2,9.5,7.8,8.5,9.2,4.1,7.8
48,4.5,6.8,2.1,3.9,7.5,4.5,2.8,1.5,3.2
49,4.5,2.8,1.9,3.2,2.1,2.5,1.8,1.2,1.0
50,8.5,6.8,4.2,7.9,5.1,4.5,6.8,3.2,5.5
51,7.5,9.5,8.2,8.8,9.0,8.5,9.2,7.8,6.5
52,8.5,6.8,4.2,7.9,3.1,4.5,2.9,1.8,6.1
53,9.5,8.8,7.2,8.5,4.1,8.5,7.2,4.8,6.8
54,8.5,7.8,6.2,7.5,5.1,4.5,7.2,4.8,6.5
55,7.5,4.2,2.1,4.8,3.5,4.5,2.8,4.2,3.5
56,8.5,7.8,6.2,8.0,5.5,7.5,4.2,2.8,6.8
57,8.5,9.8,6.1,8.2,9.5,8.5,9.2,2.1,7.8
58,8.5,7.8,6.2,7.5,5.8,4.5,2.8,2.5,1.8
59,9.5,9.8,8.5,9.2,8.0,8.5,8.2,6.8,7.5
60,8.5,9.5,7.8,8.2,6.5,4.5,6.8,2.5,7.2
61,7.5,4.8,2.1,6.5,8.2,4.5,2.8,3.2,1.8
62,7.5,4.2,2.8,6.1,3.5,4.5,2.8,3.2,1.8
63,6.5,7.8,6.2,7.5,6.8,4.5,6.8,3.2,5.1
64,7.5,4.2,2.8,6.5,3.1,2.5,4.2,1.8,3.5
65,8.5,6.8,4.2,7.1,5.9,4.5,7.2,2.8,6.1
66,8.5,9.5,7.8,8.2,6.5,7.5,8.2,4.1,6.8
67,8.5,6.8,4.2,7.9,3.1,4.5,2.8,3.2,1.5
68,7.5,8.2,4.8,6.5,5.1,4.5,7.2,6.8,5.1
69,8.5,9.5,8.0,9.0,7.0,8.5,9.2,4.1,7.8
70,2.5,1.8,1.2,2.1,1.5,0.5,1.2,1.0,0.8
71,7.5,8.2,6.8,8.5,4.9,4.5,7.2,2.8,6.8
72,8.5,9.5,8.0,9.0,7.5,7.5,8.2,4.1,6.8
73,8.5,8.8,6.2,8.0,7.5,7.5,8.2,4.1,6.8
74,7.5,4.2,2.1,4.8,2.5,2.5,1.8,1.2,1.0
75,0.0,2.5,1.8,3.2,0.5,1.5,2.1,4.2,1.8
76,8.5,7.8,6.2,4.9,8.1,4.5,6.8,3.2,5.1
77,7.5,4.2,2.1,6.5,3.8,1.5,2.1,1.8,1.2
78,8.5,9.5,7.8,9.2,8.8,8.5,7.2,2.5,6.8
79,8.5,9.5,7.8,9.2,6.5,8.5,7.2,4.1,6.8
80,7.5,8.2,6.8,7.1,6.5,4.5,6.8,2.5,3.8
81,9.5,8.2,6.8,8.5,4.1,8.5,7.2,4.1,6.8
82,7.5,4.2,2.8,6.1,6.5,4.5,2.8,1.5,3.2
83,7.5,8.8,6.2,8.5,9.0,7.5,8.2,4.1,6.8
84,8.5,6.8,4.2,7.9,5.1,4.5,2.8,3.2,1.8
85,8.5,9.5,8.8,9.2,7.5,8.5,9.2,4.1,7.8
86,6.5,8.2,4.8,7.1,8.5,7.5,6.2,2.8,8.1
87,8.5,9.5,8.0,9.0,6.5,8.5,9.2,4.1,7.8
88,6.5,4.2,2.8,4.5,3.1,2.5,4.2,4.8,3.5
89,7.5,4.2,2.1,6.5,3.8,4.5,2.8,2.5,3.8
90,7.5,4.2,2.8,6.1,6.5,4.5,2.8,3.2,1.8
91,8.5,9.5,7.8,8.2,6.5,7.5,8.2,4.1,6.8
92,8.5,9.5,7.8,8.2,6.5,7.5,8.2,4.1,6.8
93,4.5,6.8,5.2,7.1,3.9,4.5,7.2,6.8,5.1
94,8.5,6.8,4.2,7.9,5.1,2.5,1.8,1.2,1.5
95,8.5,6.8,4.2,7.1,5.5,4.5,6.8,2.5,5.8
96,8.5,9.5,8.0,9.0,7.5,8.5,7.2,6.8,8.0
97,6.5,2.8,1.5,2.2,4.1,2.5,1.8,1.2,1.0
98,7.5,8.8,6.5,8.2,5.1,4.5,8.2,2.8,6.5
99,8.5,9.5,7.8,8.2,6.5,7.5,8.2,4.1,6.8
100,8.0,7.5,4.2,7.8,6.5,7.5,8.2,2.5,6.8
101,8.5,7.8,6.2,8.0,7.5,7.5,6.2,4.1,8.1
102,8.5,8.0,7.0,6.5,8.0,7.5,6.2,4.1,4.8
103,8.5,7.2,6.8,7.5,6.5,4.5,2.8,3.2,1.5
104,8.5,9.5,7.8,8.2,6.5,7.5,8.2,4.1,6.8
105,8.5,9.5,6.8,8.2,7.1,4.5,7.2,2.8,6.8
106,8.5,9.8,9.5,9.2,7.0,8.5,7.2,4.1,6.8
107,8.5,8.0,6.5,7.8,7.2,4.5,7.2,2.8,6.1
108,8.5,8.0,7.2,8.8,4.5,7.5,8.2,2.5,6.8
109,7.5,4.2,2.1,6.5,3.8,2.5,1.8,1.2,4.1
110,9.5,9.8,9.2,9.9,8.5,9.5,9.0,6.5,8.8
111,8.5,7.2,4.8,8.0,6.5,7.5,8.2,4.1,6.8
112,7.5,8.2,4.8,6.5,8.8,7.5,8.2,4.1,6.8
113,9.5,9.8,8.2,9.0,8.5,8.5,7.2,4.1,6.8
114,7.5,6.8,4.2,6.5,3.1,2.5,1.8,1.2,0.8
115,8.5,4.2,2.1,6.5,3.8,4.5,2.8,2.5,3.8
116,7.5,4.2,2.1,6.5,3.8,2.5,1.8,1.2,1.5
117,8.5,7.8,6.2,8.0,8.8,7.5,8.2,6.8,8.5
118,8.5,7.8,6.2,7.5,4.1,4.5,2.8,3.2,6.8
119,8.5,9.5,7.8,8.2,6.5,8.5,9.2,4.1,7.8
120,9.5,9.8,8.5,9.2,8.8,8.5,8.2,6.8,7.5
121,8.5,7.8,4.2,6.5,8.0,7.5,8.2,4.1,6.8
122,8.5,6.8,4.2,7.1,5.9,2.5,1.8,4.2,1.5
123,8.5,9.5,6.8,7.2,8.0,8.5,7.2,4.1,6.8
124,7.5,8.2,4.8,6.5,3.1,2.5,6.8,1.8,4.2
125,8.5,8.0,6.5,7.2,4.8,4.5,7.2,3.8,5.1
126,8.5,9.5,7.8,9.0,8.2,8.5,7.2,4.1,6.8
127,8.5,9.5,8.2,9.0,6.8,7.5,8.2,4.1,6.8
128,8.5,9.5,6.8,8.2,7.1,4.5,6.8,2.5,7.2
129,7.5,8.2,4.1,6.5,6.8,7.5,6.2,4.1,5.8
130,8.5,9.5,6.8,8.2,7.1,4.5,6.8,3.2,5.1
131,7.5,8.2,4.8,6.5,8.8,4.5,2.8,1.5,3.2
132,8.5,7.2,4.8,6.5,3.1,4.5,6.8,2.1,1.9
133,7.5,4.2,2.1,3.8,2.5,4.5,2.8,3.2,1.5
134,9.5,9.8,8.2,9.0,7.5,8.5,7.2,4.8,6.8
135,8.5,7.8,4.2,6.5,5.1,4.5,6.8,2.5,3.8
136,9.5,9.8,8.2,9.0,7.5,8.5,7.2,4.1,6.8
137,8.0,9.5,8.2,9.8,7.5,8.5,7.2,4.1,6.8
138,8.5,6.8,4.2,7.9,3.1,4.5,6.8,2.5,7.2
139,8.5,7.2,4.8,7.5,5.1,4.5,6.8,3.2,5.1
140,8.5,9.5,6.8,7.2,8.0,8.5,7.2,4.1,1.8
141,8.5,9.5,7.2,8.8,6.5,4.5,7.2,2.8,6.8
142,9.5,9.8,8.5,9.2,9.0,9.5,9.8,6.5,8.2
143,9.5,8.2,4.8,7.5,6.8,4.5,6.8,2.5,5.8
144,9.5,9.8,8.2,9.0,7.5,8.5,7.2,4.1,6.8
145,4.5,6.8,2.1,4.2,3.5,2.5,4.2,1.8,3.5
146,7.5,8.2,4.8,6.5,8.0,4.5,2.8,2.5,6.8
147,4.5,7.8,2.9,6.1,3.4,4.5,7.2,2.8,6.1
148,7.5,8.2,4.8,6.5,3.1,4.5,7.2,2.8,6.1
149,7.5,4.2,2.8,6.5,5.1,2.5,2.8,1.5,1.8
150,6.5,2.1,1.8,3.2,2.5,2.5,4.2,1.8,1.5
151,8.5,9.5,8.0,9.0,6.0,7.5,8.2,4.1,6.8
152,9.5,9.8,9.2,9.9,8.5,9.5,9.0,6.5,8.5
153,8.5,7.8,6.2,8.0,5.5,4.5,6.8,3.2,5.1
154,8.5,9.5,7.8,8.2,6.5,4.5,6.8,2.5,5.8
155,8.5,6.8,4.2,7.1,5.5,4.5,6.8,2.5,7.2
156,8.5,9.8,9.2,9.5,8.0,8.5,9.2,4.1,8.8
157,8.5,9.0,7.2,8.0,4.5,7.5,6.2,2.8,8.1
158,0.0,9.5,8.2,8.8,7.5,8.5,9.2,6.8,7.1
159,8.5,7.8,6.2,8.8,4.5,4.5,2.8,3.2,1.8
160,9.5,9.8,8.2,9.9,8.5,8.5,9.2,4.1,6.8
161,4.5,8.2,6.1,7.5,5.8,4.5,6.8,3.2,5.1
162,7.5,6.8,4.2,7.0,5.5,4.5,2.8,1.5,3.2
163,8.5,2.5,1.8,4.2,2.1,2.5,1.8,1.2,1.0
164,8.5,9.5,7.8,8.2,6.5,7.5,8.2,4.5,6.8
165,9.5,9.8,8.5,9.2,7.8,8.5,9.2,4.1,8.8
166,8.5,7.2,4.8,7.5,3.1,4.5,6.8,2.5,5.8
167,8.5,9.5,8.0,9.0,7.5,8.5,7.2,6.8,4.5
168,9.5,9.8,8.2,9.0,8.5,8.5,7.2,4.1,8.8
169,8.5,7.8,6.2,7.5,8.0,7.5,6.2,4.1,5.8
170,9.5,8.8,6.5,8.2,7.0,8.5,7.2,6.8,8.0
171,7.5,6.8,4.2,6.5,5.8,4.5,6.8,3.5,5.8
172,8.5,6.8,4.2,7.1,5.5,7.5,6.2,4.1,5.8
173,6.5,4.2,2.8,3.5,2.1,2.5,4.2,3.8,1.8
174,8.5,9.5,7.8,8.2,6.5,7.5,8.2,4.1,6.8
175,8.5,9.5,7.8,8.2,9.0,8.5,9.2,6.8,7.1
176,8.5,9.5,8.0,9.0,9.0,8.5,7.2,4.1,6.8
177,0.0,8.5,6.8,7.2,5.5,4.5,7.2,2.8,6.1
178,8.5,6.8,4.2,7.9,5.1,7.5,6.2,4.1,5.8
179,8.5,6.8,4.2,7.9,5.1,7.5,6.2,4.8,5.5
180,7.5,4.2,2.1,4.8,3.5,4.5,6.8,2.5,5.8
181,8.5,9.8,7.2,9.5,8.0,8.5,9.2,4.1,6.8
182,8.5,7.8,6.2,8.0,7.5,7.5,8.2,4.1,6.8
183,9.5,9.8,8.2,9.0,7.5,8.5,7.2,4.1,8.8
184,8.5,9.5,7.8,8.2,9.0,8.5,7.2,4.1,6.8
185,8.5,9.5,8.0,9.0,6.5,7.5,8.2,4.1,6.8
186,8.5,9.5,7.8,9.0,4.2,7.5,6.2,4.1,8.1
187,8.5,9.5,7.8,9.2,6.1,4.5,6.8,2.5,5.8
188,8.5,6.8,4.2,7.1,5.9,2.5,1.8,1.2,1.5
189,4.5,6.8,4.2,6.5,7.1,4.5,2.8,2.5,1.8
190,9.0,8.5,6.8,8.2,4.5,7.5,8.2,4.1,6.8
191,9.5,9.8,8.5,9.2,7.8,8.5,9.2,4.1,8.8
192,8.5,9.5,7.8,9.0,9.2,7.5,8.2,4.1,6.8
193,8.5,9.5,7.8,9.0,6.5,8.5,9.2,4.1,8.8
194,9.5,8.2,4.1,8.8,6.5,7.5,8.2,4.1,6.8
195,8.5,9.5,7.8,8.2,6.5,7.5,6.2,4.8,5.5
196,7.5,8.2,6.8,7.1,4.9,4.5,6.8,3.2,7.5
197,8.5,6.8,4.2,7.1,5.5,4.5,2.8,3.2,1.8
198,9.5,9.8,8.2,9.9,8.5,8.5,9.2,4.1,8.8
199,6.5,8.2,4.8,6.1,7.5,4.5,7.2,6.8,5.1
200,7.5,8.2,6.1,7.8,8.5,8.5,7.2,4.8,6.1
201,8.5,6.8,4.2,7.1,5.5,4.5,2.8,2.5,1.8
202,8.5,9.8,8.2,9.5,7.8,8.5,8.2,4.1,7.8
203,9.5,9.8,8.2,9.0,6.5,8.5,9.2,4.1,8.8
204,8.5,7.8,4.2,6.5,5.1,4.5,6.8,2.5,3.8
205,8.5,7.8,6.2,7.5,4.1,4.5,6.8,2.5,5.8
206,9.5,8.2,6.8,8.5,7.1,8.5,7.2,4.1,6.8
207,7.5,9.5,8.2,9.8,9.0,7.5,8.2,4.1,6.8
208,8.5,9.5,7.8,9.2,6.8,7.5,8.2,4.1,6.8
209,4.5,9.5,8.2,7.8,8.5,8.5,7.2,4.1,6.8
210,8.5,9.5,6.8,8.2,7.1,4.5,7.2,2.8,6.1
211,9.5,8.2,4.8,7.5,6.1,4.5,2.8,2.5,3.8
212,8.5,9.5,6.8,8.2,7.1,4.5,8.2,2.8,6.5
213,8.5,9.8,8.2,9.5,9.0,8.5,7.2,6.8,8.0
214,8.5,7.8,6.2,8.1,9.0,4.5,6.8,2.5,7.2
215,8.5,9.5,6.8,8.2,9.0,8.5,8.2,4.1,6.8
216,7.5,6.8,4.2,6.5,5.1,4.5,6.8,3.2,5.1
217,8.5,2.1,1.8,4.2,0.5,2.5,1.8,4.2,1.5
218,8.5,7.2,6.1,8.8,4.5,4.5,2.8,2.5,6.8
219,9.5,9.8,8.2,9.9,8.5,8.5,9.2,4.1,8.8
220,8.5,7.8,4.2,7.5,6.1,7.5,6.2,4.1,5.8
221,8.5,6.8,4.2,7.1,5.5,4.5,6.8,3.2,5.1
222,9.5,9.8,8.2,9.0,8.5,8.5,9.2,2.8,7.1
223,7.5,8.8,6.2,8.5,4.8,7.5,8.2,2.5,6.8
224,7.5,8.2,4.8,6.5,6.8,4.5,7.2,2.8,6.5
225,8.5,9.8,8.2,9.0,9.5,8.5,9.2,7.8,8.0
226,8.5,6.8,4.2,7.1,5.9,4.5,2.8,2.5,6.8
227,8.5,9.5,7.8,9.0,8.2,7.5,8.2,4.1,6.8
228,7.5,8.8,8.2,6.5,9.0,4.5,7.2,2.8,6.1
229,8.5,7.8,4.2,8.0,9.0,8.5,7.2,4.1,6.8
230,8.5,6.8,4.2,7.1,3.5,2.5,1.8,1.2,1.0
231,8.5,9.5,7.8,8.2,6.1,8.5,9.2,4.1,7.8
232,8.5,7.8,6.2,7.5,5.8,4.5,7.2,2.8,6.5
233,8.5,9.8,8.2,9.5,7.8,8.5,8.2,4.1,7.8
234,8.5,9.5,7.8,8.2,6.1,7.5,6.2,4.1,5.8
235,9.5,8.8,6.5,8.2,7.8,8.5,7.2,4.8,6.8
236,7.5,8.8,6.2,8.5,9.0,7.5,8.2,4.1,6.8
237,9.5,9.8,8.2,9.0,8.5,8.5,7.2,4.8,6.8
238,8.5,6.8,4.2,7.1,3.5,4.5,6.8,2.1,7.9
239,8.5,6.8,4.2,7.1,5.5,4.5,6.8,2.5,5.8
240,8.5,7.2,6.8,9.0,4.5,4.5,2.8,2.5,6.8
241,8.5,7.8,6.2,8.0,5.5,7.5,8.2,4.1,6.8
242,8.5,9.5,8.0,9.0,7.5,8.5,9.2,6.8,7.1
243,7.5,8.8,6.5,8.2,4.8,7.5,8.2,4.5,6.8
244,8.5,9.5,7.8,8.2,9.0,8.5,6.2,2.8,7.1
245,8.5,7.8,6.2,7.5,5.8,7.5,8.2,2.5,6.8
246,8.5,6.8,4.2,7.5,5.1,4.5,2.8,1.5,3.5
247,8.5,9.5,8.0,9.0,7.0,8.5,7.2,4.1,6.8
248,7.5,4.2,2.8,6.5,3.1,4.5,2.8,1.5,1.8
249,7.5,9.5,8.8,9.2,6.8,7.5,8.2,6.8,8.5
250,8.5,7.8,4.2,6.5,5.1,7.5,4.2,4.5,3.8
251,4.5,2.8,1.9,3.2,6.1,2.5,4.2,1.8,1.5
252,9.5,9.8,8.5,9.2,7.8,8.5,7.2,2.5,6.8
253,6.5,7.8,4.2,6.1,5.9,4.5,6.8,2.5,5.8
254,8.5,7.8,6.2,8.0,7.5,7.5,6.2,4.1,5.8
255,8.5,9.5,7.8,8.2,6.5,7.5,8.2,4.1,6.8
256,4.5,7.8,6.1,7.2,8.5,4.5,6.8,3.2,5.1
257,8.5,6.8,4.2,7.1,2.5,4.5,6.8,2.5,5.8
258,7.5,8.2,4.8,6.5,5.1,7.5,6.2,2.5,8.0
259,8.5,9.5,8.0,9.0,7.0,7.5,8.2,2.5,6.8
260,8.5,9.5,6.8,7.2,9.0,8.5,7.2,2.5,6.8
261,7.5,6.8,4.2,7.0,5.5,4.5,6.8,2.5,5.8
262,7.5,4.2,2.1,4.8,3.5,2.5,4.2,1.8,1.5
263,8.5,9.5,7.8,8.2,6.5,4.5,7.2,3.8,5.1
264,8.5,9.5,7.8,9.0,6.2,4.5,6.8,2.1,3.9
265,8.5,9.5,7.8,9.0,8.8,8.5,7.2,4.1,6.8
266,4.5,8.2,6.8,7.5,9.0,7.5,4.2,2.8,6.8
267,7.5,8.8,6.2,7.0,8.5,7.5,8.2,4.1,6.8
268,8.5,9.5,7.8,9.0,8.8,8.5,7.2,4.1,6.8
269,7.5,4.2,2.1,6.5,3.8,2.5,1.8,1.2,1.0
270,7.5,8.8,8.2,8.5,7.8,7.5,8.2,4.1,6.8
271,8.5,9.5,8.0,9.0,8.5,8.5,9.2,6.8,7.1
272,6.5,2.5,2.0,4.2,1.8,2.5,2.0,1.5,1.8
273,7.5,4.2,2.1,6.5,8.0,7.5,4.2,2.8,3.5
274,8.5,7.2,4.8,6.5,6.1,4.5,6.8,2.1,5.9
275,9.5,8.8,6.2,8.5,7.1,8.5,7.2,4.1,6.8
276,8.5,9.5,8.0,9.0,9.0,8.5,7.2,4.1,6.8
277,8.5,6.8,4.2,7.1,3.5,4.5,6.8,3.2,5.1
278,0.0,4.5,6.8,5.2,7.5,4.5,2.8,3.2,5.8
279,7.5,4.2,2.1,6.8,3.5,4.5,2.8,2.5,1.8
280,8.5,9.5,7.8,9.0,6.5,7.5,8.2,4.1,6.8
281,8.5,9.5,8.0,9.0,7.5,7.5,8.2,4.1,8.8
282,9.5,8.2,6.8,9.0,7.5,7.5,8.2,4.1,6.8
283,9.5,9.8,8.2,9.9,7.5,8.5,8.2,4.1,6.8
284,8.5,8.0,6.5,7.2,4.8,7.5,6.2,2.8,5.5
285,4.5,7.8,6.1,5.2,3.9,2.5,4.2,1.8,1.5
286,8.5,7.8,6.2,8.0,4.5,4.5,6.8,3.2,5.1
287,7.5,6.8,4.2,6.5,7.8,4.5,6.8,2.5,5.8
288,8.5,9.5,7.8,9.0,6.5,8.5,8.2,4.1,7.8
289,8.5,9.5,8.8,9.2,6.5,8.5,9.2,4.1,7.8
290,8.5,9.5,8.0,9.0,9.0,8.5,7.2,4.1,6.8
291,9.8,9.9,9.5,9.9,8.5,9.5,8.8,6.5,8.2
292,9.5,9.8,8.2,9.0,7.5,8.5,7.2,4.1,6.8
293,8.5,8.0,6.5,7.8,4.2,4.5,6.8,2.5,7.2
294,9.5,9.8,8.2,9.0,7.5,8.5,7.2,4.1,6.8
295,0.0,8.5,6.8,7.2,8.0,7.5,8.2,4.1,6.8
296,9.5,6.8,4.2,8.5,7.1,8.5,7.2,4.1,6.8
297,4.5,2.1,1.8,2.5,0.8,1.5,2.8,1.2,0.8
298,8.5,6.8,4.2,7.1,5.5,4.5,2.5,1.8,1.2
299,8.5,6.8,4.2,7.1,3.5,4.5,2.8,1.5,3.2
300,8.5,9.8,8.2,9.5,9.0,8.5,7.2,4.1,6.8
301,8.5,6.8,4.2,6.5,3.1,2.5,2.8,1.5,1.8
302,2.5,6.8,4.2,5.5,7.9,4.5,2.8,1.5,1.8
303,4.5,8.2,6.1,7.5,8.8,7.5,6.2,4.1,5.8
304,8.5,9.5,7.8,8.2,6.5,8.5,7.2,4.1,6.8
305,8.5,9.5,7.8,8.2,6.5,8.5,7.2,4.1,6.8
306,9.5,9.8,8.5,9.2,8.8,8.5,9.2,4.1,8.8
307,9.5,8.0,6.5,8.5,7.0,8.5,7.2,6.8,5.5
308,8.5,9.0,6.8,8.2,7.5,4.5,7.2,2.8,5.1
309,8.5,9.5,7.8,9.0,8.0,8.5,7.2,4.1,6.8
310,8.5,9.5,7.8,9.2,8.8,8.5,9.2,4.1,7.8
311,8.5,8.0,6.5,7.8,4.2,7.5,6.2,4.8,5.5
312,9.5,9.8,8.2,9.9,8.5,8.5,9.2,4.1,8.8
313,0.0,2.5,1.8,2.2,1.5,1.5,2.1,1.8,0.5
314,8.5,6.8,4.2,7.1,5.5,2.5,1.8,1.2,0.8
315,9.5,8.8,7.2,9.0,8.5,7.5,6.2,2.8,4.5
316,8.5,9.5,7.8,9.0,6.5,7.5,8.2,4.1,6.8
317,8.5,9.0,6.8,7.2,8.0,4.5,6.8,2.5,5.8
318,7.5,6.8,2.5,4.2,8.0,2.5,4.2,1.8,1.5
319,8.5,7.2,4.8,6.5,3.1,4.5,2.8,1.5,3.5
320,7.5,8.2,6.8,7.1,8.5,7.5,6.2,4.1,5.8
321,8.5,7.8,4.2,6.5,6.1,7.5,8.2,4.1,6.8
322,8.5,9.5,8.0,7.8,6.5,4.5,2.8,1.5,1.8
323,4.5,6.8,2.1,3.9,1.8,4.5,6.8,2.5,3.5
324,8.5,6.8,4.2,7.9,5.1,7.5,4.2,4.8,6.8
325,8.5,4.2,2.1,6.8,5.5,2.5,1.8,1.2,1.5
326,8.5,7.8,6.2,8.0,5.5,7.5,8.2,2.5,6.8
327,8.5,7.8,6.2,8.0,4.5,4.5,2.5,1.8,3.2
328,8.5,6.8,4.2,7.9,5.1,4.5,6.8,2.5,3.8
329,8.5,7.8,6.2,7.5,5.1,4.5,6.8,2.5,3.8
330,4.5,8.2,2.8,6.5,9.0,4.5,2.8,1.5,3.5
331,8.5,9.5,7.8,9.2,6.1,7.5,6.2,4.1,8.1
332,9.5,9.8,8.2,9.0,7.5,8.5,7.2,4.8,6.8
333,4.5,8.2,6.8,7.5,5.1,4.5,2.8,4.2,1.5
334,7.5,4.2,2.1,3.8,2.5,2.5,4.2,1.8,1.5
335,7.5,6.8,4.2,6.5,3.1,4.5,2.8,3.2,1.5
336,8.5,6.8,4.2,7.1,5.5,4.5,2.8,3.2,5.8
337,7.5,4.2,2.8,6.5,3.1,2.5,1.8,1.2,1.5
338,7.5,6.8,4.2,6.5,5.1,4.5,6.8,2.5,5.8
339,7.5,8.0,4.5,6.5,3.0,4.5,6.8,2.5,5.8
340,8.5,7.8,4.2,6.5,5.1,4.5,6.8,2.5,5.8
341,8.5,9.5,8.0,9.0,7.0,8.5,9.2,7.8,8.0
342,8.5,9.5,7.8,8.2,6.5,7.5,8.2,6.8,6.5
343,8.5,9.5,9.0,8.0,7.5,8.5,4.2,2.8,6.8
344,8.5,9.5,6.8,8.2,7.1,4.5,8.2,6.8,1.9
345,4.5,8.2,6.8,7.1,5.9,4.5,6.8,2.5,5.8
346,9.5,9.8,8.2,9.0,7.5,8.5,7.2,4.1,6.8
347,8.5,9.5,7.8,9.2,6.5,4.5,7.2,2.8,6.1
348,9.5,9.8,8.2,9.0,7.5,8.5,9.2,4.1,8.8
349,7.5,8.2,6.8,8.5,7.8,4.5,6.8,2.5,5.8
350,7.5,6.8,4.2,6.5,8.1,4.5,6.8,3.2,5.1
351,8.5,9.8,9.5,9.2,9.8,8.5,9.2,6.8,7.1
352,8.5,9.5,8.0,9.0,7.5,8.5,7.2,6.8,8.0
353,8.5,9.5,8.0,9.2,8.8,8.5,7.2,4.8,6.8
354,8.5,7.8,6.2,7.1,5.9,4.5,7.2,2.8,6.1
355,8.5,9.5,8.0,9.0,6.0,4.5,2.8,1.5,1.8
356,8.5,9.8,9.2,9.5,7.8,8.5,9.2,4.1,8.8
357,7.5,2.5,1.8,4.2,0.8,0.5,0.8,1.2,0.0
358,8.5,6.8,4.2,7.9,5.1,7.5,8.2,4.1,6.8
359,8.5,7.8,6.2,8.0,4.5,4.5,6.8,3.2,7.5
360,9.5,9.8,8.2,9.0,7.5,8.5,7.2,4.1,6.8
361,9.5,9.8,8.2,9.0,6.5,8.5,9.2,4.1,8.8
362,8.5,9.5,7.8,9.2,8.8,8.5,7.2,4.1,6.8
363,8.5,4.2,2.1,6.5,3.8,4.5,6.8,2.5,1.8
364,9.5,9.8,8.2,9.0,6.5,8.5,7.2,4.8,6.8
365,8.5,9.5,6.8,8.2,7.1,7.5,8.2,2.5,6.8
366,9.5,9.8,8.2,9.0,8.5,8.5,7.2,4.1,6.8
367,8.5,6.8,5.2,7.1,4.5,2.5,1.8,4.2,1.5
368,8.5,9.5,8.8,9.2,7.0,8.5,8.2,4.1,6.8
369,8.5,9.5,7.8,9.0,8.0,8.5,7.2,4.1,6.8
370,7.5,9.8,9.5,9.2,8.0,8.5,9.2,4.1,8.8
371,4.5,2.8,1.9,3.2,2.1,2.5,4.2,1.8,1.5
372,9.0,8.5,6.8,8.2,7.5,8.5,7.2,4.1,6.8
373,7.5,4.2,2.1,4.8,2.5,4.5,6.8,2.5,1.8
374,8.5,9.5,7.8,9.0,8.2,8.5,7.2,4.1,6.8
375,8.5,9.8,9.2,9.5,7.8,8.5,9.2,6.8,8.8
376,8.5,8.0,7.0,8.2,8.8,4.5,6.8,2.5,5.8
377,8.5,7.8,6.2,8.1,4.9,4.5,6.8,2.5,7.2
378,8.5,9.5,8.0,9.0,7.0,8.5,7.2,2.5,6.8
379,9.5,9.8,9.2,9.9,8.5,8.5,9.2,4.1,8.8
380,7.5,8.2,4.8,6.5,6.8,4.5,6.8,3.2,5.1
381,8.5,7.2,4.8,6.5,3.1,4.5,2.8,1.5,3.5
382,8.5,9.0,7.2,8.0,6.5,7.5,6.2,4.1,8.1
383,8.5,9.5,6.8,7.2,8.0,7.5,6.2,4.1,8.1
384,8.5,9.5,7.2,8.8,6.1,2.5,4.2,1.8,1.5
385,9.5,8.8,7.2,9.0,6.5,8.5,9.2,6.8,8.0
386,8.5,9.5,7.8,9.0,6.5,7.5,8.2,4.1,6.8
387,8.5,6.8,4.2,7.9,9.0,8.5,7.2,4.1,6.8
388,9.5,8.8,7.2,9.0,4.5,7.5,8.2,4.1,6.8
389,9.5,9.8,7.2,8.5,8.0,7.5,6.2,4.1,8.1
390,8.5,9.5,7.8,9.0,6.5,4.5,7.2,2.8,6.5
391,8.5,7.8,6.2,7.5,5.8,7.5,8.2,4.1,6.8
392,7.5,4.2,2.1,4.8,3.5,2.5,1.8,1.2,1.5
393,8.5,9.8,9.2,9.5,7.8,8.5,9.2,7.8,8.0
394,8.5,9.5,8.0,9.0,7.0,8.5,7.2,4.1,6.8
395,8.5,9.5,7.2,8.8,9.0,8.5,7.2,4.1,8.8
396,7.5,4.2,2.8,6.5,3.1,2.5,1.8,1.2,1.5
397,6.5,8.2,4.1,6.8,9.5,7.5,8.2,2.5,6.8
398,9.5,8.8,7.2,9.0,6.5,7.5,8.2,4.1,6.8
399,8.5,9.5,6.8,8.2,9.8,7.5,8.2,2.5,6.8
400,8.5,9.5,8.0,9.0,7.5,8.5,8.2,4.1,7.8
401,8.5,7.8,6.2,8.1,5.9,4.5,6.8,3.2,7.1
402,8.5,8.0,7.2,6.8,6.5,4.5,6.8,3.2,5.1
403,8.5,7.8,6.2,8.0,5.5,4.5,2.8,2.5,1.8
404,8.5,9.5,7.8,9.0,8.2,4.5,6.8,2.5,5.8
405,8.5,7.8,4.2,6.5,5.1,4.5,6.8,2.5,5.8
406,8.5,9.5,7.8,8.2,6.5,4.5,8.2,2.1,6.8
407,8.5,9.5,6.8,8.2,7.5,2.5,4.2,1.8,1.5
408,8.5,7.8,6.2,8.1,4.9,4.5,2.8,2.5,1.8
409,8.5,6.8,4.2,7.1,5.9,2.5,4.2,1.8,1.5
410,8.5,9.8,9.5,9.2,8.0,8.5,9.2,7.8,8.0
411,7.5,8.8,6.2,8.5,9.0,4.5,6.8,3.2,1.8
412,4.5,6.8,5.2,7.1,3.9,4.5,6.8,3.2,5.1
413,9.5,8.8,6.2,9.0,7.5,7.5,8.2,4.1,6.8
414,8.5,8.0,7.0,8.2,6.5,4.5,6.8,2.5,3.8
415,8.5,9.5,8.0,9.0,7.5,8.5,7.2,4.8,6.8
416,8.5,9.5,6.8,8.2,7.1,7.5,8.2,4.1,6.8
417,8.5,9.5,7.8,9.2,6.1,8.5,7.2,4.1,6.8
418,8.5,6.8,4.2,7.1,5.5,4.5,2.8,1.5,3.2
419,9.5,9.8,9.2,9.5,8.5,9.5,8.8,6.5,8.2
420,7.5,6.8,4.2,6.5,3.8,4.5,2.8,3.2,5.8
421,9.5,9.8,8.5,9.2,7.8,8.5,9.2,4.1,8.8
422,8.5,9.0,6.5,9.5,7.0,8.5,6.2,4.8,7.1
423,8.5,9.5,6.8,8.2,7.1,7.5,8.2,6.8,4.5
424,8.5,9.5,6.8,8.2,7.1,7.5,8.2,4.1,6.8
425,4.5,2.1,1.8,3.2,2.5,2.5,1.8,1.2,1.0
426,7.5,6.8,4.2,6.5,5.1,4.5,2.8,1.5,3.2
427,8.5,8.0,7.2,8.8,4.5,7.5,6.2,2.8,5.5
428,7.5,4.2,2.1,6.8,3.5,4.5,2.8,3.2,1.8
429,8.5,7.8,4.2,6.5,5.1,4.5,6.8,2.5,5.8
430,2.5,9.5,7.8,8.2,9.0,8.5,9.2,4.1,8.8
431,8.5,9.8,7.2,8.8,9.5,8.5,9.2,7.8,8.0
432,8.5,9.5,8.0,9.0,8.8,8.5,8.2,4.8,6.5
433,9.5,8.8,6.5,8.2,7.1,4.5,2.8,2.5,6.8
434,8.5,9.8,9.5,9.2,8.0,8.5,9.2,4.1,7.8
435,7.5,8.2,4.1,6.5,9.0,7.5,8.2,2.5,4.8
436,8.5,7.8,6.2,8.0,4.5,4.5,2.8,2.5,1.8
437,9.5,8.8,7.2,8.5,6.0,8.5,7.2,4.1,6.8
438,,,,,,9.5,8.2,7.8,8.5
439,8.5,7.8,4.2,6.5,5.1,4.5,7.2,2.8,5.1
440,9.0,8.5,6.8,8.2,7.5,8.5,8.2,6.8,7.1
441,8.5,9.5,7.8,8.2,8.8,7.5,8.2,4.1,6.8
442,8.5,9.5,8.0,9.0,7.5,7.5,8.2,4.1,6.8
443,8.5,9.5,7.8,9.2,8.0,8.5,9.2,4.1,7.8
444,8.5,4.2,2.1,6.5,3.8,4.5,6.8,3.2,1.8
445,7.5,4.2,2.1,6.5,3.8,4.5,6.8,7.2,1.8
446,8.5,7.8,4.2,6.5,8.0,4.5,6.8,2.5,7.2
447,8.5,6.8,2.5,7.2,4.1,2.5,4.2,1.8,1.5
448,8.5,7.8,6.2,7.5,5.8,7.5,6.2,4.8,8.1
449,8.5,9.5,7.8,8.2,6.5,7.5,8.2,4.1,6.8
450,8.5,4.2,2.1,6.5,3.8,2.5,1.8,1.2,0.5
451,8.5,9.5,7.8,8.2,6.5,7.5,6.2,4.8,5.5
452,8.5,9.0,7.8,8.2,6.5,4.5,6.8,2.5,7.2
453,8.5,4.2,2.8,6.5,1.5,2.5,2.8,1.5,1.2
454,8.5,6.8,4.2,7.1,5.9,4.5,6.8,2.5,5.8
455,4.5,6.8,2.9,7.1,3.4,2.5,4.2,3.8,1.8
456,4.5,6.8,2.9,7.1,3.4,4.5,6.8,3.2,1.8
457,8.5,7.8,6.2,8.1,9.5,8.5,4.2,4.8,6.8
458,8.5,6.8,4.2,7.9,5.1,2.5,2.1,1.8,1.2
459,7.5,8.2,6.8,7.1,4.5,4.5,6.8,2.5,3.8
460,8.5,9.8,8.2,9.5,7.1,8.5,7.2,4.1,8.8
461,9.5,8.8,6.5,8.2,7.0,8.5,7.2,4.1,6.8
462,8.5,6.8,4.2,7.9,5.1,4.5,2.8,3.2,1.8
463,8.5,6.8,2.1,4.2,3.5,2.5,1.8,1.2,1.0
464,7.5,6.8,4.2,6.5,5.1,4.5,6.8,2.5,3.8
465,9.5,8.5,7.2,9.0,6.8,8.5,7.2,4.1,6.8
466,8.5,8.0,7.2,8.8,6.5,7.5,6.2,4.1,5.8
467,9.5,9.8,8.2,9.9,8.5,8.5,9.2,4.1,7.8
468,8.5,9.5,7.8,8.2,4.1,7.5,4.2,4.5,6.8
469,8.5,9.5,7.8,8.2,6.1,7.5,8.2,2.5,6.8
470,9.5,8.8,7.2,8.5,6.8,7.5,8.2,4.1,6.8
471,8.5,8.0,6.5,8.8,7.2,7.5,4.2,2.8,3.5
472,7.5,4.2,2.1,4.5,8.0,4.5,2.8,1.5,1.8
473,7.5,8.2,6.8,7.1,8.5,7.5,8.2,6.8,5.5
474,8.5,9.5,8.8,9.2,6.5,7.5,8.2,4.1,6.8
475,9.5,9.8,8.2,9.0,8.5,8.5,7.2,4.1,6.8
476,8.5,9.8,9.2,9.5,7.8,8.5,9.2,4.1,8.8
477,8.5,9.5,8.0,9.0,6.5,7.5,8.2,4.1,6.8
478,8.5,7.8,4.2,6.5,5.1,4.5,7.2,2.8,6.1
479,9.5,9.8,8.2,9.0,7.5,8.5,9.2,4.1,8.8
480,4.5,2.1,1.8,3.2,2.5,2.5,4.2,1.8,3.5
481,7.5,4.2,2.1,6.5,5.8,4.5,2.8,1.5,1.8
482,8.5,7.8,6.2,8.0,5.5,4.5,6.8,2.5,5.8
483,7.5,6.8,4.2,6.5,2.8,2.5,2.8,1.5,1.2
484,8.5,7.8,4.2,6.5,5.1,4.5,7.2,3.8,6.1
485,8.5,9.5,7.8,8.2,6.5,4.5,8.2,6.8,1.5
486,8.5,9.5,8.2,9.0,7.8,8.5,7.2,4.8,6.8
487,8.5,9.5,8.8,9.2,8.0,8.5,8.2,4.1,7.8
488,8.5,9.5,7.8,8.2,6.5,4.5,7.2,2.8,6.1
489,7.5,6.8,4.2,6.5,8.1,2.5,4.2,3.1,1.8
490,8.5,7.8,6.2,8.8,5.5,4.5,6.8,3.2,5.1
491,8.5,9.8,8.2,9.5,7.8,9.5,8.2,6.8,8.5
492,9.5,8.2,6.8,8.5,7.1,4.5,6.8,2.5,5.8
493,9.5,8.2,6.8,8.5,4.1,4.5,2.8,1.5,6.8
494,7.5,8.2,4.1,6.5,8.8,4.5,6.8,3.2,1.8
495,7.5,4.2,2.1,4.8,3.5,2.5,4.2,1.8,3.5
496,7.5,8.2,6.8,7.0,4.5,2.5,2.0,1.5,1.8
497,8.5,6.8,4.2,7.1,5.9,4.5,2.8,3.2,1.8
498,8.5,9.5,7.8,8.2,6.5,7.5,8.2,4.1,6.8
499,9.5,8.8,7.2,8.5,6.8,7.5,8.2,4.1,6.8
500,9.5,9.8,8.2,9.0,7.5,7.5,8.2,2.5,6.8
501,8.5,9.5,8.8,9.2,6.5,8.5,7.2,4.1,9.0
502,0.0,9.5,8.8,8.2,7.5,8.5,8.2,6.8,7.5
503,9.5,9.8,8.5,9.2,7.8,8.5,9.2,4.1,8.8
504,8.5,6.8,4.2,7.1,5.9,4.5,7.2,6.8,3.5
505,8.5,8.0,6.8,7.2,5.5,7.5,6.2,4.1,8.1
506,7.5,4.2,2.1,3.8,2.5,4.5,6.8,2.5,5.8
507,8.5,9.5,6.8,7.2,4.1,4.5,6.8,3.2,5.8
508,8.5,9.5,6.8,7.2,9.0,8.5,7.2,4.1,6.8
509,8.5,9.8,9.5,9.2,9.0,9.5,9.0,6.5,8.5
510,7.5,8.2,4.1,6.5,9.0,8.5,7.2,4.1,6.8
511,8.5,7.8,6.2,7.5,4.1,7.5,6.2,4.1,5.8
512,8.5,9.5,7.8,8.2,6.5,4.5,7.2,2.8,6.8
513,7.5,8.2,6.8,8.5,7.8,8.5,7.2,6.8,5.5
514,8.5,6.8,4.2,7.1,5.9,4.5,6.8,2.5,5.8
515,8.5,7.2,4.8,7.5,6.1,4.5,2.8,2.5,6.8
516,8.5,7.8,4.2,7.5,6.1,4.5,6.8,3.2,5.1
517,8.5,9.5,8.8,9.2,7.0,7.5,8.2,4.1,6.8
518,8.5,9.5,8.0,9.0,7.5,7.5,8.2,4.1,6.8
519,8.5,9.5,8.8,9.2,7.0,8.5,7.2,4.1,6.8
520,8.5,9.8,6.1,8.2,7.5,8.5,9.2,4.1,1.8
521,7.5,8.2,6.8,7.0,4.5,4.5,2.8,3.2,1.5
522,8.5,9.5,8.0,9.0,7.5,8.5,7.2,4.1,6.8
523,9.5,9.8,8.2,9.0,7.5,8.5,9.2,4.1,8.8
524,9.5,9.8,9.9,9.9,8.5,9.5,9.0,7.8,8.5
525,9.5,8.2,6.8,8.5,7.1,4.5,6.8,2.5,7.2
526,7.5,8.2,6.8,7.0,4.5,4.5,6.8,2.5,7.2
527,7.5,8.2,4.1,6.5,6.8,4.5,6.8,2.1,5.9
528,9.5,9.8,8.2,9.0,6.5,8.5,7.2,4.1,6.8
529,8.5,9.5,7.8,8.2,9.0,8.5,7.2,4.1,6.8
530,8.5,9.5,8.8,9.2,7.0,8.5,9.2,4.1,8.8
531,8.5,6.8,4.2,7.1,5.5,2.5,4.2,1.8,1.5
532,8.5,9.8,8.2,9.5,6.8,8.5,9.2,4.1,8.8
533,8.5,9.5,8.0,8.2,4.5,4.5,6.8,2.5,5.8
534,9.5,9.8,8.5,9.2,7.8,8.5,7.2,4.1,6.8
535,4.5,6.8,2.1,3.9,7.5,4.5,2.8,1.5,1.8
536,2.5,1.8,1.2,2.1,0.8,2.5,1.8,1.2,1.5
537,9.5,9.8,8.2,9.9,7.5,8.5,7.2,4.1,6.8
538,8.5,9.8,8.2,9.5,9.0,8.5,9.2,8.8,6.5
539,8.5,9.5,7.8,9.0,6.5,7.5,6.2,6.8,5.5
540,8.5,7.8,6.2,8.0,4.5,4.5,2.8,1.5,1.8
541,8.5,9.5,7.8,8.2,4.1,7.5,8.2,4.1,6.8
542,8.5,7.2,4.1,6.5,6.8,7.5,8.2,4.1,6.8
543,8.5,4.2,2.1,3.8,2.5,2.5,4.2,1.8,1.5
544,8.5,9.5,7.8,9.2,8.0,4.5,6.8,3.2,7.1
545,7.5,4.2,2.1,6.5,3.8,2.5,1.8,1.2,1.5
546,8.5,9.5,7.8,9.2,8.0,8.5,7.2,4.1,6.8
547,8.5,9.5,7.8,9.0,6.2,7.5,8.2,2.5,8.8
548,8.5,9.5,8.0,9.0,7.5,8.5,7.2,4.1,8.8
549,7.5,8.2,6.8,7.1,8.5,7.5,4.2,2.8,6.0
550,7.5,6.8,4.2,6.5,5.1,4.5,6.8,2.5,3.8
551,8.5,9.0,7.2,8.8,6.5,7.5,8.2,4.1,6.8
552,8.5,9.5,8.0,7.8,6.5,8.5,7.2,4.1,6.8
553,8.5,9.5,7.8,8.2,6.5,7.5,6.2,2.8,8.1
554,9.5,9.8,8.2,9.9,8.5,8.5,9.2,4.1,7.8
555,8.5,6.8,4.2,7.1,3.5,2.5,4.2,1.8,1.5
556,7.5,4.2,2.1,6.8,3.5,2.5,2.8,1.5,1.8
557,8.5,7.2,4.8,6.5,8.0,4.5,6.8,2.1,5.9
558,7.5,4.2,2.1,4.8,3.5,4.5,6.8,2.5,5.8
559,9.5,8.2,6.8,9.0,4.5,4.5,6.8,7.2,3.5
560,8.5,9.5,8.8,9.2,7.5,8.5,9.2,4.1,8.8
561,8.5,9.5,6.8,8.2,7.5,8.5,7.2,6.8,4.1
562,8.5,9.5,7.8,8.2,6.5,4.5,8.2,2.1,6.8
563,8.5,6.8,4.2,7.1,3.5,4.5,2.8,3.2,1.8
564,8.5,7.2,4.8,8.0,6.5,7.5,4.2,4.8,6.8
565,4.5,2.8,1.5,3.2,2.1,2.5,1.8,1.2,1.0
566,7.5,4.2,2.1,6.5,8.8,4.5,6.8,2.5,5.8
567,8.5,9.8,9.2,9.5,9.0,9.5,8.2,6.8,8.5
568,9.5,9.8,8.2,9.9,8.5,8.5,9.0,6.8,8.0
569,8.5,9.5,8.0,9.0,6.5,4.5,2.8,2.5,1.8
570,8.5,9.5,8.8,9.2,9.0,8.5,9.2,4.1,7.8
571,8.5,7.8,4.2,6.5,5.1,7.5,4.2,2.8,6.8
572,8.5,7.8,4.2,6.5,3.1,4.5,7.2,2.8,6.1
573,1.5,8.5,7.8,8.2,6.5,4.5,8.2,2.8,6.5
574,8.5,9.5,8.8,9.2,8.0,8.5,7.2,4.1,8.8
575,8.5,7.8,6.2,7.5,5.8,7.5,8.2,4.1,6.8
576,7.5,8.8,6.5,8.2,7.0,4.5,8.2,2.8,6.1
577,8.5,9.5,7.8,8.2,6.5,7.5,8.2,2.5,6.8
578,8.5,7.8,6.2,7.5,4.1,7.5,6.2,4.1,5.8
579,8.5,8.0,6.5,7.8,7.2,7.5,8.2,4.1,6.8
580,8.5,9.5,8.2,9.0,8.8,7.5,8.2,4.1,6.8
581,8.5,9.5,7.8,8.2,6.5,8.5,7.2,4.1,6.8
582,4.5,9.5,8.2,9.0,8.8,7.5,8.2,4.1,6.8
583,4.5,6.8,2.1,4.2,1.5,2.5,2.0,1.8,1.2
584,8.5,9.5,6.8,8.2,9.0,8.5,7.2,4.1,6.8
585,9.5,8.8,6.5,8.2,7.1,7.5,6.2,4.1,4.8
586,8.5,9.5,8.0,9.0,7.0,8.5,9.2,4.1,8.8
587,8.5,9.5,8.0,9.0,6.0,4.5,2.8,3.2,1.5
588,9.5,9.8,8.2,9.9,8.5,8.5,9.2,6.8,8.0
589,8.5,6.8,4.2,7.1,5.5,4.5,6.8,3.2,5.1
590,7.5,9.5,8.2,8.8,6.8,7.5,8.2,4.1,8.8
591,8.5,7.8,6.2,8.1,5.9,7.5,8.2,4.1,6.8
592,10.0,9.5,8.2,9.8,7.5,8.5,7.2,4.1,6.8
593,6.5,7.8,5.2,6.8,8.1,2.5,2.8,1.5,1.8
594,9.5,9.8,8.2,9.0,8.5,8.5,9.2,6.8,7.1
595,8.5,9.5,8.8,9.2,9.8,8.5,8.2,4.1,7.8
596,9.5,9.8,8.5,9.2,6.8,8.5,7.2,4.1,6.8
597,4.5,9.5,8.2,8.8,9.0,8.5,9.2,4.1,7.8
598,8.5,9.5,8.8,9.2,7.0,8.5,7.2,4.1,8.8
599,8.5,7.8,6.2,8.0,7.5,7.5,4.2,4.8,6.8
600,8.5,9.5,8.0,9.0,6.5,7.5,8.2,4.1,6.8
601,8.5,9.5,7.8,9.2,8.8,8.5,9.2,7.8,6.8
602,8.5,9.8,9.5,9.2,9.0,8.5,9.2,7.8,8.8
603,8.5,9.5,6.8,8.2,9.8,8.5,7.2,2.5,6.8
604,8.5,9.8,8.2,9.0,7.5,8.5,7.2,4.1,6.8
605,8.5,9.8,8.2,9.0,7.5,8.5,9.2,4.1,7.8
606,9.5,8.8,7.2,9.0,6.5,8.5,7.2,4.1,6.8
607,8.5,4.2,2.8,7.1,1.5,2.5,1.8,1.2,1.5
608,8.5,7.8,6.2,8.0,5.5,4.5,6.8,2.5,7.2
609,8.5,7.8,6.2,8.0,5.5,7.5,8.2,4.1,6.8
610,8.5,9.5,8.0,9.0,7.5,8.5,7.2,4.1,6.8
611,8.5,7.8,4.2,6.5,5.1,4.5,6.8,3.2,5.1
612,8.5,6.8,4.2,7.1,5.9,4.5,2.8,1.5,3.2
613,8.5,6.8,4.2,7.1,3.5,4.5,6.8,2.1,7.9
614,9.5,8.0,6.5,8.5,7.0,4.5,2.8,1.5,3.5
615,7.5,8.8,6.2,7.0,8.0,7.5,8.2,4.1,6.8
616,8.5,7.2,4.8,6.5,5.1,4.5,6.8,2.5,5.8
617,8.5,7.8,4.2,6.5,3.1,2.5,2.8,1.5,1.8
618,6.5,8.0,4.5,7.0,8.5,7.5,6.2,2.5,4.8
619,8.5,7.2,4.8,6.5,3.1,4.5,6.8,2.1,5.9
620,8.5,9.5,7.8,8.2,6.5,8.5,7.2,4.1,6.8
621,8.5,9.5,8.0,9.0,7.5,7.5,8.2,4.1,6.8
622,7.5,6.8,4.2,6.5,5.1,4.5,6.8,7.2,5.1
623,4.5,9.5,8.2,8.8,6.1,7.5,8.2,4.1,6.8
624,8.5,6.8,4.2,7.9,5.1,4.5,2.8,1.5,1.8
625,8.5,9.5,7.8,9.0,8.2,7.5,8.2,4.1,6.8
626,7.5,8.2,6.8,8.5,7.8,7.5,6.2,2.8,4.5
627,8.5,9.5,7.8,8.2,6.5,4.5,6.8,7.2,5.1
628,8.5,7.8,4.2,7.5,8.0,7.5,8.2,4.1,6.8
629,8.5,9.8,9.5,9.2,8.0,8.5,9.2,4.1,8.8
630,1.5,9.5,7.8,6.5,8.2,4.5,6.8,2.5,3.8
631,8.5,9.5,7.8,8.2,6.5,7.5,8.2,4.1,6.8
632,8.5,9.5,7.8,8.2,6.5,8.5,9.2,4.1,7.8
633,7.5,9.5,8.2,8.8,9.0,7.5,8.2,4.1,6.8
634,8.5,9.5,7.8,9.0,4.2,7.5,6.2,4.1,5.8
635,8.5,9.5,8.0,9.0,8.8,8.5,7.2,6.8,8.0
636,8.5,9.5,8.0,9.0,7.5,7.5,8.2,4.1,6.8
637,8.5,9.5,8.2,9.0,7.8,7.5,8.2,4.1,6.8
638,8.5,8.0,6.0,7.5,7.0,4.5,2.8,2.5,1.8
639,8.5,9.8,9.2,9.5,8.0,8.5,9.2,4.1,8.8
640,8.5,4.2,2.8,6.5,3.1,4.5,2.5,3.8,1.8
641,4.5,6.8,5.2,4.1,7.5,4.5,2.8,1.5,1.8
642,8.5,9.5,6.8,8.2,7.1,8.5,7.2,4.1,6.8
643,7.5,8.8,6.2,7.0,9.0,7.5,4.2,2.8,6.8
644,8.5,9.8,9.5,9.9,8.2,9.5,9.8,4.2,8.5
645,8.5,9.8,9.5,9.2,8.8,9.5,8.2,6.8,8.5
646,8.5,7.8,4.2,6.5,9.0,7.5,4.2,2.8,4.5
647,7.5,9.5,6.8,8.2,8.5,7.5,8.2,4.1,6.8
648,4.5,9.5,8.2,7.8,6.5,7.5,8.2,4.1,6.8
649,8.5,9.5,7.8,8.2,6.5,4.5,6.8,2.1,5.9
650,4.5,2.1,1.8,3.2,1.5,0.5,1.2,2.1,1.8
651,9.5,9.8,8.2,9.0,8.5,8.5,8.2,2.5,7.8
652,7.5,8.2,4.8,6.5,3.1,4.5,2.8,3.2,1.5
653,6.5,8.2,4.8,7.1,9.0,4.5,6.8,2.5,5.8
654,2.5,7.8,6.5,7.2,4.1,4.5,7.2,2.8,6.1
655,8.5,7.8,4.2,6.5,8.1,7.5,8.2,4.1,6.8
656,4.5,6.8,2.1,3.9,8.5,4.5,7.2,2.1,3.9
657,7.5,4.2,2.8,6.1,3.5,2.5,4.2,1.8,1.5
658,9.5,8.8,6.2,9.0,7.5,7.5,6.2,4.1,5.8
659,8.5,9.5,6.8,8.2,9.8,8.5,7.2,4.1,6.8
660,7.5,8.2,4.8,6.5,8.8,7.5,8.2,4.1,6.8
661,8.5,9.8,9.2,9.5,7.8,9.5,8.2,4.1,8.8
662,8.5,6.8,4.2,7.1,3.5,2.5,1.8,1.2,1.5
663,8.5,9.8,8.2,9.5,7.8,8.5,9.2,6.8,8.0
664,8.5,7.2,4.8,6.5,3.1,4.5,7.2,2.8,6.1
665,8.5,9.5,8.0,7.8,6.5,8.5,7.2,2.5,8.0
666,4.5,6.8,2.9,7.1,5.2,2.5,4.2,1.8,1.5
667,9.8,9.9,9.5,9.9,8.5,9.5,8.8,4.2,8.5
668,8.5,8.0,4.2,6.5,7.0,7.5,8.2,2.5,6.8
669,8.5,7.8,6.2,8.0,4.5,4.5,6.8,2.5,3.8
670,9.5,9.8,9.2,9.9,8.5,9.5,9.0,4.5,8.5
671,8.5,6.8,4.2,7.1,3.5,4.5,2.8,2.5,6.8
672,7.5,8.8,4.2,6.5,9.0,8.5,9.2,4.1,6.8
673,8.5,9.8,8.2,9.5,8.8,8.5,9.2,7.8,8.0
674,4.5,6.8,2.9,7.1,5.4,4.5,6.8,3.2,5.1
675,8.5,9.5,8.0,9.0,9.2,8.5,7.2,4.1,6.8
676,8.5,9.5,8.0,9.0,7.5,8.5,7.2,2.1,1.8
677,8.5,9.5,7.8,9.2,8.8,7.5,6.2,4.1,6.8
678,8.5,7.8,6.2,8.0,4.5,4.5,2.5,3.8,1.8
679,7.5,4.2,2.1,6.5,3.8,4.5,6.8,2.5,5.8
680,9.5,8.5,7.2,8.8,6.1,8.5,6.2,7.8,5.5
681,8.5,7.8,4.2,6.5,8.0,4.5,2.8,1.5,3.5
682,8.5,6.8,4.2,7.1,5.9,4.5,6.8,2.5,5.8
683,8.5,9.5,8.0,8.8,6.5,8.5,7.2,4.8,6.1
684,8.5,9.5,8.0,9.0,7.5,8.5,9.2,4.1,8.8
685,8.5,6.8,4.2,7.1,8.0,4.5,2.1,3.9,1.8
686,8.5,9.5,8.0,9.0,7.5,7.5,8.2,4.1,6.8
687,7.5,4.8,2.1,6.5,6.8,4.5,6.8,2.5,3.8
688,8.5,7.8,4.2,6.5,3.1,2.5,4.2,1.8,1.5
689,6.0,8.5,4.2,7.1,6.8,4.5,8.2,6.8,7.5
690,8.5,9.5,8.0,9.0,6.5,8.5,7.2,4.1,6.8
691,8.5,9.5,8.0,9.0,7.5,8.5,7.2,4.1,6.8
692,7.0,8.5,6.8,8.2,5.5,4.5,7.2,2.8,6.8
693,7.5,8.8,6.5,8.2,7.0,7.5,6.2,4.1,5.8
694,8.5,9.5,7.8,9.2,8.8,7.5,8.2,4.1,6.8
695,7.5,8.2,6.8,7.1,5.9,4.5,6.8,2.5,5.8
696,0.0,9.5,8.2,8.8,9.0,8.5,7.2,8.8,6.5
697,8.5,9.5,7.8,8.2,6.5,7.5,8.2,4.1,6.8
698,8.5,6.8,4.2,7.1,5.9,7.5,8.2,4.1,6.8
699,8.5,6.8,4.2,7.1,3.5,4.5,2.8,2.5,1.8
700,7.5,8.2,8.5,6.8,7.0,7.5,6.2,4.8,4.5
701,4.5,8.2,2.8,6.5,9.0,7.5,8.2,4.1,3.5
702,4.5,8.2,6.8,7.5,5.1,4.5,7.2,6.8,1.8
703,7.5,9.8,8.2,9.0,6.5,7.5,8.2,4.1,6.8
704,8.5,9.5,8.8,9.2,9.0,7.5,8.2,2.5,6.8
705,8.5,7.8,4.2,6.5,8.0,7.5,4.2,2.8,6.8
706,8.5,9.8,9.2,9.5,8.8,8.5,9.2,4.8,8.0
707,8.5,9.5,7.8,8.2,6.5,7.5,8.2,4.5,6.8
708,9.5,6.8,4.2,8.5,3.1,4.5,2.8,1.5,1.8
709,8.5,4.2,2.8,4.5,3.1,2.5,1.8,1.2,1.5
710,7.5,6.8,4.2,6.5,5.1,4.5,6.8,3.2,5.1
711,8.5,8.0,6.8,8.2,7.5,7.5,8.2,4.1,6.8
712,8.5,8.0,6.8,8.2,4.5,7.5,8.2,4.1,6.8
713,8.5,7.8,4.2,6.5,8.0,7.5,6.2,4.1,5.8
714,8.5,7.8,6.2,7.5,8.0,7.5,6.2,4.1,8.1
715,4.5,8.2,6.8,7.5,8.5,4.5,2.8,3.2,1.8
716,7.5,8.2,6.8,8.5,5.1,7.5,8.2,2.5,6.8
717,8.5,9.5,7.8,8.2,6.5,7.5,8.2,4.1,6.8
718,7.5,6.8,4.2,6.5,8.1,4.5,6.8,3.2,5.1
719,8.5,9.5,8.2,9.0,7.8,7.5,8.2,4.1,6.8
720,8.5,6.8,4.2,7.1,5.5,4.5,2.8,3.2,6.8
721,7.5,4.2,2.8,6.5,3.1,4.5,6.8,3.2,5.1
722,8.5,9.0,7.8,8.2,4.5,4.5,6.8,2.5,7.2
723,4.5,8.2,8.5,6.8,2.1,4.5,6.8,4.2,3.5
724,8.5,7.8,4.2,6.5,6.1,4.5,7.2,6.8,5.1
725,8.5,9.5,8.8,9.2,6.5,8.5,7.2,4.8,1.5
726,8.5,6.8,4.2,7.1,3.5,4.5,2.8,2.5,1.8
727,8.5,9.5,7.8,8.2,6.5,8.5,7.2,4.1,8.8
728,0.0,0.0,0.0,0.0,0.0,0.0,0.0,0.0,0.0
729,8.5,9.5,7.2,8.8,6.5,4.5,7.2,3.8,6.1
730,8.5,9.0,7.8,8.2,6.5,7.5,8.2,2.5,6.8
731,8.5,4.2,2.1,6.8,3.5,4.5,2.8,3.2,1.8
732,8.5,9.5,8.0,9.0,6.5,7.5,6.2,4.1,8.1
733,8.5,9.5,8.8,9.2,7.5,8.5,9.2,4.8,8.0
734,8.5,7.8,4.2,6.5,8.0,7.5,8.2,4.1,6.8
735,4.5,8.2,6.8,7.5,9.5,7.5,8.2,6.8,4.5
736,8.5,9.5,7.8,8.2,6.5,7.5,8.2,4.1,6.8
737,8.5,9.5,7.8,8.2,6.5,7.5,6.2,4.1,5.8
738,8.5,9.5,8.0,9.0,7.0,8.5,7.2,4.8,6.8
739,8.5,6.8,4.2,7.1,5.5,4.5,6.8,2.1,5.9
740,8.5,7.8,6.2,7.5,8.1,7.5,6.2,4.1,5.8
741,8.5,9.5,7.8,8.2,8.8,7.5,8.2,4.1,6.8
742,8.5,9.8,7.2,9.0,8.0,8.5,9.2,4.8,8.0
743,8.5,6.8,4.2,7.1,3.5,4.5,2.8,1.5,1.8
744,9.0,9.5,8.5,9.2,7.8,8.5,9.2,4.1,8.8
745,8.5,9.5,6.8,8.2,7.1,7.5,8.2,4.1,6.8
746,8.5,9.5,7.8,8.2,6.5,8.5,7.2,4.1,6.8
747,9.5,8.8,7.2,9.0,6.5,7.5,8.2,4.1,6.8
748,8.5,9.5,8.0,9.0,7.5,8.5,7.2,4.1,6.8
749,8.5,9.5,6.8,7.2,8.0,7.5,8.2,4.1,6.8
750,8.5,7.8,6.2,8.1,7.5,7.5,8.2,4.1,6.8
751,8.5,9.5,8.0,9.0,7.5,7.5,6.2,4.1,6.8
752,9.5,9.8,8.2,9.0,7.5,8.5,9.2,4.1,8.8
753,8.5,9.5,7.8,8.2,6.5,7.5,6.2,4.1,5.8
754,0.0,2.5,1.8,1.2,2.0,4.5,2.8,1.5,1.2
755,8.5,7.2,6.1,7.8,5.9,4.5,6.8,2.5,7.2
756,8.5,9.5,8.0,9.0,7.0,8.5,7.2,6.8,8.0
757,0.0,8.5,6.8,7.2,9.5,8.5,2.1,4.2,1.8
758,0.5,2.8,1.1,2.5,1.8,2.5,1.8,4.2,1.5
759,9.5,8.8,7.2,8.5,6.8,8.5,9.2,4.1,7.8
760,7.5,8.2,6.8,7.9,5.1,4.5,6.8,2.5,5.8
761,8.5,7.8,6.2,8.0,5.5,4.5,6.8,2.5,7.2
762,7.5,8.8,4.2,6.5,9.0,7.5,6.2,4.1,5.8
763,7.5,8.2,6.8,7.1,8.5,4.5,2.8,2.5,3.8
764,9.5,9.8,8.2,9.0,8.5,8.5,9.0,6.8,8.0
765,8.5,9.8,8.2,9.5,8.8,8.5,9.2,4.1,8.8
766,3.5,8.5,7.2,6.8,4.1,4.5,6.8,2.5,5.8
767,8.5,9.5,8.0,9.0,7.5,8.5,9.2,4.1,8.8
768,8.5,7.8,4.2,6.5,5.1,7.5,6.2,4.1,5.8
769,8.5,9.5,8.0,9.0,7.5,8.5,7.2,4.1,6.8
770,7.5,8.8,6.5,7.2,8.5,7.5,6.2,2.8,4.5
771,8.5,9.5,8.2,9.0,8.8,8.5,8.2,4.1,7.8
772,6.5,4.2,2.8,4.5,3.1,4.5,2.8,3.5,1.8
773,8.5,9.5,7.8,9.2,8.8,8.5,9.2,4.8,8.0
774,8.5,9.5,7.8,8.2,6.5,7.5,8.2,4.5,6.8
775,8.5,9.5,6.8,8.2,7.1,4.5,2.8,3.2,1.8
776,8.5,9.5,8.0,9.0,7.5,8.5,9.2,4.1,7.8
777,7.0,6.5,4.2,6.0,8.5,4.5,7.2,2.8,5.1
778,9.5,8.0,4.2,7.5,6.8,7.5,6.2,4.1,1.8
779,8.5,7.8,4.2,6.5,3.1,4.5,6.8,2.5,5.8
780,9.5,9.8,8.2,9.0,8.5,8.5,9.2,6.8,7.1
781,8.5,9.5,7.8,8.2,4.1,7.5,8.2,2.5,6.8
782,8.5,9.5,7.8,8.2,6.5,7.5,8.2,4.1,6.8
783,7.5,6.8,4.2,6.5,3.1,4.5,6.8,2.5,5.8
784,8.5,7.8,4.2,6.5,5.1,4.5,6.8,3.2,5.1
785,8.5,9.5,6.8,8.2,7.9,8.5,9.2,4.1,6.8
786,8.5,9.5,6.8,7.2,8.0,4.5,7.2,2.8,6.5
787,8.5,9.5,7.8,8.2,6.5,7.5,8.2,4.1,6.8
788,8.5,9.8,9.5,9.2,8.8,8.5,9.2,4.1,8.8
789,8.5,9.5,8.0,9.0,9.8,7.5,6.2,4.1,5.8
790,0.0,8.5,6.8,4.2,3.5,2.5,1.8,1.2,0.5
791,7.5,4.2,2.1,6.8,5.5,4.5,6.8,7.2,3.5
792,8.5,9.5,8.0,9.0,7.5,8.5,7.2,4.1,8.8
793,7.5,8.2,6.8,8.5,4.9,4.5,2.8,1.5,3.2
794,4.5,2.1,1.8,2.5,3.2,4.5,2.8,1.5,1.8
795,6.5,8.8,4.2,7.5,9.5,8.5,7.2,4.1,6.8
796,8.5,8.0,6.5,7.8,7.2,7.5,6.2,4.1,5.8
797,8.5,7.8,6.2,8.0,5.5,7.5,4.2,2.8,6.8
798,8.5,9.5,9.0,8.8,8.0,8.5,9.2,4.1,8.8
799,8.5,9.8,8.2,9.0,7.5,8.5,9.2,7.8,8.0
800,8.5,7.2,4.8,6.5,6.0,4.5,6.8,2.5,5.8
801,8.5,9.5,7.8,8.2,8.0,8.5,9.2,4.1,7.8
802,8.5,7.8,6.2,8.0,6.5,7.5,8.2,4.1,6.8
803,8.5,9.5,6.8,7.2,8.8,8.5,9.2,4.1,6.8
804,9.5,9.8,8.2,9.0,9.9,9.5,9.0,7.8,8.5
805,8.5,9.5,7.8,9.0,9.2,7.5,8.2,4.1,6.8
806,6.5,8.8,4.2,6.1,8.5,7.5,6.2,2.8,4.5
807,8.5,9.5,7.8,9.0,9.8,8.5,7.2,4.1,6.8
808,4.5,8.8,6.2,7.5,9.0,7.5,8.2,4.1,6.8
809,6.5,4.2,2.5,6.8,1.8,2.5,1.8,1.2,1.5
810,8.5,9.8,9.2,9.5,8.0,8.5,9.2,4.1,8.8
811,7.5,4.2,2.1,6.8,8.5,4.5,2.8,1.5,1.8
812,8.5,9.5,8.0,9.0,6.5,7.5,8.2,4.1,6.8
813,8.5,8.0,6.5,8.2,7.0,4.5,6.8,3.2,5.1
814,8.5,7.8,6.2,8.8,5.5,7.5,8.2,4.1,6.8
815,9.5,8.8,7.2,9.0,8.5,8.5,7.2,4.1,6.8
816,8.5,9.5,8.0,9.0,7.5,8.5,9.2,4.1,8.8
817,8.5,7.2,4.8,7.5,8.0,4.5,6.8,2.5,5.8
818,8.5,6.8,4.2,7.1,5.5,4.5,6.8,3.2,5.1
819,8.5,8.8,6.5,8.2,7.1,7.5,8.2,4.1,6.8
820,8.5,9.5,6.8,8.2,7.1,4.5,6.8,3.2,1.8
821,8.5,9.5,7.8,8.2,6.5,7.5,8.2,4.1,6.8
822,8.5,9.5,8.8,9.2,7.0,8.5,7.2,4.1,6.8
823,8.5,6.8,4.2,7.1,3.5,7.5,6.2,4.1,5.8
824,8.5,7.8,6.2,8.8,4.5,7.5,8.2,4.1,6.8
825,9.5,8.2,6.8,8.5,7.1,7.5,8.2,4.1,6.8
826,8.5,9.5,8.0,9.0,6.5,4.5,6.8,2.1,5.9
827,9.5,9.8,8.2,9.0,6.5,8.5,9.2,4.1,8.8
828,5.5,9.5,8.2,7.8,6.5,8.5,8.2,4.1,7.8
829,8.5,9.5,8.0,9.0,7.5,8.5,7.2,4.1,6.8
830,7.5,8.2,6.8,8.5,4.1,4.5,2.8,3.2,1.5
831,7.5,4.2,2.8,3.5,2.1,2.5,4.2,3.1,1.8
832,9.5,9.8,9.2,9.0,8.5,8.5,7.2,4.1,8.8
833,7.5,8.2,6.8,7.1,4.5,4.5,6.8,2.5,5.8
834,8.5,9.5,8.0,9.0,7.5,8.5,7.2,4.1,6.8
835,9.5,9.8,9.2,9.5,8.0,9.5,8.2,4.1,8.8
836,,,,,,8.5,9.2,7.8,8.0
837,9.5,9.8,8.2,9.0,7.5,8.5,7.2,4.1,6.8
838,9.5,8.8,7.2,9.0,6.5,8.5,7.2,4.1,6.8
839,8.5,9.5,7.8,8.2,6.5,8.5,7.2,2.5,6.8
840,8.5,9.8,7.2,8.8,9.0,8.5,7.2,4.1,8.8
841,8.5,4.2,2.8,6.5,5.1,4.5,2.8,1.5,6.8
842,8.5,9.5,6.8,8.2,7.1,4.5,6.8,2.5,7.2
843,4.5,8.0,6.5,7.0,5.5,4.5,2.8,2.5,1.8
844,7.5,4.2,2.1,6.5,6.8,2.5,1.8,4.2,1.5
845,7.5,4.2,2.1,6.5,3.8,4.5,2.8,3.2,1.5
846,8.5,7.8,6.2,7.5,6.8,7.5,6.2,2.8,4.5
847,8.5,9.8,8.2,9.0,7.5,8.5,7.2,2.5,6.8
848,4.5,8.2,6.8,7.5,8.5,4.5,8.2,6.8,5.1
849,8.5,7.8,4.2,6.5,6.1,8.5,7.2,4.1,6.8
850,8.5,7.2,4.8,6.5,5.1,7.5,8.2,4.1,6.8
851,8.5,6.8,4.2,7.1,3.5,2.5,1.8,1.2,1.5
852,8.5,9.5,7.8,9.0,8.2,8.5,7.2,4.1,6.8
853,8.5,9.5,7.8,8.2,6.5,7.5,6.2,2.8,5.5
854,9.5,9.8,8.2,9.0,7.5,8.5,7.2,4.1,8.8
855,7.5,4.2,2.1,3.8,2.5,1.5,2.1,2.8,0.8
856,8.5,6.8,4.2,7.1,3.5,2.5,1.8,1.2,1.5
857,8.5,9.5,7.8,8.2,6.5,8.5,7.2,2.5,6.8
858,8.5,6.8,4.2,7.1,3.5,4.5,2.8,1.5,1.8
859,8.5,4.2,2.1,6.8,3.5,4.5,2.8,1.5,3.8
860,9.5,9.8,9.2,9.9,8.5,8.5,9.2,6.8,8.0
861,9.5,9.8,8.2,9.0,9.0,9.5,8.8,7.2,8.5
862,7.5,8.2,6.8,7.1,5.9,4.5,6.8,2.5,5.8
863,7.5,8.8,4.2,6.5,7.0,7.5,8.2,4.1,6.8
864,7.5,4.2,2.8,6.5,1.8,2.5,1.8,1.2,1.5
865,8.5,9.5,6.8,8.2,7.1,7.5,8.2,4.1,6.8
866,8.5,9.5,7.8,8.2,9.0,8.5,7.2,4.1,6.8
867,7.5,9.5,8.2,8.8,9.0,7.5,8.2,6.8,5.9
868,7.5,8.2,6.8,4.9,5.1,7.5,6.2,2.8,5.5
869,7.5,4.2,2.8,6.1,3.5,2.5,2.8,1.5,1.8
870,7.5,8.8,6.5,7.2,8.0,7.5,6.2,2.8,4.5
871,6.5,4.2,2.1,3.8,2.5,0.5,0.8,1.2,0.2
872,8.5,9.5,8.8,9.2,6.5,7.5,8.2,4.1,6.8
873,8.5,9.8,9.2,9.5,7.8,8.5,9.2,4.1,8.8
874,9.5,8.8,7.2,8.5,4.1,7.5,8.2,2.5,6.8
875,4.5,8.2,6.8,7.5,5.1,7.5,8.2,4.1,6.8
876,2.5,8.1,4.8,6.5,8.5,7.5,6.2,4.1,5.8
877,9.5,9.8,8.5,9.2,7.8,8.5,9.2,4.1,7.8
878,8.5,9.5,7.8,8.2,6.5,8.5,9.2,4.1,8.8
879,9.5,9.8,8.2,9.9,7.5,8.5,7.2,4.1,8.8
880,8.5,7.8,6.2,7.5,8.1,7.5,8.2,2.5,6.8
881,7.5,6.8,4.2,6.5,7.0,4.5,4.8,2.5,3.8
882,7.5,8.2,4.8,6.5,9.0,7.5,8.2,2.5,4.8
883,9.5,9.8,8.2,9.0,7.5,7.5,8.2,4.1,6.8
884,8.5,6.8,4.2,7.1,5.9,4.5,6.8,3.2,5.1
885,8.5,7.2,6.1,7.8,4.3,4.5,6.8,2.5,5.8
886,7.5,4.2,2.1,6.5,1.8,2.5,2.0,1.8,4.2
887,8.5,9.5,7.8,8.2,9.0,7.5,4.2,4.8,3.5
888,8.5,9.5,8.0,9.0,7.0,8.5,7.2,4.1,6.8
889,8.5,9.5,8.8,9.2,7.5,8.5,9.2,4.1,7.8
890,8.5,9.8,9.5,9.2,6.8,9.5,8.2,6.8,8.5
891,8.5,9.5,7.8,9.2,8.8,8.5,9.2,7.8,6.8
892,8.5,9.5,8.0,7.8,6.2,7.5,8.2,4.1,6.8
893,8.5,9.5,8.8,9.2,8.0,8.5,7.2,4.1,6.8
894,,,,,,4.5,6.8,4.2,7.5
895,8.5,9.8,8.2,9.5,9.0,8.5,9.2,6.8,7.1
896,8.5,6.8,4.2,7.1,3.5,2.5,1.8,1.2,0.5
897,8.5,9.8,9.2,9.5,8.8,8.5,9.2,4.1,7.8
898,8.5,7.8,4.2,7.5,5.1,4.5,7.2,2.8,6.1
899,8.5,9.5,7.8,9.0,8.8,8.5,7.2,4.8,8.0
900,8.5,4.2,2.1,6.8,3.5,4.5,2.8,2.5,1.8
901,8.5,9.5,6.8,8.2,7.5,8.5,9.2,6.8,7.1
902,9.5,8.2,6.8,8.5,4.1,8.5,7.2,4.1,6.8
903,8.5,7.8,6.2,8.0,5.5,7.5,6.2,4.1,5.8
904,8.5,9.5,8.8,9.0,6.5,8.5,7.2,4.1,6.8
905,8.5,7.2,4.8,6.5,5.1,4.5,6.8,3.2,5.8
906,7.5,4.2,2.1,3.8,6.5,4.5,6.8,3.2,5.1
907,8.0,7.5,4.2,8.5,6.8,7.5,4.2,2.8,6.5
908,8.5,7.2,4.8,7.5,5.1,4.5,2.8,1.5,1.8
909,4.5,8.2,6.8,7.5,8.0,7.5,8.2,4.1,6.8
910,7.5,6.8,4.2,6.5,3.1,4.5,6.8,3.2,5.1
911,8.5,9.8,8.2,9.0,7.5,8.5,9.2,6.8,8.0
912,6.5,4.8,2.5,6.2,3.1,4.5,6.8,2.5,7.2
913,6.0,4.5,2.5,4.2,3.8,2.5,1.8,1.2,1.5
914,8.5,6.8,4.2,7.1,5.9,4.5,2.8,2.5,3.8
915,8.5,7.2,4.1,6.5,5.8,4.5,7.2,2.8,6.1
916,9.5,8.2,4.1,7.5,6.8,4.5,2.8,1.5,1.8
917,8.5,9.5,6.8,7.2,9.0,7.5,6.2,4.1,4.8
918,8.5,7.8,4.2,6.5,5.1,4.5,6.8,3.2,5.1
919,8.5,9.5,7.8,8.2,8.0,7.5,8.2,4.1,6.8
920,8.5,9.5,8.2,9.8,7.1,8.5,7.2,4.1,6.8
921,8.5,6.8,4.2,7.1,5.5,4.5,2.8,3.2,5.8
922,8.5,8.0,6.5,7.2,4.8,4.5,6.8,3.2,5.1
923,7.5,6.8,4.2,6.5,8.1,4.8,7.2,6.5,3.5
924,8.5,4.2,2.1,6.8,3.5,2.5,1.8,1.2,1.5
925,8.5,7.2,4.8,7.5,6.1,4.5,6.8,2.5,5.8
926,8.5,9.8,8.2,9.0,7.5,8.5,9.2,4.1,8.8
927,9.5,8.8,6.5,8.2,7.0,7.5,8.2,4.1,6.8
928,9.5,9.8,8.2,9.0,7.5,8.5,7.2,4.1,6.8
929,8.5,8.2,6.8,7.5,5.1,7.5,8.2,4.1,6.8
930,8.5,7.2,4.8,6.5,5.1,4.5,2.8,1.5,6.8
931,8.5,7.8,4.2,6.5,5.1,4.5,6.8,3.2,7.1
932,8.5,7.8,4.2,6.5,5.9,8.5,7.2,4.1,6.8
933,9.5,8.2,6.1,7.8,5.5,4.5,7.2,2.8,5.1
934,9.5,9.8,8.5,9.2,7.8,8.5,9.2,4.1,8.8
935,9.5,8.0,6.5,8.5,4.5,7.5,8.2,2.5,6.8
936,8.5,6.8,4.2,7.1,5.5,4.5,6.8,7.2,3.5
937,9.5,8.2,6.8,8.5,7.1,7.5,8.2,6.8,4.5
938,8.5,8.0,6.5,7.8,7.2,7.5,6.2,4.1,5.8
939,8.5,9.5,8.0,8.2,7.8,7.5,8.2,4.1,6.8
940,8.5,7.8,4.2,6.5,5.1,4.5,6.8,2.5,5.8
941,8.5,7.8,6.2,8.0,7.5,7.5,6.2,4.1,5.8
942,7.5,6.8,2.5,4.2,8.1,4.5,6.8,3.2,5.1
943,8.5,9.5,8.0,9.0,6.5,8.5,8.2,2.5,6.8
944,8.5,7.8,2.1,8.2,4.5,7.5,8.2,4.1,6.8
945,8.5,4.2,2.1,6.8,3.5,2.5,4.2,6.8,1.8
946,9.5,8.8,7.2,8.5,6.8,8.5,7.2,4.1,8.8
947,9.5,8.8,4.2,7.5,6.8,8.5,7.2,4.1,6.8
948,8.5,6.8,4.2,7.1,5.9,4.5,2.8,1.5,1.8
949,9.0,8.5,7.8,8.2,6.5,7.5,8.2,4.1,6.8
950,8.5,9.5,6.8,7.2,8.0,4.5,7.2,3.1,1.8
951,9.5,9.8,8.2,9.0,7.5,8.5,9.2,7.8,8.0
952,8.5,9.5,7.8,9.0,6.5,4.5,6.8,2.5,1.8
953,8.5,9.0,6.8,8.2,7.5,4.5,6.8,3.2,7.1
954,7.5,4.2,2.1,6.8,3.5,2.5,4.2,1.8,1.5
955,9.5,9.8,8.2,9.0,7.5,8.5,9.2,4.1,8.8
956,8.5,9.5,8.8,9.2,7.0,8.5,9.2,4.1,7.8
957,8.5,6.8,4.2,7.1,5.5,4.5,6.8,2.5,7.2
958,7.5,4.2,2.1,6.8,3.5,2.5,1.8,1.2,1.0
959,7.5,4.2,2.1,4.5,3.8,2.5,4.2,3.1,1.8
960,0.0,0.5,0.2,0.8,2.5,2.5,1.8,4.2,1.0
961,8.5,9.5,8.0,9.0,9.0,8.5,9.2,4.1,6.8
962,8.5,9.5,7.8,9.2,8.0,8.5,9.2,4.1,7.8
963,0.0,6.5,4.2,3.8,5.1,4.2,2.5,3.1,1.8
964,8.5,9.5,7.8,8.2,6.5,8.5,9.2,4.1,7.8
965,0.0,6.5,2.5,4.2,3.8,2.5,4.2,1.8,1.5
966,9.5,9.8,8.5,9.2,6.8,8.5,9.2,4.1,7.8
967,9.5,9.8,8.5,9.2,7.8,8.5,9.2,4.1,8.8
968,8.5,6.8,4.2,7.1,3.5,4.5,6.8,7.2,3.5
969,8.5,7.8,6.2,7.5,5.8,4.5,6.8,7.2,5.1
970,8.5,8.0,6.5,7.2,5.8,4.5,6.8,2.5,3.8
971,8.5,7.8,4.2,6.5,5.1,4.5,6.8,2.5,5.8
972,8.5,7.8,6.2,7.5,8.0,4.5,6.8,2.1,5.9
973,8.5,9.5,7.8,8.2,6.1,7.5,8.2,2.5,6.8
974,9.5,9.8,9.2,9.9,8.5,8.5,9.2,4.1,8.8
975,8.5,9.5,7.8,8.2,6.5,8.5,7.2,2.5,6.8
976,0.0,8.5,6.8,7.2,8.0,2.5,1.8,1.2,1.0
977,4.5,2.1,1.8,3.2,1.5,0.5,0.8,1.2,1.0
978,8.5,9.5,7.8,8.2,6.5,7.5,6.2,2.8,8.1
979,8.5,9.5,7.8,9.0,6.2,4.5,6.8,2.1,5.9
980,7.5,4.2,2.1,6.5,3.8,2.5,1.8,1.2,1.5
981,8.5,9.5,7.8,8.2,9.0,8.5,7.2,2.8,6.8
982,8.5,9.5,6.8,8.2,7.1,4.5,7.2,6.8,5.9
983,8.5,7.8,4.2,6.5,5.1,4.5,6.8,2.5,5.8
984,4.5,8.2,6.8,7.5,5.1,8.5,7.2,6.8,6.5
985,8.5,9.5,8.8,9.2,8.0,8.5,8.2,4.1,7.8
986,8.5,7.2,4.8,6.5,5.1,4.5,2.8,3.2,1.5
987,8.5,6.8,4.2,7.1,5.5,4.5,6.8,3.2,5.1
988,8.5,7.8,6.2,8.0,4.5,4.5,6.8,3.2,5.1
989,8.5,7.2,4.8,6.5,5.1,4.5,2.8,2.5,1.8
990,8.5,6.8,4.2,7.1,3.5,4.5,6.8,2.5,5.8
991,9.5,9.8,8.2,9.0,7.5,8.5,9.2,4.1,7.8
992,8.5,9.5,7.8,8.2,9.0,8.5,7.2,2.5,6.8
993,9.5,9.8,8.2,9.0,7.5,8.5,7.2,4.1,6.8
994,8.5,9.5,8.0,9.0,7.0,8.5,7.2,4.1,6.8
995,8.5,9.5,7.8,9.0,6.2,7.5,6.2,4.1,8.1
996,7.5,2.0,1.5,2.0,1.0,2.5,1.8,1.2,1.0
997,8.5,7.8,6.2,7.5,4.8,4.5,6.8,2.5,7.2
998,8.5,7.8,6.2,7.5,4.8,4.5,6.8,2.5,5.8
999,4.5,8.2,2.8,6.1,7.5,4.5,6.8,3.2,7.1
1000,8.5,6.8,4.2,7.1,3.5,2.5,4.2,3.1,1.8
1001,4.5,2.8,1.5,3.2,6.8,4.5,2.8,3.2,1.5
1002,8.5,9.5,7.8,8.2,8.0,7.5,8.2,4.1,6.8
1003,8.5,9.5,8.8,9.2,8.0,8.5,9.2,4.8,8.0
1004,8.5,7.8,4.2,6.5,5.1,4.5,6.8,2.5,7.2
1005,4.5,8.2,2.8,4.1,7.5,4.5,6.8,3.2,5.1
1006,8.5,7.8,6.2,7.5,4.8,4.5,6.8,2.5,3.8
1007,8.5,9.5,7.8,8.2,8.8,7.5,8.2,2.5,6.8
1008,7.5,8.8,6.2,7.8,4.5,7.5,8.2,6.8,5.9
1009,8.5,9.5,7.8,9.2,8.0,8.5,9.2,6.8,8.0
1010,7.5,4.2,2.8,6.1,3.5,2.5,1.8,1.2,1.5
1011,7.5,8.2,6.8,8.5,5.1,7.5,8.2,4.1,6.8
1012,8.5,9.5,6.8,8.2,9.0,7.5,8.2,2.5,1.8
1013,8.5,6.8,4.2,7.1,5.5,4.5,2.8,3.2,6.8
1014,7.5,8.8,6.5,8.2,7.8,7.5,8.2,4.1,6.8
1015,8.5,7.8,6.2,8.0,7.5,4.5,2.8,1.5,3.5
1016,7.5,8.2,4.8,6.5,6.8,4.5,2.8,2.5,1.8
1017,8.5,9.5,8.0,8.2,7.8,7.5,8.2,4.1,6.8
1018,8.5,9.5,6.8,7.2,4.1,7.5,8.2,4.1,6.8
1019,8.5,6.8,2.1,4.2,7.9,7.5,4.2,2.8,1.5
1020,8.5,9.5,8.0,9.0,6.5,8.5,9.2,4.1,7.8
1021,7.5,4.2,2.1,6.8,3.5,4.5,6.8,2.5,5.8
1022,8.5,6.8,4.2,7.1,5.9,4.5,6.8,2.5,5.8
1023,9.5,9.8,9.2,9.9,6.5,9.5,8.2,6.8,8.5
1024,8.5,9.8,8.2,9.5,7.8,8.5,9.2,7.8,6.8
1025,7.5,6.8,2.5,4.2,5.1,4.5,6.8,2.5,3.8
1026,8.5,7.8,6.2,8.0,4.5,7.5,6.2,4.1,8.1
1027,8.5,9.5,7.8,8.2,6.5,8.5,9.2,4.1,6.8
1028,7.5,6.8,4.2,6.5,3.1,4.5,2.8,1.5,3.5
1029,7.5,4.2,2.1,4.8,3.5,1.5,2.1,1.8,1.2
1030,8.5,9.8,9.2,9.5,8.8,8.5,9.2,7.8,8.0
1031,8.5,6.8,4.2,7.1,5.9,4.5,7.2,2.8,5.1
1032,7.5,9.5,8.2,8.8,9.0,8.5,9.2,4.8,6.8
1033,8.5,9.5,7.8,9.2,6.8,8.5,7.2,6.8,4.1
1034,8.5,9.8,7.2,9.5,6.8,8.5,9.2,4.1,7.8
1035,2.0,4.5,2.5,3.0,4.0,2.5,1.8,1.2,1.5
1036,7.5,8.2,4.8,6.5,9.0,7.5,4.2,2.8,4.5
1037,7.5,8.2,6.8,7.1,8.5,4.5,7.2,6.8,5.1
1038,8.5,9.5,8.0,9.0,6.0,8.5,7.2,4.8,6.8
1039,8.5,4.2,2.1,6.8,3.5,2.5,2.8,1.5,1.8
1040,9.5,9.8,8.2,9.0,7.5,8.5,9.2,6.8,8.0
1041,8.5,8.0,6.5,7.8,9.0,4.5,6.8,2.5,5.8
1042,8.5,9.5,8.0,9.0,7.5,8.5,7.2,4.1,6.8
1043,8.5,9.5,7.8,8.2,8.8,8.5,9.2,4.1,7.8
1044,0.0,8.5,7.8,6.5,8.0,7.5,8.2,4.1,6.8
1045,7.5,4.2,2.8,4.5,3.1,2.5,1.8,1.2,1.0
1046,8.5,9.8,8.2,9.5,9.0,8.5,9.2,6.8,8.0
1047,,,,,,9.5,9.8,6.5,8.2
1048,9.5,8.8,7.2,8.5,6.8,7.5,6.2,4.1,5.8
1049,9.5,8.8,6.5,8.2,7.1,8.5,7.2,2.5,6.8
1050,8.5,9.5,8.0,9.0,9.8,8.5,9.2,4.1,7.8
1051,6.5,8.0,4.2,7.1,3.5,4.5,6.8,2.1,5.9
1052,8.5,9.5,8.0,9.0,6.5,8.5,9.2,6.8,7.1
1053,8.5,9.8,8.2,9.5,7.8,8.5,9.2,6.8,7.1
1054,9.5,9.8,9.2,9.9,9.0,9.5,9.8,6.5,8.2
1055,0.0,8.5,7.2,8.0,6.8,7.5,6.2,4.1,5.8
1056,0.0,0.0,0.0,0.0,0.0,0.0,0.0,0.0,0.0
1057,8.5,8.0,6.5,7.8,9.5,7.5,6.2,4.1,8.1
1058,8.5,9.5,6.8,8.2,9.0,7.5,8.2,4.1,6.8
1059,7.5,6.8,4.2,6.5,5.1,4.5,6.8,2.5,5.8
1060,8.5,6.8,4.2,7.1,5.5,4.5,2.8,2.5,1.8
1061,8.5,9.5,7.8,8.2,6.5,7.5,8.2,4.1,6.8
1062,8.5,9.5,7.8,9.0,8.2,7.5,8.2,4.1,6.8
1063,9.5,9.8,7.2,8.5,6.8,7.5,8.2,4.1,6.8
1064,8.5,4.2,2.1,6.8,1.5,2.5,1.8,1.2,1.0
1065,7.5,8.2,4.8,6.5,8.8,4.5,6.8,4.2,3.5
1066,8.5,7.8,4.2,6.5,5.1,4.5,2.9,3.1,6.8
1067,8.5,9.0,7.8,8.2,8.0,7.5,6.2,4.1,8.1
1068,8.5,7.8,4.2,6.5,3.1,2.5,1.8,1.2,1.5
1069,8.5,9.5,7.8,9.0,8.2,8.5,9.2,4.1,7.8
1070,8.5,9.5,7.8,9.0,6.2,7.5,8.2,4.1,6.8
1071,9.5,9.8,8.2,9.0,7.5,4.5,8.2,2.8,6.1
1072,7.5,4.2,2.8,6.5,3.1,4.5,6.8,2.5,5.8
1073,8.5,7.2,4.8,6.5,5.1,4.5,6.8,2.5,5.8
1074,4.5,2.8,1.5,3.2,2.1,2.5,4.2,1.8,3.5
1075,7.5,4.2,2.8,6.5,3.1,4.5,2.8,3.2,1.8
1076,8.5,7.2,4.8,6.5,5.1,4.5,6.8,2.5,5.8
1077,8.5,9.5,8.0,9.0,8.0,7.5,8.2,4.1,6.8
1078,9.5,8.8,6.5,8.2,7.0,7.5,8.2,4.1,6.8
1079,8.5,9.5,6.8,8.2,7.1,7.5,8.2,4.1,6.8
1080,8.5,4.2,2.1,6.5,3.8,2.5,1.8,1.2,1.0
1081,9.5,9.8,8.5,9.2,7.8,8.5,7.2,4.8,6.8
1082,7.5,6.8,4.2,6.5,5.1,4.5,2.8,3.2,1.5
1083,8.5,9.5,8.2,8.8,6.5,7.5,8.2,4.1,6.8
1084,8.5,9.5,7.2,8.8,6.1,4.5,6.8,2.5,5.8
1085,8.5,9.8,9.5,9.2,7.8,8.5,9.2,6.8,8.0
1086,8.5,4.2,2.1,6.8,3.5,2.5,1.8,1.2,1.0
1087,8.5,7.8,6.2,8.0,4.5,7.5,8.2,4.1,6.8
1088,4.5,2.1,1.8,2.5,1.1,2.5,4.2,1.8,1.5
1089,8.5,7.2,4.8,6.5,6.1,4.5,2.8,1.5,1.8
1090,7.5,6.8,4.2,7.0,8.5,7.5,4.2,4.8,3.5
1091,7.5,8.2,6.8,7.1,5.9,4.5,6.8,2.5,3.8
1092,4.5,2.1,1.8,3.2,1.5,1.5,2.1,1.8,0.8
1093,8.5,4.2,2.1,6.8,3.5,2.5,1.8,4.2,1.5
1094,7.5,8.2,6.8,7.0,4.5,7.5,8.2,4.1,6.8
1095,9.5,8.2,4.8,7.5,6.1,4.5,2.8,3.2,1.8
1096,8.5,9.5,6.8,8.2,9.8,8.5,7.2,4.1,6.8
1097,9.5,9.8,8.5,9.2,7.8,8.5,9.2,4.1,8.8
1098,8.5,6.8,4.2,7.1,3.5,4.5,2.8,2.5,1.8
1099,7.5,8.2,4.8,6.5,6.8,7.5,6.2,4.1,5.8
1100,8.5,9.5,7.8,8.2,6.5,7.5,8.2,4.1,6.8
1101,7.5,4.2,2.1,6.5,3.8,2.5,2.8,1.5,1.8
1102,9.5,8.8,6.5,9.2,7.8,8.5,7.2,4.1,6.8
1103,7.5,8.2,4.8,6.5,5.1,4.5,2.8,2.5,3.8
1104,8.5,6.8,4.2,7.1,8.0,7.5,4.2,2.8,3.5
1105,8.5,9.5,7.2,8.8,6.1,7.5,8.2,4.1,6.8
1106,8.5,7.2,4.8,6.5,5.1,7.5,8.2,4.1,6.8
1107,9.5,8.8,6.5,8.2,7.0,4.5,7.2,2.8,6.8
1108,8.5,9.8,9.2,9.5,7.8,8.5,9.2,4.1,8.8
1109,7.5,8.8,6.2,8.5,7.0,7.5,6.2,4.1,5.8
1110,8.5,4.2,2.1,6.8,3.5,2.5,4.2,3.8,1.8
1111,7.5,6.8,4.2,7.0,8.5,4.5,2.8,1.5,3.2
1112,8.5,6.8,4.2,7.1,8.0,7.5,8.2,2.5,4.8
1113,7.5,4.8,2.1,6.5,3.2,4.5,6.8,2.5,5.8
1114,10.0,8.5,4.2,8.0,9.0,8.5,7.2,2.5,4.8
1115,7.5,2.1,1.8,4.2,2.5,2.5,4.2,1.8,1.5
1116,0.0,8.5,7.2,8.0,6.8,7.5,8.2,2.5,6.8
1117,4.5,6.8,2.9,7.1,5.6,4.5,2.8,1.5,6.8
1118,8.5,9.5,8.0,9.0,7.5,8.5,9.2,4.1,8.8
1119,8.5,2.1,1.8,4.2,0.9,2.5,4.2,1.8,1.5
1120,8.5,9.5,8.0,9.0,7.5,8.5,7.2,4.1,6.8
1121,8.5,7.8,4.2,6.5,8.0,7.5,6.2,2.8,4.5
1122,9.5,9.8,8.2,9.0,7.5,8.5,9.2,4.1,8.8
1123,8.5,9.5,8.0,9.0,7.5,8.5,7.2,4.1,6.8
1124,8.5,9.5,8.8,9.2,9.8,8.5,8.2,4.8,7.1
1125,8.5,4.2,2.1,6.8,3.5,0.0,0.0,0.0,0.0
1126,8.5,7.8,6.2,8.0,7.5,4.5,7.2,2.8,6.5
1127,8.5,9.5,8.8,9.2,7.5,7.5,8.2,4.1,6.8
1128,8.5,9.5,8.0,9.0,9.8,4.5,2.8,3.2,6.8
1129,8.5,9.5,6.8,7.2,4.1,7.5,8.2,4.1,6.8
1130,7.5,6.8,4.2,6.5,5.1,4.5,6.8,3.2,1.8
1131,8.5,6.8,4.2,7.1,8.0,4.5,6.8,2.1,5.9
1132,7.5,8.2,4.1,6.5,5.8,4.5,6.8,3.2,5.1
1133,9.5,9.8,8.2,9.0,7.5,8.5,7.2,4.1,6.8
1134,8.5,7.8,4.2,6.5,8.0,4.5,7.2,2.8,5.1
1135,8.5,7.8,8.2,9.0,4.5,2.5,4.2,1.8,6.5
1136,8.5,7.8,6.2,8.0,5.5,7.5,8.2,4.1,6.8
1137,8.5,6.8,2.1,4.2,3.5,2.1,2.5,1.8,1.2
1138,7.5,8.2,6.8,7.1,8.5,4.5,6.8,2.5,7.2
1139,8.5,8.0,6.5,7.8,7.2,7.5,6.2,4.1,5.8
1140,8.5,9.8,9.2,9.5,8.0,8.5,9.2,4.1,8.8
1141,8.5,8.0,6.8,7.2,7.5,4.5,6.8,3.2,5.1
1142,7.5,4.2,2.8,6.5,3.1,4.5,6.8,7.2,3.5
1143,7.5,6.8,4.2,7.1,5.5,4.5,6.8,7.2,3.5
1144,9.5,9.8,8.5,9.2,7.8,8.5,8.8,4.2,6.5
1145,8.5,9.8,8.2,9.5,7.1,8.5,9.2,4.8,7.1
1146,9.5,8.2,6.8,9.0,7.5,8.5,7.2,4.1,6.8
1147,0.0,8.5,6.8,7.2,8.0,4.5,6.8,2.5,5.8
1148,9.5,9.8,8.2,9.0,9.9,8.5,8.2,4.1,6.8
1149,8.5,9.5,7.8,8.2,6.1,4.5,6.8,3.2,1.8
1150,8.5,6.8,4.2,7.1,6.5,4.5,6.8,2.5,5.8
1151,8.5,9.5,8.0,9.0,7.5,8.5,7.2,4.8,6.8
1152,8.5,7.8,6.2,8.0,5.5,7.5,8.2,4.1,6.8
1153,7.5,4.2,2.8,6.5,6.8,4.5,2.8,3.2,5.8
1154,0.0,9.5,6.8,7.2,8.5,8.5,7.2,4.1,6.8
1155,7.5,6.8,4.2,6.5,5.1,4.5,7.2,2.8,5.8
1156,4.5,2.8,1.9,3.2,6.1,2.5,4.2,1.8,6.5
1157,9.5,8.8,7.2,9.0,4.5,4.5,8.2,6.8,3.1
1158,8.5,7.8,4.2,6.5,8.0,7.5,8.2,6.8,5.5
1159,9.5,9.8,8.2,9.0,7.5,8.5,7.2,4.1,8.8
1160,8.5,6.8,4.2,7.1,5.5,4.5,2.5,3.2,1.8
1161,9.5,9.8,8.2,9.0,9.0,8.5,7.2,4.1,6.8
1162,8.5,9.5,7.8,8.2,6.5,8.5,7.2,4.8,6.8
1163,9.5,9.8,8.2,9.0,7.5,8.5,7.2,4.1,6.8
1164,8.5,9.5,8.2,9.0,7.8,8.5,8.2,4.1,7.8
1165,8.5,7.8,6.2,8.0,8.8,4.5,2.8,1.5,1.8
1166,8.5,7.8,4.2,6.5,6.8,7.5,4.2,4.5,6.8
1167,8.5,9.5,8.8,9.2,7.0,8.5,7.2,4.1,8.8
1168,9.5,9.8,8.2,9.0,7.5,8.5,9.2,4.1,7.8
1169,8.5,9.5,7.8,9.0,8.0,8.5,7.2,4.1,8.8
1170,8.5,8.0,6.8,8.2,7.5,7.5,6.2,4.1,5.8
1171,8.5,7.8,4.2,6.5,8.0,7.5,6.2,4.1,3.9
1172,8.5,9.5,6.8,8.2,9.0,8.5,7.2,4.1,6.8
1173,9.5,9.8,7.2,8.5,6.8,8.5,9.2,4.1,7.8
1174,1.5,6.8,4.2,3.5,7.9,7.5,6.2,4.1,5.8
1175,6.5,8.2,4.8,7.1,8.5,7.5,8.2,6.8,4.5
1176,8.5,9.8,8.2,9.5,9.9,9.5,9.0,6.8,8.5
1177,8.5,6.8,4.2,7.9,3.1,4.5,6.8,7.2,8.1
1178,8.5,7.8,6.2,8.0,5.5,4.5,2.8,2.5,6.8
1179,8.5,8.0,4.2,7.1,9.0,7.5,8.2,6.8,4.5
1180,9.5,8.5,6.8,8.2,7.5,7.5,4.2,4.8,3.5
1181,0.5,2.1,1.8,2.5,3.2,2.5,4.2,3.8,1.8
1182,8.5,9.5,7.2,8.8,6.5,4.5,7.2,2.8,6.5
1183,8.5,8.8,6.5,7.2,4.1,4.5,6.8,2.5,5.8
1184,8.5,9.5,8.0,9.0,7.5,8.5,9.2,4.1,6.8
1185,8.5,9.5,6.8,7.2,9.0,8.5,7.2,4.1,6.8
1186,8.5,6.8,4.2,7.1,5.5,4.5,6.8,3.2,5.1
1187,8.5,9.5,7.8,8.2,8.8,8.5,9.2,6.8,8.0
1188,4.5,8.2,2.8,3.1,6.5,2.5,4.8,1.8,1.2
1189,8.5,7.8,4.2,7.5,6.1,7.5,8.2,4.1,6.8
1190,7.5,8.2,6.8,6.5,4.1,4.5,2.8,3.2,1.5
1191,8.5,6.8,4.2,7.1,5.5,4.5,6.8,2.5,5.8
1192,8.5,7.8,4.2,6.5,8.1,7.5,6.8,4.2,5.5
1193,8.5,9.0,7.2,8.8,6.5,7.5,8.2,4.1,6.8
1194,8.5,9.5,8.0,8.8,7.2,4.5,6.8,2.5,3.5
1195,8.5,9.0,6.8,8.2,7.5,7.5,8.2,2.5,6.8
1196,8.5,6.8,4.2,7.1,3.5,4.5,6.8,2.1,3.9
1197,8.5,9.5,6.8,7.2,9.0,8.5,7.2,4.1,6.8
1198,4.5,6.8,2.1,3.9,7.5,4.5,2.1,1.8,3.5
1199,8.5,9.8,7.2,8.8,6.5,8.5,9.2,6.8,1.5
1200,0.0,8.5,6.8,7.2,8.0,4.5,2.1,1.8,1.2
1201,9.5,9.8,9.2,9.9,8.5,9.5,9.0,4.2,8.8
1202,8.5,4.2,2.1,6.8,3.5,4.5,2.8,2.5,1.8
1203,8.5,9.5,6.8,7.2,8.0,4.5,8.2,6.8,5.1
1204,8.5,9.5,7.8,9.0,8.2,8.5,9.2,4.1,7.8
1205,0.0,8.5,2.1,4.2,9.0,4.5,2.8,3.2,6.8
1206,8.5,7.2,4.1,6.8,5.5,4.5,6.8,2.5,5.8
1207,8.5,6.8,4.2,7.1,5.5,4.5,6.8,3.2,5.1
1208,8.5,9.0,6.8,8.2,7.5,7.5,6.2,2.8,8.1
1209,8.5,6.8,4.2,7.1,3.5,4.5,6.8,2.5,8.1
1210,8.5,9.8,9.5,9.2,8.0,8.5,7.2,4.1,6.8
1211,0.5,2.1,1.8,4.2,2.5,2.5,4.2,3.8,1.8
1212,8.5,9.8,9.2,9.5,8.8,8.5,9.2,7.8,8.0
1213,8.5,9.0,6.8,7.2,5.5,4.5,6.8,2.5,5.8
1214,8.5,8.0,6.5,7.8,5.2,8.5,7.2,6.8,8.0
1215,4.5,6.8,2.1,4.2,7.5,7.5,6.2,4.1,3.9
1216,7.5,8.8,6.5,8.2,7.0,8.5,7.2,4.1,6.8
1217,8.5,9.5,9.0,8.8,6.5,7.5,8.2,6.8,8.5
1218,7.5,4.2,2.1,3.8,2.5,4.5,2.8,1.5,1.8
1219,1.5,6.8,4.2,7.5,3.1,4.5,2.1,3.9,1.8
1220,6.5,4.2,2.1,3.8,5.9,2.5,4.2,1.8,3.5
1221,8.5,7.8,4.2,6.5,6.0,7.5,6.2,2.8,4.5
1222,7.5,8.2,6.8,8.5,4.1,4.5,7.2,3.8,6.8
1223,7.5,4.2,2.8,6.5,3.1,4.5,2.8,3.2,5.8
1224,7.5,4.2,2.1,3.8,6.5,8.5,4.2,2.8,3.5
1225,8.5,7.8,4.2,6.5,3.1,2.5,4.2,1.8,3.5
1226,9.5,9.8,8.5,9.2,8.0,8.5,7.2,6.8,8.0
1227,7.5,2.1,1.8,3.2,1.5,1.5,2.1,1.8,1.2
1228,8.5,9.5,2.5,7.8,6.2,4.5,6.8,3.2,7.1
1229,8.5,7.8,6.2,7.5,8.1,7.5,6.2,4.8,5.5
1230,4.5,9.5,9.0,8.5,6.0,8.5,7.2,6.8,8.0
1231,8.5,7.2,4.8,7.5,6.1,7.5,6.2,4.1,4.8
1232,8.5,8.8,6.5,7.2,9.0,7.5,6.2,4.1,5.8
1233,9.5,9.8,8.2,9.0,8.5,8.5,7.2,4.1,6.8
1234,8.5,9.5,7.8,8.2,6.5,7.5,8.2,4.1,6.8
1235,9.5,9.8,9.2,9.9,8.5,9.5,9.8,4.2,8.5
1236,8.5,7.8,4.2,7.5,3.1,7.5,6.2,4.1,5.8
1237,,,,,,8.5,9.2,6.8,7.1
1238,4.5,8.2,6.1,7.5,8.8,7.5,8.2,4.1,6.8
1239,8.5,8.0,6.5,7.8,7.2,7.5,6.2,4.8,5.5
1240,8.5,9.5,8.0,9.0,7.5,8.5,7.2,4.1,6.8
1241,8.5,9.8,7.2,9.0,8.8,8.5,9.2,6.8,4.5
1242,8.5,9.5,8.0,9.0,6.5,4.5,6.8,2.5,1.8
1243,8.5,6.8,4.2,7.1,5.9,4.5,6.8,3.2,5.1
1244,8.5,9.5,7.2,8.8,9.0,7.5,6.2,4.8,5.5
1245,7.5,8.8,6.5,7.2,8.0,7.5,4.2,2.8,6.8
1246,8.5,9.5,7.8,9.0,8.2,8.5,7.2,4.1,6.8
1247,8.5,7.8,6.2,8.0,5.5,4.5,6.8,3.2,5.1
1248,8.5,9.5,8.0,9.0,7.5,8.5,7.2,4.1,6.8
1249,9.5,9.8,8.5,9.2,8.0,8.5,7.2,4.1,8.0
1250,7.5,8.8,4.2,6.5,9.0,8.5,7.2,2.5,4.8
1251,4.5,9.5,9.0,8.5,7.0,8.5,7.2,4.1,6.8
1252,9.5,8.2,6.8,8.5,7.1,7.5,8.2,4.1,6.8
1253,6.5,2.1,1.8,4.2,0.8,0.5,1.2,1.0,0.8
1254,9.5,9.8,8.2,9.0,9.9,8.5,7.2,4.8,6.8
1255,7.5,9.5,6.8,8.2,9.8,8.5,7.2,4.1,6.8
1256,8.5,7.2,6.8,8.0,5.5,4.5,2.8,1.5,6.8
1257,9.5,8.2,6.8,8.5,7.1,4.5,6.8,2.5,5.8
1258,8.5,9.5,8.8,9.2,8.0,8.5,7.2,4.1,6.8
1259,7.5,8.2,6.8,8.5,7.8,4.5,2.8,2.5,3.8
1260,7.5,8.2,6.8,8.5,7.8,8.5,7.2,6.8,4.1
1261,6.5,9.5,8.8,8.2,6.8,7.5,8.2,6.8,5.9
1262,4.5,9.5,8.2,8.8,9.8,8.5,7.2,6.8,8.0
1263,9.5,9.8,8.5,9.9,7.2,8.5,9.0,4.2,8.8
1264,8.5,7.8,4.2,8.0,6.5,7.5,6.2,4.1,5.8
1265,8.5,9.5,8.8,9.2,7.0,8.5,7.2,4.1,8.8
1266,7.5,4.2,2.1,6.5,3.8,2.5,1.8,1.2,1.5
1267,8.5,9.5,6.8,7.2,9.0,8.5,7.2,4.1,6.8
1268,6.5,2.1,1.8,2.5,4.2,1.5,0.8,0.5,0.2
1269,9.5,9.8,8.2,9.0,8.5,8.5,7.2,4.8,6.8
1270,7.5,8.8,4.2,6.5,3.1,4.5,6.8,2.5,5.8
1271,6.5,2.1,1.8,4.2,0.5,0.5,0.8,1.2,1.0
1272,7.5,4.2,2.1,6.8,3.5,4.2,2.5,1.8,3.5
1273,7.5,9.5,8.2,8.8,9.8,8.5,7.2,2.5,6.8
1274,7.5,8.2,4.8,6.5,3.1,4.5,2.9,4.1,1.8
1275,7.5,6.8,4.2,6.5,5.1,4.5,6.8,3.2,5.1
1276,8.5,6.8,4.2,7.1,7.5,4.5,2.8,1.5,3.2
1277,8.5,6.8,4.2,7.1,3.5,4.5,7.2,6.8,5.1
1278,9.5,8.2,6.8,9.0,7.5,8.5,7.2,4.8,6.8
1279,8.5,9.0,7.8,9.2,8.0,7.5,6.2,2.8,8.1
1280,8.5,6.8,4.2,7.1,5.5,7.5,8.2,4.1,6.8
1281,8.5,9.5,7.2,8.8,6.1,7.5,8.2,4.1,6.8
1282,0.0,8.5,6.8,7.2,9.0,4.5,2.1,8.2,1.8
1283,7.5,8.2,6.8,7.1,8.5,4.5,6.8,3.2,5.9
1284,8.5,6.8,2.1,7.3,4.5,2.5,1.8,1.2,1.0
1285,8.5,7.8,4.2,6.5,5.1,7.5,8.2,4.1,6.8
1286,7.5,4.2,2.1,6.5,5.8,4.5,6.8,2.1,3.9
1287,8.5,7.2,6.8,8.1,4.9,4.5,7.2,2.8,6.5
1288,8.5,6.8,4.2,7.1,5.9,4.5,6.8,2.5,5.8
1289,8.5,6.8,2.5,7.2,4.1,4.5,6.8,2.1,3.9
1290,7.5,9.5,8.2,9.0,6.8,8.5,9.2,6.8,8.0
1291,8.5,9.5,7.8,8.2,6.5,8.5,9.2,6.8,7.1
1292,8.5,7.8,6.2,7.5,8.0,4.5,7.2,2.8,6.1
1293,8.5,9.5,8.8,9.2,7.5,8.5,9.2,4.1,7.8
1294,8.5,6.8,4.2,7.1,5.5,4.5,2.8,1.5,1.8
1295,9.5,9.8,8.5,9.2,6.8,8.5,9.2,4.1,8.8
1296,8.5,6.8,4.2,7.1,3.5,2.5,4.2,1.8,1.5
1297,2.5,1.0,1.5,2.0,0.5,0.5,1.2,1.8,0.8
1298,8.5,9.5,7.8,8.2,6.5,8.5,7.2,4.1,6.8
1299,5.5,8.5,7.2,6.8,4.1,8.5,7.2,2.1,8.8
1300,8.5,7.8,4.2,6.5,6.0,4.5,6.8,2.1,5.9
1301,7.5,8.8,4.2,6.5,6.0,7.5,8.2,2.5,8.8
1302,9.5,8.8,7.2,9.0,6.5,8.5,7.2,4.1,6.8
1303,4.5,7.8,5.2,6.5,8.1,7.5,6.2,2.8,4.5
1304,7.5,9.5,9.0,8.5,6.0,7.5,8.2,6.8,6.5
1305,8.5,7.2,4.8,6.5,5.1,4.5,7.2,3.5,6.8
1306,9.5,8.8,6.5,8.2,7.0,7.5,6.2,4.1,8.1
1307,4.5,2.8,1.5,3.2,2.1,4.5,5.8,3.2,6.1
1308,9.5,9.8,9.2,9.5,8.5,9.5,9.0,6.5,8.8
1309,8.5,9.5,8.0,9.0,8.5,4.5,6.8,3.2,5.1
1310,7.5,8.8,6.2,8.5,9.0,8.5,7.2,4.1,6.8
1311,8.5,9.5,7.8,8.2,9.0,7.5,6.2,4.1,8.1
1312,8.5,9.5,7.8,9.2,8.0,8.5,7.2,6.8,4.1
1313,9.5,9.8,8.2,9.0,8.5,8.5,7.2,4.1,6.8
1314,7.5,9.5,8.2,8.8,8.0,8.5,7.2,2.5,8.0
1315,8.5,9.5,8.2,9.0,8.8,7.5,8.2,4.1,6.8
1316,8.5,9.5,7.8,9.2,6.5,4.5,7.2,2.8,6.5
1317,2.0,6.5,7.8,8.2,4.5,2.5,4.2,1.8,3.5
1318,8.5,9.5,8.8,9.2,7.0,7.5,8.2,6.8,8.0
1319,8.5,9.0,8.0,7.5,6.5,7.5,8.2,4.1,6.8
1320,8.5,9.5,7.8,8.2,9.0,7.5,8.2,4.1,6.8
1321,2.5,4.8,2.1,3.9,6.5,4.5,2.8,1.5,6.8
1322,8.5,6.8,4.2,7.1,5.5,4.5,6.8,2.5,5.8
1323,7.5,8.2,6.8,7.1,4.5,7.5,6.2,2.8,4.5
1324,8.5,7.8,6.2,8.0,8.8,7.5,4.2,4.8,6.8
1325,8.5,8.0,6.5,7.8,9.0,4.5,7.2,6.8,5.1
1326,9.5,8.2,6.8,8.5,7.1,4.5,6.8,2.5,7.2
1327,8.5,9.5,7.8,9.0,8.0,7.5,8.2,4.1,6.8
1328,7.5,6.8,4.2,6.5,5.1,4.5,6.8,2.5,3.8
1329,8.5,9.5,7.8,8.2,6.5,8.5,9.2,4.1,6.8
1330,8.5,9.5,8.8,9.2,7.0,8.5,7.2,4.1,6.8
1331,8.5,6.8,4.2,7.1,8.0,4.5,6.8,2.5,7.2
1332,4.5,2.1,1.8,3.2,2.5,1.5,2.1,1.8,1.2
1333,8.5,9.5,7.8,8.2,6.5,7.5,8.2,4.1,6.8
1334,8.5,8.8,7.2,8.0,6.5,7.5,6.2,2.8,5.5
1335,8.5,9.5,8.0,7.5,6.5,7.5,8.2,4.1,6.8
1336,8.5,8.0,6.5,8.2,7.8,7.5,8.2,4.1,6.8
1337,7.5,6.8,4.2,7.0,3.5,4.5,6.8,2.5,5.8
1338,9.5,9.8,7.2,8.5,6.8,7.5,8.2,4.1,6.8
1339,4.5,8.2,6.8,4.1,3.9,2.5,4.2,3.8,1.8
1340,7.5,6.8,4.2,6.5,8.1,2.5,4.2,1.8,1.5
1341,8.5,9.0,6.8,8.2,7.5,7.5,8.2,4.1,6.8
1342,8.5,6.8,4.2,7.1,2.5,2.5,2.0,1.8,1.2
1343,8.5,6.8,4.2,7.1,3.5,4.5,6.8,2.5,5.8
1344,8.5,9.5,6.8,8.2,7.1,7.5,8.2,4.1,6.8
1345,8.5,7.8,4.2,7.5,6.8,4.5,7.2,2.8,6.1
1346,8.5,9.5,7.8,8.2,6.5,7.5,8.2,4.1,6.8
1347,8.5,9.5,8.8,9.2,7.0,7.5,8.2,4.5,8.8
1348,7.5,8.8,6.2,7.0,8.5,4.5,6.8,3.2,5.5
1349,8.5,9.5,7.8,9.2,6.5,7.5,8.2,4.1,6.8
1350,8.5,9.5,7.8,8.2,6.5,4.5,7.2,3.5,6.8
1351,4.5,8.2,2.8,6.5,9.0,7.5,8.2,2.5,4.8
1352,8.5,7.8,6.2,7.5,4.8,4.5,6.8,2.5,3.8
1353,8.5,7.8,4.2,6.5,3.1,4.5,6.8,2.5,3.8
1354,8.5,9.5,7.8,9.0,8.2,7.5,8.2,6.8,8.0
1355,8.5,9.5,8.0,9.0,6.0,7.5,8.2,2.5,6.8
1356,9.5,9.8,7.2,8.5,6.8,7.5,8.2,4.1,6.8
1357,8.5,9.5,7.8,8.2,6.5,7.5,6.2,4.1,6.8
1358,7.5,6.8,2.5,4.2,3.1,2.5,4.2,3.1,1.8
1359,7.5,6.8,5.2,6.5,4.8,4.5,6.8,7.2,5.1
1360,8.5,9.5,8.8,9.2,7.0,8.5,9.2,4.1,7.8
1361,8.5,7.2,4.8,6.5,5.1,4.5,6.8,2.5,7.2
1362,5.0,8.5,6.8,7.2,4.5,4.5,6.8,3.2,7.1
1363,8.5,9.5,7.8,8.2,6.5,8.5,9.2,6.8,7.1
1364,9.5,9.8,8.2,9.0,7.5,8.5,9.2,4.8,6.8
1365,8.5,9.8,8.2,9.5,7.8,8.5,9.2,4.1,7.8
1366,9.5,9.8,8.2,9.0,7.5,8.5,9.2,4.1,8.8
1367,8.5,7.8,4.2,6.5,8.1,4.5,7.2,2.8,5.1
1368,6.5,4.2,2.8,6.8,3.5,4.5,2.8,1.5,1.8
1369,7.5,4.2,2.1,6.5,3.8,4.5,2.5,3.8,1.8
1370,8.5,7.8,4.2,6.5,6.1,4.5,7.2,2.8,5.1
1371,8.5,7.8,4.2,6.5,6.8,4.5,6.8,2.5,3.5
1372,8.5,9.5,8.8,9.2,8.0,8.5,7.2,4.1,6.8
1373,8.5,9.0,7.8,8.2,6.5,4.5,6.8,2.1,5.9
1374,8.5,7.8,6.2,7.5,4.8,4.5,6.8,3.2,5.1
1375,8.5,6.8,4.2,7.1,5.9,4.5,2.8,2.5,1.8
1376,8.5,9.5,7.8,8.2,8.8,7.5,8.2,4.1,6.8
1377,9.5,8.8,7.2,8.5,6.8,8.5,9.2,4.1,7.8
1378,7.5,8.8,6.5,8.2,7.0,7.5,6.2,4.1,5.8
1379,8.5,9.5,7.8,8.2,6.5,7.5,8.2,4.1,6.8
1380,9.5,8.2,6.8,9.0,7.5,8.5,7.2,4.1,6.8
1381,8.5,9.5,6.8,8.2,4.1,7.5,8.2,4.1,6.8
1382,8.5,9.8,9.2,9.5,9.0,8.5,9.2,4.1,8.8
1383,4.5,8.2,6.1,7.5,5.8,4.5,6.8,2.1,5.9
1384,7.5,4.2,2.1,4.8,1.5,2.5,4.2,1.8,1.5
1385,8.5,9.5,7.8,8.2,6.5,8.5,7.2,4.1,8.8
1386,8.5,9.5,7.8,8.2,9.0,7.5,6.2,4.1,5.8
1387,2.5,6.8,4.2,3.9,5.1,2.5,4.2,3.1,4.8
1388,8.5,6.8,4.2,7.1,5.9,4.5,6.8,2.5,5.8
1389,7.5,8.2,6.8,7.1,8.5,7.5,6.2,2.8,4.5
1390,8.5,9.5,7.2,8.8,9.0,8.5,7.2,4.1,6.8
1391,8.5,9.5,6.8,7.2,4.1,4.5,8.2,2.1,6.8
1392,8.5,4.2,2.1,3.5,1.8,4.5,2.1,3.9,1.8
1393,9.5,9.8,8.2,9.0,7.5,8.5,7.2,4.1,6.8
1394,8.5,9.5,7.8,8.2,6.5,7.5,8.2,4.1,8.8
1395,9.5,8.8,7.2,9.0,6.5,8.5,7.2,4.1,6.8
1396,7.5,8.2,6.8,7.1,5.9,4.5,2.8,3.2,1.8
1397,8.5,6.8,4.2,7.1,5.5,2.5,1.8,1.2,1.5
1398,7.5,8.2,6.8,7.1,5.9,4.5,2.8,3.2,1.8
1399,2.5,6.8,4.2,7.5,3.1,4.5,2.8,4.2,3.5
1400,7.5,6.8,4.2,6.5,5.1,4.5,2.8,2.5,3.8
1401,9.5,9.8,8.2,9.0,7.5,8.5,8.2,4.1,7.8
1402,8.5,4.2,2.1,3.5,1.8,2.5,4.2,6.8,1.8
1403,8.5,7.8,4.2,6.5,8.0,4.5,6.8,2.5,5.8
1404,8.5,9.5,6.8,7.2,9.8,8.5,7.2,2.5,4.8
1405,8.5,6.8,4.2,7.1,7.5,4.5,2.5,1.8,1.2
1406,7.5,9.5,8.2,8.8,9.0,8.5,7.2,4.1,6.8
1407,8.5,7.2,4.8,6.5,6.1,4.5,2.8,1.5,1.8
1408,8.5,9.8,9.2,9.5,8.8,8.5,7.2,6.8,8.0
1409,7.5,8.2,4.8,6.5,6.8,4.5,6.8,3.2,7.1
1410,9.5,9.8,8.2,9.0,8.5,8.5,9.2,4.1,8.8
1411,8.5,7.8,6.2,8.0,7.0,7.5,6.2,4.8,5.5
1412,8.5,6.8,5.2,8.0,4.5,4.5,6.8,2.5,7.2
1413,7.5,9.5,6.8,8.2,7.0,7.5,8.2,4.1,6.8
1414,8.5,7.8,4.2,6.5,5.1,4.5,6.8,3.2,5.1
1415,8.5,7.8,6.2,8.0,4.5,7.5,8.2,4.1,6.8
1416,8.5,9.5,7.8,8.2,4.1,7.5,8.2,4.1,6.8
1417,7.5,8.2,6.8,8.5,4.1,4.5,2.8,2.5,6.8
1418,8.5,9.8,7.2,8.0,6.5,4.5,8.2,2.8,6.8
1419,4.5,8.2,6.8,7.5,9.0,7.5,6.2,4.8,5.1
1420,9.5,8.8,7.2,9.0,8.0,8.5,7.2,6.8,8.0
1421,8.5,7.8,6.2,7.5,5.1,4.5,2.8,4.2,1.8
1422,8.5,9.5,7.8,8.2,6.5,8.5,7.2,4.1,6.8
1423,9.5,8.8,6.5,8.2,7.0,8.5,7.2,4.8,6.8
1424,4.5,2.8,1.5,2.2,6.8,2.5,1.8,1.2,1.0
1425,8.5,7.2,4.8,7.5,5.1,4.5,6.8,2.5,7.2
1426,8.5,8.0,6.5,7.8,5.2,7.5,8.2,4.1,6.8
1427,8.5,7.8,4.2,6.5,8.0,7.5,6.2,4.1,5.8
1428,8.5,8.0,6.5,7.8,5.2,7.5,8.2,2.5,6.8
1429,4.5,6.8,2.9,5.2,4.1,4.5,6.8,3.2,5.1
1430,7.5,8.2,4.8,6.5,3.1,4.5,6.8,7.2,5.8
1431,8.5,9.5,7.2,8.8,9.0,7.5,8.2,4.1,6.8
1432,8.5,6.8,4.2,7.1,5.5,4.5,2.8,1.5,6.8
1433,8.5,9.5,7.8,9.0,6.5,7.5,8.2,4.1,6.8
1434,8.5,9.5,7.8,8.2,8.8,7.5,6.2,4.8,8.1
1435,7.5,6.8,4.2,7.0,5.5,4.5,2.8,3.5,1.8
1436,7.5,8.2,6.8,7.1,5.9,7.5,8.2,2.5,6.8
1437,8.5,9.5,7.8,9.0,8.2,7.5,8.2,2.5,6.8
1438,8.5,9.5,7.8,8.2,6.5,4.5,8.2,2.8,6.5
1439,8.5,9.5,7.8,8.2,6.5,7.5,6.2,2.8,5.5
1440,8.5,9.0,7.2,8.0,6.8,4.5,7.2,2.8,6.1
1441,9.5,8.8,6.5,8.2,7.1,7.5,8.2,4.1,6.8
1442,8.5,9.5,7.8,9.2,8.0,8.5,9.2,6.8,7.1
1443,5.5,8.5,7.2,6.8,4.1,7.5,8.2,2.5,6.8
1444,8.5,9.5,7.8,8.2,9.0,8.5,7.2,4.1,6.8
1445,8.5,7.8,6.2,7.5,6.8,4.5,7.2,3.8,5.1
1446,8.5,9.5,6.8,8.2,7.1,4.5,8.2,2.8,6.5
1447,8.5,6.8,4.2,7.1,8.0,7.5,4.2,2.8,6.0
1448,8.5,6.8,4.2,7.9,3.1,4.5,6.8,3.2,7.1
1449,8.5,9.5,7.8,8.2,6.5,8.5,7.2,6.8,8.0
1450,8.5,9.5,8.0,9.0,9.0,8.5,7.2,4.1,6.8
1451,8.5,9.5,6.8,8.2,7.1,4.5,6.8,2.5,7.2
1452,8.5,7.2,4.8,6.5,5.1,4.5,2.8,1.5,3.2
1453,8.5,6.8,4.2,7.1,5.9,4.5,6.8,2.5,5.8
1454,8.5,7.8,6.2,8.0,4.5,4.5,6.8,2.5,7.2
1455,,,,,,8.5,9.2,7.1,8.8
1456,8.5,7.2,4.8,7.5,5.1,4.5,6.8,2.5,5.8
1457,7.5,6.8,4.2,6.5,5.1,4.5,2.8,3.2,1.8
1458,9.5,9.8,9.2,9.5,8.5,8.5,9.2,6.8,8.0
1459,8.5,6.8,4.2,7.1,5.5,4.5,7.2,2.8,5.1
1460,8.5,9.5,8.2,9.0,9.8,8.5,8.2,6.8,7.1
1461,0.0,2.5,1.8,2.2,2.0,2.5,4.2,1.8,1.5
1462,9.5,9.8,8.5,9.2,7.8,8.5,9.2,6.8,8.0
1463,4.5,8.2,6.1,7.5,8.8,7.5,8.2,6.8,8.5
1464,4.5,7.8,2.1,6.5,8.2,8.5,7.2,6.8,4.1
1465,7.5,8.2,6.8,7.1,5.9,4.5,6.8,2.5,5.8
1466,8.5,9.5,8.0,9.0,7.5,8.5,7.2,4.1,6.8
1467,8.5,6.8,4.2,7.1,3.5,4.5,6.8,2.5,3.8
1468,8.5,9.0,6.8,7.2,5.5,4.5,6.8,2.5,7.2
1469,9.5,9.8,8.2,9.0,7.5,8.5,9.2,4.1,8.8
1470,9.5,9.8,8.2,9.9,7.5,8.5,7.2,4.1,8.8
1471,9.5,9.8,8.2,8.5,7.1,8.5,9.2,4.1,7.8
1472,8.5,6.8,4.2,7.1,5.5,4.5,6.8,3.2,5.1
1473,8.5,9.5,7.8,8.2,9.0,8.5,7.2,2.5,6.8
1474,7.5,6.8,4.2,6.5,3.1,2.5,1.8,1.2,1.5
1475,9.5,9.8,9.2,9.5,8.5,9.5,9.0,4.2,8.8
1476,7.5,9.5,8.2,6.8,4.1,7.5,8.2,2.5,6.8
1477,8.5,6.8,4.2,7.1,5.5,4.5,2.1,1.8,1.5
1478,8.5,7.8,4.2,6.5,5.1,2.5,1.8,1.2,1.0
1479,8.5,9.5,8.8,9.2,7.0,8.5,7.2,4.1,6.8
1480,7.5,8.2,4.8,6.5,8.8,4.5,6.8,3.2,7.1
1481,8.5,9.5,8.0,9.0,9.8,7.5,8.2,4.1,8.8
1482,9.5,9.8,8.5,9.2,8.8,8.5,9.2,4.1,8.8
1483,9.5,8.8,7.2,8.5,6.8,7.5,8.2,2.5,6.8
1484,8.5,9.5,7.8,8.2,6.5,4.5,6.8,2.5,7.2
1485,8.5,7.8,4.2,6.5,5.1,4.5,2.8,2.5,1.8
1486,7.5,8.8,6.5,7.2,9.0,8.5,8.2,4.1,7.8
1487,8.5,9.8,9.5,9.2,7.8,8.5,9.2,4.1,8.8
1488,8.5,9.5,6.8,8.2,7.1,7.5,8.2,4.1,6.8
1489,7.5,6.8,4.2,6.5,5.1,4.5,6.8,3.2,5.1
1490,6.5,8.8,4.2,7.1,9.5,8.5,7.2,4.1,6.8
1491,7.5,4.2,2.8,6.5,3.1,2.5,4.2,3.8,1.8
1492,8.5,7.8,6.2,7.5,4.8,4.5,2.8,1.5,1.8
1493,4.5,6.8,2.1,3.9,5.2,2.5,4.2,1.8,1.5
1494,2.5,8.0,6.8,4.2,5.5,2.5,1.8,1.2,1.0
1495,4.5,2.1,1.8,2.5,1.1,0.5,1.2,1.8,0.8
1496,7.5,4.2,2.1,4.8,3.5,4.5,6.8,2.5,5.8
1497,8.5,9.5,7.8,9.0,8.2,8.5,9.2,4.1,8.8
1498,7.5,4.2,2.8,4.5,2.1,1.5,2.1,1.8,1.2
1499,8.5,9.0,6.8,7.2,5.5,4.5,6.8,3.2,7.1
1500,8.5,9.8,9.2,9.5,7.1,8.5,9.2,4.1,8.8
1501,8.5,9.8,7.2,8.8,9.5,8.5,7.2,4.8,6.8
1502,8.5,7.8,4.2,6.5,6.8,7.5,8.2,4.1,6.8
1503,8.5,7.8,6.2,8.0,7.0,7.5,8.2,4.1,6.8
1504,8.5,7.8,4.2,6.5,3.1,4.5,2.8,3.2,1.8
1505,8.5,9.5,8.0,9.0,7.5,8.5,7.2,4.1,8.8
1506,9.5,8.8,7.2,9.0,8.5,8.5,7.2,4.1,6.8
1507,9.5,9.8,8.2,9.0,9.0,8.5,9.2,4.1,6.8
1508,9.5,9.8,8.2,9.9,7.5,8.5,9.2,4.1,8.8
1509,8.5,9.0,6.8,7.2,8.0,4.5,6.8,2.5,3.8
1510,8.5,9.5,7.8,8.2,8.0,7.5,8.2,4.1,6.8
1511,7.5,8.2,6.8,7.1,5.9,4.5,6.8,2.5,5.8
1512,0.0,8.5,6.8,7.2,4.5,2.5,4.2,1.8,1.5
1513,8.5,9.5,7.8,9.0,6.5,4.5,6.8,2.5,7.2
1514,8.5,9.5,8.2,9.0,7.8,7.5,8.2,4.1,6.8
1515,8.5,8.0,6.5,7.2,5.8,7.5,8.2,2.5,6.8
1516,0.0,8.5,6.8,4.2,7.1,4.2,6.5,2.8,5.1
1517,9.5,9.8,8.2,9.0,6.5,7.5,8.2,4.1,6.8
1518,8.5,7.2,6.1,8.8,7.8,4.5,6.8,4.2,7.1
1519,9.5,8.8,6.5,8.2,9.0,8.5,7.2,4.1,6.8
1520,9.5,9.8,8.2,9.0,8.5,8.5,9.2,4.1,6.8
1521,4.5,2.8,1.5,2.2,6.8,2.5,1.8,1.2,1.5
1522,9.5,9.8,8.2,9.0,7.5,8.5,9.2,7.8,8.0
1523,7.5,4.2,1.0,6.8,2.5,4.5,2.8,1.5,3.2
1524,8.5,9.5,6.8,9.0,7.2,4.5,7.2,6.8,5.1
1525,8.5,9.8,8.2,9.5,6.8,4.5,7.2,2.8,6.8
1526,8.5,9.5,9.0,9.2,6.8,8.5,8.2,6.8,8.0
1527,0.0,8.5,7.2,8.0,6.8,7.5,8.2,4.1,6.8
1528,8.5,7.8,4.2,8.0,6.5,7.5,8.2,4.1,6.8
1529,8.5,8.0,6.5,7.2,9.0,8.5,7.2,4.1,6.8
1530,7.5,4.2,2.1,6.5,8.1,4.2,2.5,1.8,1.5
1531,8.5,9.5,8.0,8.8,6.0,8.5,7.2,2.5,6.8
1532,8.5,7.8,6.2,8.0,6.5,4.5,2.8,2.5,1.8
1533,8.5,9.5,9.0,8.8,7.2,8.5,8.2,4.1,7.8
1534,7.5,4.2,2.1,6.5,3.8,2.5,4.2,1.8,1.5
1535,8.5,9.8,8.2,9.5,9.9,8.5,7.2,4.1,8.8
1536,8.5,9.5,8.0,9.0,7.5,8.5,7.2,2.5,8.0
1537,7.5,8.8,6.5,8.2,9.0,7.5,8.2,4.1,6.8
1538,4.5,6.8,2.1,3.9,5.6,4.5,7.2,2.8,5.1
1539,8.5,9.5,7.2,8.8,8.0,8.5,9.2,4.8,7.1
1540,7.5,8.2,6.8,7.0,8.5,7.5,6.2,2.8,5.5
1541,8.5,7.8,4.2,6.5,5.1,7.5,8.2,4.1,6.8
1542,7.5,4.2,2.1,6.5,3.8,0.5,0.8,1.2,0.8
1543,8.5,9.8,9.5,9.2,8.0,8.5,9.2,4.1,8.8
1544,8.5,7.8,4.2,6.5,8.0,7.5,4.2,2.8,6.8
1545,8.5,9.5,8.0,8.8,7.2,7.5,8.2,6.8,4.5
1546,8.5,9.8,9.2,9.5,9.9,8.5,9.2,4.1,8.8
1547,9.5,8.8,7.2,8.5,6.8,7.5,8.2,4.1,6.8
1548,8.5,6.8,4.2,7.1,8.0,7.5,8.2,2.5,4.8
1549,4.5,2.1,1.8,2.5,1.1,0.5,0.8,1.2,0.2
1550,8.5,9.5,7.8,8.2,6.5,7.5,6.2,4.1,5.8
1551,8.5,9.0,6.8,8.2,7.5,7.5,4.2,4.5,6.8
1552,8.5,9.5,8.8,9.2,7.5,8.5,8.2,4.1,7.8
1553,7.5,4.2,2.8,6.5,4.8,4.5,2.5,2.8,1.8
1554,8.5,6.8,4.2,7.1,3.5,4.5,6.8,3.2,1.8
1555,8.5,6.8,4.2,7.9,3.1,4.5,6.8,7.2,5.1
1556,9.5,9.8,8.2,9.0,8.5,8.5,9.2,4.1,8.8
1557,7.5,4.2,2.8,6.5,3.1,4.5,6.8,3.2,1.8
1558,8.5,7.2,4.8,6.5,8.0,7.5,4.2,4.8,3.5
1559,4.5,6.8,2.1,3.9,5.6,4.5,6.8,3.2,1.8
1560,8.5,9.5,6.8,8.2,7.1,4.5,7.2,2.8,6.1
1561,9.5,9.8,8.2,9.0,7.5,8.5,9.2,4.1,7.8
1562,8.5,6.8,4.2,7.1,8.0,4.2,2.5,6.8,1.8
1563,8.5,7.8,6.2,8.0,5.5,8.5,7.2,4.1,6.8
1564,4.5,8.2,6.1,7.5,5.8,4.5,2.8,1.5,1.8
1565,8.5,9.5,8.0,9.0,6.5,7.5,6.2,4.1,8.1
1566,8.5,6.8,4.2,7.1,5.5,4.5,2.1,1.8,3.9
1567,8.5,6.8,4.2,7.1,5.9,4.5,2.8,6.8,1.5
1568,8.5,9.8,8.2,9.5,7.8,8.5,9.2,7.8,6.5
1569,8.5,9.5,7.8,8.2,6.5,7.5,6.2,4.1,5.8
1570,7.5,8.2,4.8,6.5,8.8,4.5,7.2,6.8,3.5
1571,7.5,8.8,6.2,8.5,7.0,7.5,8.2,4.5,6.8
1572,9.5,9.8,8.2,9.0,8.5,8.5,9.2,6.8,7.1
1573,7.5,8.8,6.2,7.8,5.5,4.5,7.2,2.8,8.1
1574,7.5,2.5,1.8,4.2,0.8,2.5,4.2,1.8,1.5
1575,8.5,6.8,4.2,7.1,8.0,4.5,2.8,3.2,1.8
1576,9.5,8.2,6.8,8.5,7.1,7.5,8.2,2.5,6.8
1577,8.5,7.8,6.2,8.1,5.9,4.5,7.2,6.8,5.1
1578,7.5,4.2,2.8,6.5,3.1,4.5,2.8,4.2,1.8
1579,7.5,8.2,4.8,6.5,6.1,4.5,6.8,3.2,5.1
1580,0.0,6.5,7.8,4.2,3.5,2.5,4.2,1.8,1.5
1581,8.5,6.8,4.2,7.1,5.5,4.5,2.8,1.5,3.5
1582,8.5,4.2,2.8,7.1,3.5,2.5,1.8,1.2,1.0
1583,8.5,7.8,4.2,6.5,6.8,4.5,6.8,2.5,7.2
1584,8.5,9.5,7.8,8.2,6.5,4.5,8.2,2.8,6.5
1585,9.5,9.8,7.2,8.5,6.8,4.5,8.2,2.8,6.5
1586,8.5,7.8,6.2,8.0,4.5,7.5,6.2,2.8,8.1
1587,9.5,9.8,8.2,9.0,7.5,4.5,6.8,2.5,5.8
1588,4.5,6.8,2.1,3.9,7.5,4.5,6.8,2.5,5.8
1589,8.5,7.8,4.2,8.1,6.5,4.5,7.2,2.8,6.1
1590,7.5,6.8,4.2,6.5,5.1,4.5,2.8,1.5,3.2
1591,8.5,7.2,4.8,6.5,5.1,4.5,6.8,2.1,7.9
1592,8.5,6.8,4.2,7.1,8.0,7.5,6.2,2.8,4.5
1593,8.5,9.5,7.8,8.2,6.5,8.5,9.2,6.8,7.1
1594,8.5,9.5,7.8,8.2,6.5,7.5,8.2,4.1,6.8
1595,8.5,6.8,4.2,7.1,2.5,4.5,2.5,3.8,1.8
1596,8.5,9.5,7.8,9.0,6.5,7.5,8.2,2.5,6.8
1597,0.0,9.5,8.8,8.2,9.0,7.5,8.2,4.1,6.8
1598,8.5,9.5,8.0,9.0,7.0,8.5,7.2,4.1,6.8
1599,8.5,9.5,7.8,8.2,6.1,4.5,8.2,7.8,6.1
1600,7.5,8.2,6.8,8.5,9.0,7.5,8.2,4.1,6.8
1601,8.5,9.5,7.8,8.2,9.0,7.5,8.2,4.1,6.8
1602,8.5,6.8,4.2,7.1,5.5,4.5,2.8,3.2,5.8
1603,8.5,9.5,8.2,9.0,7.8,8.5,8.2,2.5,6.8
1604,4.5,8.2,2.8,6.5,7.1,4.5,2.8,1.2,3.5
1605,8.5,6.8,4.2,7.1,5.9,4.5,6.8,2.5,5.8
1606,8.5,9.5,8.0,9.0,7.0,4.5,6.8,2.5,3.8
1607,4.5,2.8,2.1,3.4,6.9,4.5,2.1,1.8,1.2
1608,7.5,8.2,4.8,6.5,6.8,4.5,7.2,2.8,5.1
1609,8.5,9.5,8.0,9.0,7.0,8.5,7.2,4.8,6.8
1610,8.5,7.8,4.2,6.5,6.8,7.5,6.2,4.1,5.8
1611,8.5,9.5,7.8,8.2,6.5,8.5,9.2,6.8,7.1
1612,6.5,8.2,7.1,8.5,4.8,7.5,8.2,2.5,6.8
1613,8.5,7.2,4.8,8.0,6.5,4.5,2.8,1.5,3.2
1614,7.5,8.8,6.5,8.2,4.1,2.5,1.8,2.2,1.5
1615,7.5,9.5,8.2,9.0,6.8,7.5,6.2,4.1,5.8
1616,8.5,9.5,7.8,8.2,9.8,8.5,7.2,4.1,6.8
1617,8.5,8.0,7.5,8.2,7.0,7.5,6.2,4.1,5.8
1618,9.5,9.8,8.2,9.0,8.5,8.5,9.2,4.8,7.1
1619,4.5,9.5,8.2,8.8,9.0,7.5,8.2,4.1,6.8
1620,8.5,9.5,8.0,9.0,9.0,8.5,7.2,4.1,6.8
1621,8.5,7.8,6.2,8.0,5.5,4.5,6.8,2.5,7.2
1622,,,,,,8.5,7.2,4.8,8.0
1623,9.5,9.8,8.2,9.0,7.5,8.5,9.2,4.1,7.8
1624,7.5,8.2,4.8,6.5,8.8,4.5,6.8,7.2,5.1
1625,9.5,8.8,6.5,8.2,7.0,7.5,8.2,2.5,6.8
1626,9.5,9.8,8.2,9.0,7.5,8.5,7.2,4.8,6.8
1627,8.5,7.8,4.2,6.5,9.0,8.5,6.2,2.8,4.5
1628,8.5,7.8,4.2,8.0,6.5,4.5,6.8,2.5,3.8
1629,7.5,9.5,8.2,8.8,9.0,7.5,8.2,4.1,6.8
1630,9.5,8.2,6.8,8.5,4.1,7.5,4.2,2.5,8.0
1631,8.5,6.8,2.1,7.9,8.2,2.5,1.8,1.2,1.5
1632,8.5,9.5,8.0,9.0,7.5,8.5,7.2,4.1,8.8
1633,8.5,7.8,6.2,8.0,4.5,4.5,2.8,1.5,3.5
1634,8.5,9.5,7.8,8.2,6.5,8.5,9.2,4.1,8.8
1635,2.0,6.5,2.5,4.2,7.8,2.5,4.2,3.8,1.8
1636,8.0,4.5,2.8,6.5,3.2,4.5,2.8,3.2,1.5
1637,8.5,9.5,7.8,8.2,6.5,7.5,8.2,4.1,6.8
1638,8.5,9.5,8.8,9.2,7.1,7.5,8.2,4.1,6.8
1639,8.5,9.5,8.0,9.0,9.0,8.5,7.2,4.8,6.8
1640,8.5,7.2,4.8,6.5,5.1,7.5,6.2,4.1,5.8
1641,9.5,9.8,8.2,9.0,8.5,8.5,9.2,6.8,7.1
1642,9.5,8.8,6.2,8.5,7.8,8.5,7.2,4.1,6.8
1643,8.5,6.8,4.2,7.9,3.1,4.5,6.8,3.2,5.1
1644,9.5,9.8,9.2,9.5,8.5,9.5,8.8,6.5,8.2
1645,8.5,9.5,6.8,8.2,7.5,7.5,8.2,6.8,4.5
1646,8.5,9.5,7.8,9.2,8.8,8.5,8.2,6.8,7.5
1647,8.5,9.8,8.2,9.0,9.5,8.5,7.2,4.1,6.8
1648,8.5,6.8,4.2,7.1,5.9,2.5,1.8,1.2,1.0
1649,8.5,7.8,6.2,8.0,5.5,7.5,6.2,4.1,8.1
1650,9.5,9.8,8.2,9.0,9.0,8.5,7.2,4.8,6.8
1651,8.5,9.5,8.0,9.0,7.5,7.5,8.2,4.1,6.8
1652,8.5,9.5,6.8,7.2,8.0,4.5,7.2,6.8,5.1
1653,8.5,9.5,7.8,8.2,8.8,8.5,7.2,4.1,6.8
1654,8.5,9.5,8.0,9.0,9.0,8.5,7.2,4.1,6.8
1655,8.5,9.5,8.0,9.0,7.5,8.5,9.2,4.1,8.8
1656,8.5,9.5,7.8,8.2,9.0,8.5,7.2,4.1,6.8
1657,8.5,9.5,7.8,9.0,6.2,7.5,8.2,4.1,6.8
1658,8.5,9.5,8.0,9.0,7.0,8.5,7.2,4.1,6.8
1659,7.5,4.2,2.1,6.5,3.8,2.5,1.8,1.2,1.5
1660,8.5,6.8,4.2,7.1,8.0,4.5,6.8,4.2,7.5
1661,8.5,9.5,8.0,9.0,9.8,8.5,7.2,4.8,6.8
1662,4.5,6.8,2.1,3.9,5.2,4.5,2.8,2.5,3.8
1663,9.5,8.2,6.8,8.5,7.1,7.5,6.2,4.1,5.8
1664,8.5,9.5,8.0,8.2,6.8,7.5,4.2,2.8,6.8
1665,8.5,9.5,8.0,9.0,9.0,8.5,9.2,4.1,7.8
1666,8.5,9.5,7.8,8.2,9.0,7.5,8.2,4.1,6.8
1667,7.5,4.2,2.1,4.8,6.5,4.5,2.8,2.5,1.8
1668,7.5,8.8,6.2,8.5,9.0,7.5,8.2,4.1,6.8
1669,8.5,9.5,7.8,8.2,6.5,4.5,7.2,6.8,8.1
1670,8.5,9.5,8.8,9.2,6.5,7.5,8.2,4.1,6.8
1671,8.5,9.5,7.8,8.2,6.1,7.5,6.2,2.8,8.1
1672,9.5,9.8,8.5,9.2,8.0,8.5,9.2,6.8,8.0
1673,9.5,4.2,2.1,6.5,7.8,4.5,2.1,6.8,1.9
1674,7.5,8.2,6.8,7.9,9.0,7.5,8.2,4.1,4.8
1675,7.5,4.2,2.1,6.5,3.8,2.5,4.2,1.8,1.5
1676,7.5,4.2,2.1,6.5,3.8,4.5,6.8,2.5,5.8
1677,8.5,9.5,7.8,9.0,6.5,8.5,9.2,4.1,7.8
1678,8.5,6.8,4.2,7.9,5.1,7.5,6.2,4.1,5.8
1679,9.5,8.8,7.2,8.5,6.8,8.5,7.2,4.1,6.8
1680,8.5,9.5,6.8,8.2,4.1,4.5,2.8,3.2,1.5
1681,8.5,9.5,7.8,9.0,6.2,4.5,6.8,3.2,5.8
1682,8.5,7.2,4.8,7.5,3.1,4.5,2.8,1.5,3.2
1683,7.5,4.2,2.1,4.8,3.5,4.5,2.8,3.2,1.8
1684,9.5,9.8,8.2,9.0,7.5,7.5,8.2,4.1,6.8
1685,6.5,4.2,2.1,4.8,2.5,1.5,2.1,1.8,0.8
1686,8.5,9.5,7.8,8.2,9.0,8.5,7.2,4.1,6.8
1687,7.5,4.2,2.1,6.8,3.5,2.5,4.2,1.8,1.5
1688,7.5,8.2,4.8,6.5,8.8,7.5,6.2,2.8,4.5
1689,7.5,4.2,2.1,6.5,3.8,4.5,6.8,2.5,3.5
1690,9.5,8.2,4.1,6.5,7.8,8.5,7.2,4.1,6.8
1691,8.5,6.8,4.2,7.1,5.5,4.5,6.8,2.5,3.8
1692,9.5,9.8,8.5,9.2,8.0,8.5,9.2,4.1,7.8
1693,8.5,9.5,7.8,8.2,6.5,8.5,9.2,4.8,6.8
1694,8.5,9.5,8.8,8.2,9.0,8.5,7.2,2.5,6.8
1695,8.5,9.5,8.0,9.0,8.8,7.5,8.2,4.1,6.8
1696,9.5,9.8,8.2,9.0,7.5,8.5,9.2,4.1,7.8
1697,7.5,8.8,6.2,8.5,7.8,7.5,8.2,6.8,6.5
1698,9.5,8.8,7.2,9.0,6.5,8.5,7.2,4.1,6.8
1699,8.5,7.8,6.2,7.5,5.8,7.5,4.2,6.8,5.5
1700,8.5,9.5,8.0,9.0,8.8,8.5,7.2,4.1,6.8
1701,8.5,7.2,4.8,7.5,6.1,7.5,8.2,4.1,6.8
1702,8.5,7.8,6.2,7.5,4.1,7.5,4.2,4.5,6.8
1703,8.5,8.0,6.5,7.8,4.2,4.5,6.8,2.5,5.8
1704,8.5,8.0,7.2,8.8,4.5,7.5,6.2,4.1,5.8
1705,9.8,8.5,7.2,9.5,6.8,8.5,9.2,2.1,7.8
1706,8.5,8.0,6.5,7.8,5.2,7.5,8.2,4.1,6.8
1707,9.5,9.8,8.5,9.2,8.0,9.5,8.2,4.1,8.8
1708,8.5,9.8,8.2,9.5,7.8,8.5,9.2,4.8,7.1
1709,8.5,9.5,8.8,9.2,7.0,8.5,8.2,4.1,7.8
1710,8.5,8.0,6.5,8.8,7.2,7.5,4.2,4.8,8.0
1711,9.5,9.8,8.2,9.0,6.5,8.5,7.2,6.8,8.0
1712,8.5,9.5,7.8,8.2,9.8,8.5,9.2,4.1,7.8
1713,8.5,9.5,7.8,9.0,8.8,7.5,8.2,4.1,6.8
1714,7.5,9.5,6.8,8.2,8.0,4.5,7.2,2.8,6.1
1715,4.5,6.8,4.2,7.1,5.9,4.5,4.2,3.8,3.5
1716,8.5,9.8,8.2,9.5,9.0,8.5,9.2,6.8,8.0
1717,8.5,8.0,6.5,7.8,9.0,7.5,8.2,2.5,4.8
1718,8.5,9.5,7.8,8.2,6.5,8.5,7.2,4.1,6.8
1719,8.5,8.0,6.5,8.2,7.0,7.5,6.2,4.1,8.1
1720,8.5,9.5,8.0,9.0,7.5,7.5,8.2,4.1,6.8
1721,8.5,9.5,7.8,8.2,6.5,7.5,8.2,4.1,6.8
1722,9.5,8.8,7.2,9.0,8.5,8.5,7.2,4.1,6.8
1723,9.5,9.8,8.5,9.2,7.8,4.5,7.2,2.8,6.5
1724,8.5,8.0,6.5,7.8,8.2,7.5,6.2,4.1,8.1
1725,8.5,9.5,8.0,9.0,7.5,8.5,9.2,4.1,8.8
1726,8.5,7.8,6.2,8.0,5.5,4.5,2.8,3.5,1.8
1727,8.5,9.5,6.8,8.2,7.5,8.5,7.2,4.1,6.8
1728,8.5,6.8,4.2,7.1,8.0,7.5,4.2,2.8,3.5
1729,7.5,4.2,2.8,4.5,1.8,2.5,1.8,1.2,1.5
1730,7.5,8.2,6.5,7.8,4.1,4.5,6.8,2.5,5.8
1731,8.5,7.8,4.2,6.5,6.0,7.5,6.2,4.1,5.8
1732,8.5,8.0,6.5,7.2,5.8,7.5,6.2,2.8,8.1
1733,6.5,8.2,4.8,7.1,8.5,7.5,8.2,4.1,6.8
1734,4.5,6.8,5.2,7.1,3.9,2.5,4.2,1.8,3.5
1735,8.5,9.8,8.2,9.5,7.8,7.5,8.2,6.8,8.5
1736,8.5,6.8,4.2,7.1,5.5,4.5,6.8,3.2,5.1
1737,8.5,7.8,6.2,8.0,5.5,4.5,6.8,2.5,7.2
1738,8.5,9.5,7.8,8.2,6.5,7.5,8.2,4.1,6.8
1739,9.5,8.8,7.2,9.0,8.5,8.5,7.2,4.1,6.8
1740,9.5,9.8,8.5,9.2,7.8,8.5,9.2,4.1,8.8
1741,4.5,9.5,8.2,8.8,6.1,7.5,8.2,4.1,6.8
1742,8.5,7.2,6.1,8.8,5.9,7.5,6.2,4.1,5.8
1743,8.5,9.5,8.2,9.0,7.8,8.5,7.2,4.1,6.8
1744,9.5,8.8,7.2,8.5,6.8,7.5,8.2,4.1,6.8
1745,8.5,4.2,2.1,6.5,3.8,4.5,6.8,2.5,3.8
1746,8.5,7.8,6.2,7.5,4.1,4.5,2.8,2.5,1.8
1747,7.5,4.2,2.1,6.5,3.8,2.5,1.8,1.2,1.5
1748,7.5,8.2,4.8,6.5,5.1,4.5,6.8,2.5,7.2
1749,7.5,4.2,2.1,6.5,3.8,2.5,1.8,2.0,1.2
1750,8.5,9.5,8.0,7.8,9.0,7.5,8.2,4.1,6.8
1751,8.5,7.2,4.8,6.5,5.1,4.5,6.8,3.2,7.1
1752,8.5,9.5,7.8,8.2,6.5,7.5,8.2,4.1,6.8
1753,7.5,4.2,2.1,6.8,1.5,2.5,1.8,1.2,1.0
1754,4.5,6.8,2.9,4.2,7.1,4.5,6.8,2.1,3.9
1755,8.5,9.5,7.8,8.2,6.5,4.5,7.2,6.8,5.1
1756,7.5,8.2,4.8,6.5,5.1,4.5,6.8,2.5,5.8
1757,8.0,9.5,8.5,9.0,8.0,8.5,7.2,4.8,6.8
1758,8.5,4.2,2.8,6.5,3.1,4.5,2.8,1.5,3.2
1759,8.5,9.5,8.0,9.0,6.5,7.5,6.2,4.1,8.1
1760,8.5,9.5,7.8,9.0,6.5,4.5,8.2,6.8,5.9
1761,8.5,9.5,7.8,8.2,6.5,7.5,8.2,4.1,6.8
1762,9.5,9.8,9.2,9.9,8.5,9.5,9.0,4.5,8.5
1763,8.5,9.5,7.8,8.2,6.5,7.5,8.2,2.5,6.8
1764,8.5,9.5,7.8,8.2,6.5,4.5,8.2,2.8,6.1
1765,7.5,6.8,4.2,5.5,6.0,4.5,2.8,1.5,3.2
1766,7.5,4.2,2.8,6.5,3.1,2.5,1.8,1.2,1.5
1767,8.5,9.5,8.0,9.0,6.5,8.5,8.2,4.1,6.8
1768,8.5,7.8,2.1,9.0,6.5,4.5,6.8,2.5,7.2
1769,4.5,8.8,7.2,6.5,5.1,4.5,7.2,2.8,6.8
1770,7.5,8.8,6.2,7.0,8.5,7.5,8.2,4.1,6.8
1771,8.5,9.5,7.8,8.2,6.5,7.5,6.2,4.1,8.1
1772,4.5,8.2,7.1,8.5,6.8,4.5,7.2,2.8,6.1
1773,8.5,9.5,7.8,8.2,6.1,8.5,7.2,4.1,6.8
1774,8.5,7.8,4.2,6.5,9.0,8.5,6.2,2.8,4.5
1775,7.5,4.2,2.1,3.8,2.5,4.5,2.8,2.5,3.8
1776,8.5,6.8,2.1,4.2,7.9,4.5,2.8,1.2,1.5
1777,2.0,6.5,2.5,4.0,3.5,1.5,2.1,2.8,1.8
1778,8.5,9.5,7.8,8.2,9.0,7.5,4.2,6.8,3.5
1779,4.5,8.2,6.1,7.5,5.8,4.5,2.8,1.5,1.8
1780,8.5,9.5,8.0,9.0,8.8,7.5,8.2,4.1,6.8
1781,8.5,6.8,4.2,7.1,5.5,4.2,2.5,3.1,1.8
1782,8.5,9.5,7.8,8.2,4.1,4.5,7.2,2.8,6.5
1783,8.5,9.5,8.0,9.0,7.0,8.5,7.2,4.1,6.8
1784,9.5,8.2,6.8,8.5,7.1,7.5,6.2,4.8,5.5
1785,8.5,9.5,7.2,8.8,9.0,7.5,8.2,4.1,6.8
1786,8.5,9.5,7.8,8.2,6.5,8.5,7.2,4.1,6.8
1787,8.5,7.8,4.2,6.5,5.1,4.5,6.8,2.1,5.9
1788,8.5,9.5,8.8,9.2,7.5,8.5,9.2,4.1,7.8
1789,7.5,8.2,6.8,7.1,5.9,4.5,7.2,2.8,5.1
1790,8.5,9.5,8.0,9.0,9.0,7.5,8.2,4.1,6.8
1791,8.5,6.8,4.2,7.1,5.5,4.5,6.8,2.5,5.8
1792,7.5,4.2,2.8,6.5,3.1,4.5,2.8,3.2,1.8
1793,8.5,9.5,7.8,8.2,6.1,7.5,4.2,2.8,6.8
1794,8.5,9.8,8.2,9.0,9.5,8.5,7.2,4.1,6.8
1795,8.5,9.5,8.0,9.0,7.5,8.5,9.2,4.1,7.8
1796,8.5,9.5,7.8,9.0,8.8,8.5,7.2,4.1,6.8
1797,8.5,7.8,4.2,6.5,5.1,4.5,6.8,2.5,5.8
1798,9.5,8.8,6.5,8.2,7.0,7.5,6.2,4.1,8.1
1799,4.5,2.1,1.8,3.2,1.5,1.5,1.2,2.1,0.8
1800,8.5,9.5,7.8,9.0,6.2,7.5,8.2,4.1,6.8
1801,8.5,9.5,7.8,8.2,6.5,7.5,6.2,4.1,6.8
1802,8.5,8.0,6.5,8.2,7.8,4.5,6.8,2.5,5.8
1803,8.5,9.5,8.8,9.2,9.0,8.5,9.2,4.1,8.8
1804,8.5,9.5,6.8,8.2,7.1,7.5,8.2,4.1,6.8
1805,8.5,7.8,4.2,6.5,8.0,4.5,6.8,3.2,7.1
1807,8.5,9.5,8.0,8.8,6.5,7.5,6.2,2.8,4.1
1808,8.5,6.8,4.2,7.1,8.0,7.5,8.2,2.5,4.8
1809,8.5,8.0,6.5,8.2,4.8,4.5,6.8,2.5,5.8
1810,8.5,6.8,4.2,7.9,5.1,4.5,2.8,2.5,1.8
1811,,,,,,8.5,7.2,4.1,6.8
1812,9.5,8.0,4.2,7.8,6.5,4.5,2.8,3.2,5.8
1813,7.5,8.2,4.8,6.5,8.5,7.5,6.2,4.1,5.8
1814,8.5,9.5,7.8,8.2,6.5,8.5,7.2,4.1,6.8
1815,8.5,9.5,7.8,8.2,9.0,8.5,9.2,4.1,6.8
1816,8.5,9.5,7.8,8.2,6.5,7.5,8.2,4.1,6.8
1817,9.5,9.8,8.2,9.0,8.5,9.5,9.0,7.8,8.5
1818,8.5,9.5,9.0,9.2,9.0,8.5,9.2,6.8,8.0
1819,8.5,7.2,4.8,8.0,6.5,4.5,6.8,3.2,5.1
1820,9.5,8.2,6.8,8.5,4.1,7.5,8.2,4.1,6.8
1821,4.5,8.2,6.8,7.5,8.0,7.5,6.2,4.1,5.8
1822,8.5,9.5,6.8,8.2,7.1,4.5,7.2,3.8,1.5
1823,7.5,6.8,4.2,6.5,3.1,4.5,6.8,2.5,7.2
1824,8.5,9.0,6.8,8.2,7.5,7.5,8.2,4.1,6.8
1825,8.5,9.8,8.2,9.5,7.8,8.5,7.2,4.8,6.8
1826,9.5,8.2,6.8,8.5,7.1,7.5,6.2,2.8,4.5
1827,8.5,6.8,4.2,7.1,3.5,2.5,2.0,1.8,1.2
1828,7.5,8.2,4.1,6.5,6.8,7.5,8.2,4.1,6.8
1829,9.5,8.8,7.2,9.0,8.5,8.5,6.2,4.1,7.8
1830,8.5,7.2,4.8,6.5,5.1,4.5,6.8,2.5,5.8
1831,8.5,7.8,4.2,6.5,8.0,7.5,6.2,4.1,5.8
1832,7.5,8.8,6.2,7.0,8.5,7.5,6.2,2.8,4.5
1833,7.5,8.2,6.8,8.5,4.1,4.5,6.8,2.1,7.4
1834,8.5,9.5,7.8,9.2,8.0,7.5,8.2,4.1,6.8
1835,8.5,4.2,2.1,6.5,3.8,4.5,2.8,3.2,1.8
1836,8.5,9.5,7.2,8.8,6.5,7.5,8.2,4.1,6.8
1837,9.5,8.8,6.5,8.2,7.0,8.5,7.2,4.8,6.8
1838,9.5,9.8,8.2,7.5,9.0,8.5,9.2,4.1,7.8
1839,9.5,8.8,7.2,9.0,6.5,8.5,7.2,4.1,6.8
1840,8.5,6.8,4.2,7.1,3.5,7.5,8.2,4.1,5.8
1841,8.5,9.5,8.0,9.0,8.8,7.5,6.2,2.8,8.1
1842,9.5,8.2,6.8,8.5,7.1,7.5,6.2,4.1,5.8
1843,8.5,7.8,4.2,7.5,6.1,7.5,6.2,2.8,5.5
1844,8.5,6.8,4.2,7.1,3.5,4.5,2.8,1.5,3.2
1845,8.5,7.8,4.2,6.5,5.1,8.5,7.2,4.8,6.8
1846,2.0,4.5,2.8,3.2,1.5,4.5,2.8,3.2,1.5
1847,8.5,9.5,8.0,7.5,6.5,7.5,8.2,4.1,6.8
1848,2.5,8.0,4.2,6.5,5.8,2.5,4.2,1.8,1.5
1849,9.5,9.8,8.2,9.9,7.5,8.5,9.2,4.1,8.8
1850,9.5,8.8,6.5,9.2,7.0,8.5,7.2,4.1,6.8
1851,8.5,7.8,4.2,6.5,3.1,7.5,6.2,4.1,5.8
1852,8.0,6.5,2.5,4.2,7.8,7.5,8.2,2.5,4.8
1853,8.5,6.8,2.1,7.3,4.9,7.5,4.2,2.8,6.8
1854,8.5,7.8,6.2,8.0,4.5,4.5,2.8,3.2,6.8
1855,7.5,4.2,2.1,4.8,3.5,4.5,2.8,3.2,1.5
1856,8.5,9.5,7.8,9.2,9.0,8.5,7.2,6.8,8.0
1857,8.5,9.5,7.8,9.0,6.2,8.5,7.2,4.1,6.8
1858,8.5,9.5,6.8,8.2,4.1,4.5,8.2,2.8,6.1
1859,7.5,4.2,2.1,6.8,3.5,4.5,6.8,2.5,5.8
1860,7.5,6.8,4.2,6.5,7.0,4.5,2.8,4.2,1.8
1861,9.5,9.8,8.2,9.0,7.5,4.5,8.2,2.8,6.5
1862,8.5,9.5,8.0,9.0,6.5,8.5,9.2,4.1,8.8
1863,7.5,9.5,8.2,9.0,8.8,7.5,8.2,4.1,6.8
1864,7.5,6.8,4.2,6.5,5.1,2.5,4.2,1.8,1.5
1865,8.5,9.5,7.8,8.2,6.5,4.5,8.2,6.8,5.1
1866,8.5,9.5,8.0,9.0,7.5,8.5,7.2,4.8,8.0
1867,9.5,8.2,6.8,8.5,7.1,4.5,6.8,2.5,5.8
1868,8.5,9.5,7.8,8.2,9.0,7.5,6.2,2.8,4.5
1869,9.5,9.8,7.2,8.5,8.8,7.5,6.2,4.1,5.8
1870,8.5,9.5,7.8,8.2,8.8,7.5,6.2,4.1,5.8
1871,9.5,9.8,9.2,9.0,7.5,8.5,9.2,4.1,8.8
1872,8.5,9.5,8.0,9.0,9.8,8.5,7.2,4.1,6.8
1873,8.5,9.5,7.8,8.2,6.5,4.5,7.2,2.8,6.5
1874,8.5,8.0,6.5,7.8,4.2,4.5,6.8,2.5,3.5
1875,8.5,6.8,4.2,7.1,5.5,4.5,2.8,1.5,1.8
1876,8.5,9.5,7.8,9.2,8.8,8.5,7.2,4.8,6.8
1877,6.5,4.2,2.1,6.8,3.5,2.5,2.0,1.8,1.2
1878,7.5,8.2,6.8,7.1,8.5,4.5,7.2,2.8,5.1
1879,8.5,8.0,7.2,8.8,6.5,7.5,8.2,4.1,6.8
1880,4.5,2.8,2.1,4.2,3.5,2.5,1.8,1.2,1.5
1881,9.5,9.8,8.2,9.0,8.5,8.5,7.2,2.5,8.0
1882,8.5,9.5,7.8,8.2,6.5,8.5,7.2,4.1,8.8
1883,8.5,9.5,7.8,8.2,6.5,8.5,7.2,4.1,6.8
1884,9.5,9.8,8.2,9.0,7.5,8.5,7.2,4.1,6.8
1885,7.5,4.2,2.1,6.5,8.1,4.5,2.8,6.8,5.5
1886,8.5,6.8,4.2,7.1,5.5,4.5,6.8,2.5,5.8
1887,8.5,9.8,9.5,9.2,8.8,9.5,8.8,6.5,9.0
1888,8.5,7.2,4.8,7.5,3.1,4.5,6.8,2.5,5.8
1889,7.5,6.8,4.2,7.0,5.5,4.5,6.8,3.2,5.5
1890,8.5,9.5,8.0,9.0,7.0,7.5,6.2,4.1,5.8
1891,7.5,9.5,8.2,8.8,6.8,7.5,8.2,6.8,8.5
1892,8.5,7.8,6.2,8.0,4.5,7.5,4.2,4.8,6.8
1893,8.5,9.5,7.8,9.0,8.2,8.5,9.2,6.8,8.0
1894,7.5,4.2,2.1,3.8,2.5,2.5,4.2,1.8,3.5
1895,9.5,9.8,9.2,9.9,8.5,8.5,9.2,6.8,8.0
1896,4.5,6.8,5.2,7.5,6.1,4.5,6.8,2.5,5.8
1897,8.5,9.5,8.0,9.0,7.5,7.5,8.2,4.1,6.8
1898,8.5,7.8,6.2,8.0,4.5,7.5,6.2,4.1,8.1
1899,8.5,9.5,7.8,8.2,6.5,7.5,8.2,4.1,6.8
1900,8.5,9.5,7.8,9.2,6.1,7.5,8.2,4.1,6.8
1901,8.5,9.5,8.0,9.0,9.0,8.5,7.2,4.1,8.8
1902,9.5,8.8,7.2,9.0,6.5,8.5,9.2,4.1,7.8
1903,8.5,7.8,6.2,7.5,5.1,4.5,6.8,2.5,7.2
1904,9.5,9.8,8.2,9.0,6.5,8.5,7.2,2.5,8.0
1905,7.5,8.2,4.1,6.5,6.8,4.5,6.8,3.2,5.1
1906,9.5,8.2,6.8,8.5,4.1,7.5,8.2,4.1,6.8
1907,7.5,4.2,2.8,6.1,3.5,4.5,2.8,3.2,1.8
1908,8.5,9.5,8.8,7.2,6.5,7.5,6.2,4.8,3.5
1909,7.5,8.2,4.8,6.5,8.5,4.5,6.8,2.5,1.8
1910,7.5,8.2,4.8,6.5,6.1,4.5,7.2,3.1,5.8
1911,8.5,7.8,4.2,6.5,8.0,7.5,6.2,4.8,5.5
1912,8.5,7.8,6.2,8.0,5.5,4.5,6.8,2.5,7.2
1913,8.5,9.5,8.8,9.2,7.0,8.5,7.2,4.1,6.8
1914,8.5,9.5,8.0,9.0,7.5,8.5,7.2,4.1,6.8
1915,9.5,9.8,8.2,9.0,7.5,8.5,9.2,4.1,8.8
1916,8.5,9.5,7.8,8.2,6.5,8.5,7.2,4.1,6.8
1917,8.5,9.5,6.8,7.2,8.0,4.5,8.2,2.1,6.8
1918,8.5,6.8,4.2,7.1,2.5,4.5,6.8,3.2,5.1
1919,8.5,6.8,4.2,7.1,5.5,4.5,2.8,1.5,3.2
1920,9.5,8.2,4.1,7.8,6.5,7.5,4.2,2.8,4.5
1921,9.5,8.2,6.8,8.5,7.1,7.5,6.2,2.8,8.1
1922,8.5,9.5,8.0,9.0,7.5,8.5,9.2,4.1,8.8
1923,8.5,9.5,8.0,9.0,8.0,7.5,8.2,2.5,4.8
1924,8.5,7.8,6.2,8.0,5.5,4.5,2.8,3.2,6.8
1925,4.5,8.8,6.1,7.3,9.5,8.5,7.2,4.1,6.8
1926,8.5,9.5,6.8,8.2,7.1,8.5,7.2,6.8,4.1
1927,7.5,4.2,2.1,4.8,3.5,4.5,2.8,3.5,1.8
1928,8.5,6.8,4.2,7.1,3.5,4.2,2.5,3.8,1.8
1929,8.5,9.5,7.8,9.0,9.2,8.5,7.2,4.8,6.8
1930,7.5,4.2,2.1,4.8,6.5,4.5,2.8,1.5,3.2
1931,7.5,8.2,6.8,8.5,7.0,4.5,6.8,2.5,7.2
1932,9.5,9.8,8.2,9.0,7.5,8.5,9.2,4.1,8.8
1933,0.0,8.5,6.8,7.2,4.5,4.5,2.8,3.2,1.8
1934,8.5,9.5,8.0,9.0,7.5,7.5,8.2,4.1,6.8
1935,9.5,9.8,8.2,9.0,7.5,8.5,7.2,4.1,6.8
1936,8.5,9.5,7.8,8.2,6.5,4.5,8.2,2.8,6.5
1937,8.5,9.5,8.0,9.0,6.0,7.5,8.2,4.1,6.8
1938,8.5,9.8,8.2,9.5,9.0,8.5,9.2,4.1,7.8
1939,9.5,8.2,6.8,8.5,4.1,7.5,6.2,2.8,4.5
1940,8.5,9.8,8.2,9.5,7.8,8.5,9.2,4.1,8.8
1941,8.5,7.8,6.2,8.0,4.5,7.5,6.2,4.8,8.1
1942,9.5,9.8,8.2,9.0,7.5,8.5,7.2,4.8,8.0
1943,8.5,9.5,7.8,8.2,9.0,8.5,9.2,4.1,7.8
1944,8.5,9.5,8.0,9.0,8.5,8.5,7.2,6.8,4.5
1945,8.5,7.8,4.2,6.5,3.1,4.5,2.1,1.8,1.2
1946,9.5,6.8,2.1,7.3,4.5,7.5,4.2,2.8,3.5
1947,7.5,6.8,4.2,6.5,5.1,4.5,2.8,3.2,1.8
1948,8.5,7.8,4.2,8.0,6.5,7.5,6.2,4.1,5.8
1949,9.5,8.8,7.2,9.0,6.5,8.5,7.2,6.8,8.0
1950,7.5,8.2,6.8,8.5,5.1,7.5,6.2,2.8,8.1
1951,8.5,9.5,8.0,9.0,7.5,8.5,9.2,4.1,8.8
1952,6.5,9.5,8.2,8.8,4.1,8.5,7.2,4.8,6.8
1953,0.0,8.5,6.8,7.2,9.0,4.5,7.2,2.8,6.1
1954,8.5,9.5,7.8,8.2,6.5,7.5,8.2,4.1,6.8
1955,9.5,9.8,9.2,9.5,9.0,9.5,9.0,6.5,8.5
1956,7.5,9.5,8.2,9.0,8.8,8.5,9.2,4.1,7.8
1958,8.5,9.5,8.0,7.5,6.0,8.5,7.2,4.1,6.8
1959,8.5,7.8,4.2,6.9,5.1,4.5,7.2,2.8,1.9
1960,8.5,9.5,7.8,8.2,6.5,8.5,7.2,4.1,6.8
1961,8.5,9.8,8.2,9.5,9.0,8.5,7.2,4.1,6.8
1962,7.5,2.8,1.5,3.2,0.8,1.5,2.1,2.8,1.2
1963,8.5,9.5,7.8,9.2,8.0,8.5,9.2,4.1,7.8
1964,9.5,8.8,6.2,8.5,7.0,8.5,7.2,4.8,6.8
1965,7.5,8.8,6.2,8.5,4.8,4.5,6.8,4.2,7.1
1966,4.5,8.2,6.1,7.5,9.0,7.5,6.2,4.1,4.8
1967,8.5,9.5,6.8,8.2,9.0,7.5,8.2,4.1,6.8
1968,9.5,8.8,6.5,8.2,4.1,7.5,8.2,4.1,6.8
1969,7.5,8.8,6.5,8.2,9.0,7.5,8.2,4.1,6.8
1970,8.5,9.5,7.8,8.2,6.5,7.5,8.2,4.1,6.8
1971,7.5,8.2,4.8,6.5,6.8,7.5,8.2,4.1,6.8
1972,7.5,8.2,6.8,8.5,4.1,4.5,6.8,3.2,5.1
1973,8.5,4.2,2.8,6.5,3.1,2.5,1.8,1.2,1.0
1974,8.5,8.0,6.5,7.8,4.2,2.5,4.2,1.8,1.5
1975,8.5,9.5,8.0,9.0,7.0,7.5,6.2,2.8,8.1
1976,9.5,9.8,9.2,9.9,8.5,9.5,8.8,6.5,8.2
1977,8.5,9.5,8.8,9.2,7.0,7.5,8.2,4.1,6.8
1978,7.5,4.2,2.1,4.8,3.5,4.5,6.8,2.5,5.8
1979,8.5,9.5,8.8,9.2,7.5,8.5,7.2,4.1,8.8
1980,,,,,,9.5,8.2,7.8,8.5
1981,4.5,9.5,8.8,9.2,7.0,8.5,9.2,8.8,7.5
1982,7.5,8.2,6.8,7.1,5.9,4.5,6.8,3.2,5.5
1983,8.5,9.5,8.0,9.0,6.5,8.5,7.2,4.1,6.8
1984,8.5,9.5,6.8,8.2,7.1,7.5,8.2,4.1,6.8
1985,8.5,9.5,8.0,9.0,7.5,8.5,9.2,4.1,7.8
1986,8.5,9.8,8.2,9.5,9.0,8.5,9.2,7.8,8.0
1987,8.5,9.8,8.2,9.0,7.5,8.5,9.2,4.8,7.1
1988,7.5,8.2,4.8,6.5,6.8,4.5,7.2,2.8,6.5
1989,7.0,6.5,4.8,6.2,3.5,2.5,1.8,1.2,1.5
1990,9.5,8.8,7.2,9.0,6.5,8.5,7.2,4.1,6.8
1991,8.5,9.5,7.8,8.2,6.5,8.5,7.2,4.1,6.8
1992,6.5,4.2,2.8,6.8,5.1,4.5,2.8,2.5,1.8
1993,9.5,9.8,8.5,9.9,8.2,9.5,8.8,6.5,8.2
1994,8.5,7.8,4.2,6.5,3.1,4.5,2.8,3.2,1.5
1995,9.5,9.8,8.2,9.0,7.5,8.5,9.2,6.8,8.0
1996,8.5,9.0,8.0,8.2,6.5,7.5,8.2,4.1,6.8
1997,8.5,9.5,7.8,8.2,9.0,8.5,7.2,4.1,6.8
1998,8.5,7.8,4.2,6.5,5.1,7.5,8.2,2.5,6.8
1999,8.5,9.5,8.0,9.0,9.0,8.5,9.2,4.1,7.8
2000,7.5,8.2,4.8,6.5,5.1,2.5,4.2,1.8,1.5
2001,8.5,7.8,6.2,8.0,5.5,4.5,2.8,1.5,1.8
2002,9.5,9.8,8.5,9.2,8.0,8.5,9.2,4.1,7.8
2003,8.5,9.5,7.8,8.2,9.0,8.5,8.0,4.2,6.8
2004,7.5,6.8,4.2,6.5,5.1,2.5,1.8,1.2,1.0
2005,8.5,6.8,4.2,7.1,5.5,4.5,6.8,3.2,5.8
2006,8.5,9.8,7.2,8.0,6.5,8.5,9.2,4.1,7.8
2007,8.5,9.8,8.2,9.5,8.8,8.5,9.2,4.1,8.8
2008,8.5,6.8,4.2,7.1,5.9,7.5,6.2,4.1,5.8
2009,0.0,2.5,1.8,2.2,3.5,2.5,4.2,6.8,1.5
2010,8.5,4.2,2.1,3.8,1.5,2.5,4.2,1.8,1.5
2011,0.0,9.5,8.2,8.8,7.5,8.5,9.2,4.1,7.8
2012,9.5,8.8,7.2,8.5,6.8,7.5,6.2,2.8,4.5
2013,7.5,8.2,4.8,6.5,8.0,7.5,4.2,4.5,3.8
2014,4.5,8.2,6.8,8.5,7.1,8.5,7.2,4.1,6.8
2015,4.5,2.8,1.5,2.2,1.0,1.5,2.1,1.8,0.8
2016,8.5,9.5,7.8,8.2,6.1,7.5,8.2,4.1,6.8
2017,8.5,6.8,4.2,7.9,3.1,4.5,6.8,3.2,5.1
2018,8.5,6.8,4.2,7.1,5.5,4.5,6.8,3.2,5.1
2019,9.5,8.2,6.8,8.5,4.1,4.5,2.1,1.8,1.2
2020,8.5,9.5,6.8,7.2,5.1,4.5,6.8,3.2,7.1
2021,8.5,9.5,8.0,9.0,9.8,8.5,7.2,6.8,8.0
2022,8.5,4.2,2.1,6.8,3.5,4.5,2.8,1.5,6.8
2023,8.5,6.8,5.2,7.1,6.5,4.5,2.8,2.5,6.8
2024,8.5,7.8,4.2,6.5,6.0,4.5,6.8,3.2,5.1
2025,8.5,9.5,8.8,9.2,6.5,8.5,7.2,4.1,6.8
2026,8.5,9.5,8.0,9.0,8.8,8.5,7.2,2.5,6.8
2027,8.5,9.5,6.8,8.2,7.1,8.5,9.2,6.8,4.1
2028,8.5,9.5,7.8,8.2,6.9,8.5,9.2,6.8,8.0
2029,9.5,8.8,7.2,8.5,6.0,4.5,6.8,2.5,7.2
2030,8.5,9.5,8.0,9.0,7.5,8.5,7.2,4.1,6.8
2031,9.5,9.8,9.2,9.5,8.5,9.5,8.8,6.5,8.2
2032,8.5,7.8,6.2,8.0,4.5,7.5,8.2,2.5,6.8
2033,8.5,7.8,4.2,6.5,8.0,7.5,4.2,2.8,6.8
2034,7.5,4.2,2.1,3.8,2.5,2.5,4.2,1.8,3.5
2035,8.5,9.5,7.8,8.2,6.5,7.5,8.2,4.1,6.8
2036,8.5,9.5,7.8,8.2,9.0,8.5,7.2,4.1,6.8
2037,7.5,8.8,4.2,6.5,3.1,4.5,8.2,2.8,1.5
2038,7.5,6.8,4.2,6.5,3.1,2.5,4.2,3.1,1.8
2039,9.5,9.8,8.5,9.2,8.0,8.5,7.2,4.1,6.8
2040,8.5,9.5,8.0,8.2,6.8,4.5,7.2,2.8,6.8
2041,8.5,7.2,4.8,6.5,3.1,4.5,2.8,2.5,3.8
2042,8.5,6.8,4.2,7.1,5.5,4.5,7.2,2.8,6.8
2043,7.5,4.2,2.1,4.8,2.5,4.5,2.8,3.5,1.8
2044,8.5,9.5,8.8,9.2,8.0,8.5,9.2,4.1,8.8
2045,9.5,9.8,8.2,9.9,8.5,8.5,7.2,2.5,8.8
2046,8.5,7.8,6.2,8.0,4.5,7.5,4.2,2.8,6.8
2047,8.5,7.8,6.2,8.0,4.5,4.5,6.8,2.5,7.2
2048,8.5,9.5,6.8,8.2,9.0,7.5,8.2,4.1,6.8
2049,4.5,8.2,6.8,7.5,9.0,8.5,6.2,2.8,7.1
2050,4.5,8.0,2.5,6.5,9.0,8.5,4.2,2.5,6.8
2051,8.5,9.5,7.8,9.0,6.5,8.5,9.2,4.1,7.8
2052,8.5,7.8,4.2,6.5,5.1,7.5,6.2,4.1,5.8
2053,8.5,7.2,4.8,6.5,6.1,4.5,6.8,2.5,5.8
2054,7.5,6.8,4.2,6.5,3.1,4.5,6.8,2.5,5.8
2055,8.5,7.8,4.2,7.5,6.1,7.5,8.2,4.1,6.8
2056,8.5,9.0,6.8,7.2,5.5,7.5,8.2,4.1,6.8
2057,4.5,8.2,6.1,7.5,9.0,7.5,6.2,2.8,4.5
2059,7.5,8.2,4.8,6.5,8.5,8.5,7.2,2.5,6.8
2060,8.5,9.8,8.2,9.5,7.8,8.5,9.2,7.8,6.8
2061,8.5,7.2,4.8,6.5,5.1,4.5,6.8,3.2,7.1
2062,7.5,8.2,4.8,6.5,6.1,4.5,6.8,3.2,5.1
2063,8.5,9.5,8.0,9.0,7.5,8.5,7.2,4.1,6.8
2064,8.5,6.8,4.2,7.1,5.9,4.5,6.8,2.5,5.8
2065,8.5,7.2,6.8,8.0,5.5,4.5,6.8,2.5,7.2
2066,7.5,4.2,2.1,6.5,3.8,2.5,1.8,1.2,1.5
2067,7.5,8.8,4.2,6.5,9.0,8.5,7.2,4.1,6.8
2068,0.0,4.5,1.8,2.1,6.5,4.5,2.5,1.8,1.2
2069,8.5,9.5,6.8,8.2,7.1,7.5,8.2,4.1,6.8
2070,8.5,6.8,4.2,7.1,5.5,4.5,2.8,3.2,1.8
2071,8.5,7.2,4.8,6.5,6.1,7.5,6.2,4.1,5.8
2072,8.5,9.5,7.8,8.2,6.5,4.5,2.8,2.5,1.8
2073,8.5,9.5,6.8,8.2,9.8,8.5,7.2,4.8,6.8
2074,8.5,7.8,6.2,8.0,5.5,4.5,6.8,4.2,5.8
2075,8.5,9.5,8.0,9.0,7.0,8.5,9.2,6.8,8.0
2076,8.5,9.5,7.8,8.2,6.5,4.5,6.8,3.2,7.1
2077,9.5,9.8,8.2,9.9,8.5,8.5,9.2,4.1,8.8
2078,8.5,6.8,4.2,7.1,3.5,4.5,6.8,7.2,5.8
2079,8.5,9.5,8.0,9.0,7.5,8.5,7.2,2.5,6.8
2080,9.5,9.8,8.2,9.0,7.5,8.5,7.2,4.1,8.8
2081,7.5,9.5,8.2,8.8,9.0,7.5,8.2,4.1,6.8
2082,8.5,9.5,8.0,9.0,6.0,8.5,7.2,4.1,6.8
2083,4.5,2.8,2.1,3.9,1.5,2.5,1.8,1.2,1.5
2084,9.5,9.8,8.5,9.2,7.8,8.5,9.2,4.1,8.8
2085,6.5,8.8,7.2,8.5,6.8,7.5,8.2,4.1,6.8
2086,8.5,9.5,6.8,8.2,7.1,4.5,7.2,2.8,6.5
2087,8.5,4.2,2.1,6.8,3.5,4.5,2.8,3.2,1.8
2088,7.5,8.2,4.8,6.5,8.5,4.5,6.8,2.1,5.9
2089,8.5,9.5,7.8,9.2,6.5,4.5,7.2,2.8,6.5
2090,8.5,6.8,2.1,4.2,3.5,2.5,4.2,3.1,1.8
2091,8.5,6.8,4.2,7.1,5.5,4.5,2.8,3.2,1.8
2092,7.5,8.2,6.8,8.5,7.8,8.5,9.2,6.8,7.1
2093,6.5,2.8,1.5,4.2,0.8,1.5,2.1,2.8,1.2
2094,7.5,8.8,6.2,8.5,7.0,7.5,8.2,4.1,6.8
2095,7.5,8.2,6.8,8.5,7.0,4.5,7.2,2.8,6.1
2096,7.5,8.2,7.8,6.5,8.5,4.5,6.8,2.5,3.8
2097,8.5,9.5,8.0,9.0,8.8,8.5,7.2,4.1,6.8
2098,7.5,8.2,4.8,6.5,2.1,4.5,2.8,1.5,6.8
2099,8.5,7.2,4.8,6.5,5.1,7.5,4.2,2.8,6.0
2100,8.5,9.5,6.8,8.2,7.1,4.5,6.8,2.5,1.8
2101,4.5,6.8,5.2,6.5,3.1,2.5,8.1,4.2,1.8
2102,9.5,8.8,8.2,9.0,6.5,8.5,7.2,4.8,6.8
2103,3.0,4.5,2.8,4.2,2.5,4.5,2.8,2.5,1.8
2104,8.5,9.5,8.2,9.0,7.8,8.5,7.2,4.1,6.8
2105,8.5,6.8,2.5,7.2,4.1,4.5,2.8,1.5,3.2
2106,8.5,9.5,8.2,8.8,7.5,7.5,8.2,4.1,6.8
2107,7.5,6.8,5.2,6.5,4.1,2.5,4.2,1.8,6.5
2108,8.5,7.2,4.8,6.1,5.9,4.5,6.8,3.2,5.1
2109,4.5,2.8,1.5,3.2,2.1,2.5,4.2,3.1,1.8
2110,8.5,9.8,7.2,9.5,6.8,8.5,9.2,4.1,1.8
2111,8.5,9.5,8.0,9.0,7.5,7.5,6.2,4.8,8.1
2112,8.5,9.5,7.8,8.2,6.5,7.5,8.2,4.1,6.8
2113,8.5,7.2,4.8,7.5,6.1,4.5,6.8,3.2,5.1
2114,9.5,8.8,7.2,8.5,8.0,8.5,7.2,4.1,6.8
2115,8.5,7.8,4.2,6.5,8.0,7.5,8.2,4.1,6.8
2116,8.5,9.5,6.8,8.2,7.1,4.5,7.2,2.8,1.5
2117,8.5,7.8,6.2,8.1,8.8,7.5,6.2,4.8,5.5
2118,6.5,2.8,1.5,4.2,0.8,2.5,4.2,3.1,1.8
2119,7.5,8.2,4.8,6.5,6.0,4.5,6.8,2.5,3.8
2120,8.5,6.8,4.2,7.1,5.9,4.5,6.8,2.5,5.8
2121,9.5,9.8,9.2,9.9,8.5,9.5,9.8,4.2,9.0
2122,7.5,8.8,8.2,7.8,8.5,7.5,6.2,4.1,5.8
2123,8.5,9.5,6.8,8.2,9.0,8.5,7.2,4.8,6.8
2124,8.5,7.2,6.8,8.0,4.5,4.5,2.8,2.5,6.8
2125,7.5,8.2,4.1,6.5,9.0,8.5,7.2,4.1,6.8
2126,8.5,9.5,7.8,9.2,6.5,7.5,6.2,8.1,5.8
2127,0.5,1.2,1.0,1.5,0.8,0.5,1.2,1.8,1.0
2128,8.5,9.5,7.8,8.2,6.5,8.5,7.2,4.8,8.8
2129,8.5,7.8,6.2,8.0,4.5,4.5,6.8,2.5,7.2
2130,4.5,8.2,6.8,7.5,5.1,4.5,8.2,6.8,3.5
2131,4.5,8.2,2.8,6.5,9.0,8.5,7.2,2.5,6.8
2132,9.0,8.5,7.2,8.8,6.5,8.5,7.2,4.1,6.8
2133,8.5,7.8,6.2,7.5,4.8,4.5,6.8,2.5,5.8
2134,8.5,9.5,7.2,8.8,6.5,7.5,8.2,4.1,6.8
2135,7.5,6.8,4.2,6.5,3.1,4.5,2.8,2.5,6.8
2136,8.5,6.8,4.2,7.1,5.5,4.5,2.1,1.8,1.2
2137,8.5,8.0,6.5,8.2,7.8,4.5,6.8,2.5,5.8
2138,1.5,2.0,1.0,2.5,1.0,0.5,1.2,1.8,0.8
2139,8.5,9.5,6.8,8.2,7.1,7.5,8.2,4.1,6.8
2140,9.5,8.2,6.8,8.5,4.1,7.5,8.2,4.1,4.8
2141,8.5,9.5,8.0,9.0,7.5,8.5,7.2,4.1,8.8
2142,8.5,9.5,8.0,9.0,7.0,7.5,8.2,4.1,6.8
2143,8.5,7.8,4.2,6.5,3.1,4.5,6.8,2.5,5.8
2144,7.5,8.2,6.8,7.1,5.9,4.5,7.2,2.8,5.8
2145,8.5,9.5,6.8,8.2,7.1,4.5,6.8,2.5,5.8
2146,8.5,9.5,7.8,8.2,6.5,7.5,8.2,4.1,6.8
2147,9.5,8.2,7.1,8.8,4.5,7.5,8.2,4.1,6.8
2148,8.5,9.5,7.8,9.2,8.1,8.5,7.2,4.8,6.8
2149,8.5,7.8,6.2,8.0,4.5,4.5,7.2,6.8,8.1
2150,8.5,6.8,4.2,7.1,5.9,4.5,6.8,3.2,5.1
2151,8.5,9.8,8.2,9.5,9.0,0.0,0.0,0.0,0.0
2152,8.5,6.8,4.2,7.1,5.9,4.5,2.5,3.8,6.8
2153,8.5,9.5,7.8,9.0,8.0,7.5,8.2,4.1,6.8
2154,8.5,9.5,8.8,9.2,7.5,8.5,9.2,6.8,8.0
2155,8.5,7.8,6.2,8.1,5.9,8.5,7.2,4.8,6.8
2156,8.5,9.5,7.8,9.0,6.5,8.5,7.2,4.1,6.8
2157,8.5,6.8,4.2,7.9,5.1,4.5,2.8,3.2,6.8
2158,7.5,8.8,6.5,8.2,4.8,7.5,6.2,4.1,5.8
2159,8.5,8.0,6.5,7.8,9.0,4.5,6.8,2.5,5.8
2160,8.5,8.0,6.5,8.8,7.2,7.5,8.2,2.5,6.8
2161,7.5,8.2,4.8,6.5,8.8,7.5,4.2,4.8,6.0
2162,0.0,8.5,4.2,6.8,7.1,4.5,8.2,6.8,3.5
2163,8.5,9.5,7.8,8.2,8.0,7.5,8.2,2.5,6.8
2164,9.5,8.8,7.2,8.5,6.8,4.5,7.2,2.8,6.5
2165,9.5,9.8,8.2,9.0,8.5,8.5,7.2,4.8,6.8
2166,7.5,4.2,2.1,6.8,3.5,2.5,2.0,1.5,1.0
2167,9.5,8.2,6.8,8.5,7.1,8.5,7.2,4.1,6.8
2168,9.5,9.8,8.2,9.0,7.5,8.5,7.2,4.1,6.8
2169,8.5,9.5,7.8,9.0,6.2,7.5,8.2,4.1,6.8
2170,8.5,7.8,6.2,8.0,4.5,7.5,8.2,4.1,6.8
2171,9.5,9.8,7.2,8.5,8.0,8.5,9.2,4.1,6.8
2172,8.5,9.5,8.8,9.2,7.5,8.5,8.2,4.1,6.8
2173,8.5,7.8,4.2,6.5,8.0,7.5,4.2,2.8,5.5
2174,8.5,9.5,8.0,9.0,7.0,7.5,8.2,4.1,6.8
2175,7.5,2.5,1.8,4.2,0.8,2.5,1.8,1.2,1.0
2176,8.5,7.8,6.2,8.0,9.0,7.5,6.2,2.8,4.5
2177,8.5,9.8,9.5,9.2,8.0,8.5,9.2,6.8,8.0
2178,8.5,7.8,6.2,7.5,5.1,4.5,6.8,2.5,3.8
2179,7.5,6.8,4.2,7.0,5.5,4.5,6.8,2.5,5.8
2180,8.5,9.5,8.8,9.2,7.0,8.5,7.2,4.1,6.8
2181,8.5,7.8,6.2,7.5,4.8,4.5,6.8,4.2,5.5
2182,8.5,9.5,8.8,9.2,6.5,4.5,2.8,1.5,1.8
2183,8.5,9.0,7.2,8.8,6.5,7.5,6.2,4.1,5.8
2184,4.5,8.8,7.2,6.5,9.0,7.5,8.2,4.1,6.8
2185,7.5,9.5,8.2,8.8,6.8,4.5,8.2,6.8,7.5
2186,8.5,7.8,4.2,6.5,5.1,4.5,7.2,2.8,6.5
2187,8.5,9.5,7.8,8.2,6.5,4.5,6.8,2.5,3.8
2188,8.5,9.5,8.0,9.0,7.5,8.5,7.2,6.8,8.0
2189,8.5,9.5,7.8,8.2,6.1,7.5,8.2,4.1,6.8
2190,8.5,4.2,2.1,6.5,3.8,2.5,1.8,1.2,1.0
2191,8.5,6.8,4.2,7.1,3.5,4.5,6.8,4.2,3.5
2192,8.5,7.8,6.2,8.0,7.5,8.5,7.2,4.1,6.8
2193,8.5,9.5,8.8,9.2,6.0,7.5,8.2,4.1,6.8
2194,0.0,9.5,8.2,8.5,4.8,4.5,6.8,3.2,1.8
2195,8.5,9.5,7.8,8.2,6.5,4.5,7.2,2.8,6.5
2196,8.5,6.8,4.2,7.1,5.9,4.5,2.8,1.5,3.2
2197,8.5,9.5,7.2,8.8,9.0,7.5,8.2,2.5,6.8
2198,9.5,9.8,8.2,9.0,7.5,8.5,8.2,4.1,7.8
2199,8.5,9.5,7.8,8.2,6.5,7.5,8.2,4.1,6.8
2200,8.5,9.8,8.2,9.5,7.8,8.5,7.2,6.8,8.0
2201,0.0,9.5,8.0,8.5,9.8,8.5,9.2,2.1,1.8
2202,8.5,9.5,7.8,8.2,6.5,7.5,8.2,4.1,6.8
2203,8.5,9.5,7.8,8.2,6.1,7.5,8.2,4.1,6.8
2204,8.5,9.5,7.8,8.2,6.5,4.5,2.1,1.8,1.2
2205,,,,,,9.5,9.0,6.5,8.8
2206,6.5,8.5,8.5,7.2,4.1,4.5,6.8,2.5,5.8
2207,8.5,9.5,8.0,9.0,7.0,7.5,8.2,4.1,6.8
2208,8.5,6.8,4.2,7.1,3.5,4.5,6.8,3.2,5.8
2209,7.5,6.8,4.2,6.5,5.1,4.5,6.8,2.5,5.8
2210,8.5,9.5,7.8,8.2,6.5,7.5,6.2,2.8,4.5
2211,7.5,8.2,4.8,6.5,8.8,7.5,4.2,2.8,4.5
2212,8.5,7.2,4.8,6.5,5.1,4.5,6.8,2.5,5.8
2213,8.5,9.5,8.0,9.0,6.5,8.5,7.2,4.1,6.8
2214,7.5,8.2,8.5,7.8,4.1,7.5,8.2,4.1,6.8
2215,4.5,6.8,5.2,4.1,2.9,2.5,2.8,1.5,1.2
2216,8.5,9.8,8.2,9.0,7.5,7.5,8.2,4.1,6.8
2217,7.5,8.2,6.8,7.1,5.9,4.5,6.8,2.5,5.8
2218,8.5,9.5,7.8,8.2,8.0,7.5,8.2,4.1,6.8
2219,7.5,6.8,4.2,6.5,5.1,4.5,2.8,2.5,1.8
2220,8.5,9.5,7.8,8.2,9.0,8.5,7.2,4.1,6.8
2221,8.5,7.8,6.2,8.0,4.5,4.5,6.8,3.2,5.8
2222,0.0,4.5,2.8,3.2,6.5,4.5,2.8,1.2,1.5
2223,8.5,7.2,6.8,8.0,5.5,4.5,2.8,1.5,6.8
2224,2.0,1.5,1.0,2.5,1.8,1.5,2.1,2.8,1.2
2225,8.5,9.8,6.1,8.2,7.9,8.5,9.2,4.1,1.8
2226,9.0,9.5,8.5,9.8,7.0,9.5,8.8,7.2,9.0
2227,9.5,8.0,4.2,7.8,6.5,4.5,6.8,2.5,1.8
2228,9.5,9.8,8.2,9.0,7.5,8.5,7.2,4.1,6.8
2229,8.5,9.5,7.8,8.2,6.5,7.5,8.2,2.5,6.8
2230,7.5,8.8,4.2,6.5,9.5,8.5,7.2,4.1,6.8
2231,7.5,4.2,2.1,4.8,3.5,2.5,1.8,1.2,1.0
2232,7.5,8.2,6.8,7.1,4.5,4.5,6.8,2.5,5.8
2233,8.5,9.8,9.2,9.5,8.0,8.5,9.2,4.8,8.8
2234,9.5,8.2,7.1,8.8,6.5,4.5,6.8,2.5,5.8
2235,9.5,9.8,8.5,9.9,8.2,8.5,9.2,4.8,8.0
2236,8.5,9.5,8.0,9.0,6.5,4.5,6.8,3.2,5.1
2237,8.5,9.5,8.8,9.2,7.0,8.5,9.2,4.8,8.0
2238,8.5,7.8,6.2,7.5,8.8,7.5,4.2,2.8,6.8
2239,8.5,8.0,6.5,7.2,7.8,4.5,6.8,2.5,5.8
2240,7.5,4.2,2.1,4.8,2.5,2.5,1.8,1.2,1.5
2241,8.5,8.0,6.8,7.2,4.5,7.5,6.2,4.1,5.8
2242,7.5,4.2,2.1,6.8,6.5,4.5,2.8,1.5,1.8
2243,2.5,7.8,4.2,6.5,8.1,4.5,6.8,2.5,5.8
2244,8.5,6.8,4.2,7.1,5.9,2.5,1.8,1.2,1.5
2245,9.5,9.8,8.5,9.2,8.0,8.5,9.2,4.1,8.8
2246,8.5,9.5,7.8,8.2,6.5,4.5,8.2,2.8,6.1
2247,8.5,9.5,6.8,8.2,9.0,7.5,8.2,2.5,4.8
2248,8.5,6.8,4.2,7.1,5.9,4.5,6.8,3.2,1.8
2249,8.5,9.8,9.2,9.5,8.8,9.5,8.8,6.5,8.2
2250,7.5,8.2,6.8,7.1,5.9,2.5,1.8,1.2,1.5
2251,8.5,9.5,7.8,9.0,4.2,7.5,8.2,2.5,6.8
2252,8.5,9.0,7.8,9.2,6.5,7.5,6.2,4.1,8.1
2253,7.5,8.2,4.8,6.5,8.5,7.5,8.2,4.1,6.8
2254,7.5,4.2,2.1,3.5,2.8,2.5,1.8,1.2,1.5
2255,9.5,9.8,9.2,9.9,6.5,8.5,7.2,4.1,8.8
2256,8.5,2.1,1.8,4.2,0.5,1.5,2.1,1.8,0.5
2257,8.5,9.5,8.0,9.0,8.8,7.5,8.2,4.1,6.8
2258,6.5,8.2,4.8,7.1,8.5,8.5,9.2,7.8,6.5
2259,8.5,9.8,9.2,9.5,6.8,8.5,9.2,2.1,8.8
2260,8.5,8.8,6.5,8.2,9.0,7.5,6.2,4.8,5.1
2261,9.5,8.8,7.2,8.5,6.8,4.5,6.8,2.5,5.8
2262,0.0,4.5,1.8,2.1,8.5,4.5,6.8,2.1,3.9
2263,7.5,8.8,6.9,8.2,7.1,7.5,8.2,6.8,5.9
2264,8.5,9.8,8.2,9.5,7.1,8.5,9.2,4.8,7.1
2265,9.5,9.8,8.2,9.9,8.5,8.5,9.2,4.1,8.8
2266,7.5,6.8,4.2,6.5,5.1,4.5,6.8,2.5,5.8
2267,9.5,9.8,8.2,9.0,8.5,8.5,7.2,4.8,6.8
2268,8.5,9.5,8.0,9.0,8.8,8.5,7.2,4.1,6.8
2269,8.5,7.2,4.8,7.5,6.8,4.5,6.8,2.5,5.8
2270,9.5,9.8,8.2,9.0,8.5,8.5,9.2,6.8,8.0
2271,8.5,7.2,4.8,6.5,5.1,7.5,6.2,2.5,5.8
2272,8.5,9.5,7.8,8.2,6.5,4.5,7.2,3.1,6.8
2273,8.5,7.2,4.8,6.5,5.1,4.5,7.2,2.8,6.5
2274,8.5,8.0,6.5,7.8,4.2,4.5,2.8,1.5,6.8
2275,8.5,9.5,8.0,9.0,6.5,8.5,7.2,2.5,6.8
2276,8.5,9.5,6.8,8.2,7.0,7.5,8.2,4.1,6.8
2277,9.5,8.2,7.8,8.5,6.1,4.5,6.8,2.1,5.9
2278,8.5,7.8,4.2,6.5,3.1,7.5,8.2,4.1,6.8
2279,8.5,9.5,6.8,8.2,7.1,4.5,6.8,3.2,5.9
2280,7.5,8.2,4.8,6.5,5.1,4.2,6.5,3.1,7.8
2281,4.5,2.1,1.8,3.2,2.5,2.5,4.2,1.8,1.5
2282,7.5,4.2,2.1,6.5,3.8,2.5,2.0,1.8,1.2
2283,8.5,9.5,8.0,9.0,7.5,4.5,7.2,2.8,6.5
2284,7.5,4.2,2.1,6.5,3.8,4.5,2.8,3.2,1.8
2285,9.5,9.8,9.2,9.9,8.5,9.5,8.2,6.8,8.5
2286,9.5,9.8,8.2,9.9,7.5,8.5,9.2,4.1,7.8
2287,8.5,9.5,8.0,9.0,7.5,7.5,8.2,4.1,6.8
2288,8.5,4.2,2.1,6.8,3.5,4.5,2.8,1.5,1.8
2289,6.5,8.0,7.0,8.5,6.0,4.5,6.8,2.5,7.2
2290,8.5,7.8,6.2,7.5,4.8,4.5,7.2,2.8,6.1
2291,7.5,4.2,2.1,6.8,3.5,2.5,1.8,1.2,1.5
2292,8.5,7.8,6.2,8.0,7.5,7.5,4.2,2.8,6.8
2293,7.5,4.2,2.8,6.5,3.1,2.5,1.8,1.2,1.0
2294,8.5,6.8,2.1,4.9,3.4,4.5,2.8,2.5,1.8
2295,8.5,7.2,6.1,8.0,4.8,4.5,6.8,2.5,5.8
2296,8.5,6.8,4.2,7.1,3.5,2.5,1.8,1.2,1.5
2297,7.0,6.5,4.2,6.8,3.5,4.5,6.8,2.5,3.8
2298,8.5,9.5,7.8,8.2,9.0,8.5,7.2,4.1,6.8
2299,9.5,9.8,9.2,9.9,8.5,9.5,8.8,6.5,8.2
2300,8.5,2.1,1.8,4.2,6.5,2.5,1.8,1.2,1.0
2301,8.5,9.5,7.8,9.2,6.1,7.5,8.2,4.1,6.8
2302,8.5,8.0,6.5,8.2,7.8,8.5,7.2,4.1,6.8
2303,8.5,9.8,8.2,9.5,9.0,8.5,9.2,6.8,8.0
2304,8.5,8.0,4.2,7.8,9.0,4.5,6.8,2.5,5.8
2305,8.5,6.8,4.2,7.9,5.1,4.5,6.8,2.5,5.8
2306,8.5,9.8,8.2,9.5,7.1,8.5,9.2,4.1,7.8
2307,8.5,9.5,7.8,8.2,6.5,8.5,9.2,2.1,6.8
2308,0.0,8.5,2.5,4.2,6.8,0.5,1.2,1.8,0.8
2309,8.5,9.8,8.2,9.5,7.8,8.5,9.2,4.1,8.8
2310,7.5,8.8,6.2,8.5,7.8,7.5,8.2,4.1,6.8
2311,8.5,9.5,7.2,8.8,6.5,4.5,7.2,6.8,5.9
2312,8.5,9.5,8.0,9.0,8.5,7.5,8.2,4.1,6.8
2313,8.5,6.8,4.2,7.1,5.5,4.5,6.8,2.5,5.8
2314,8.5,6.8,4.2,7.1,5.5,7.5,6.2,2.8,5.5
2315,8.5,7.8,6.2,7.5,5.1,7.5,6.2,4.1,5.8
2316,7.5,4.2,2.1,4.8,3.5,4.5,5.8,2.8,3.5
2317,7.5,8.2,6.1,7.8,4.5,4.5,2.8,1.5,6.8
2318,8.5,9.5,8.2,9.0,7.8,8.5,8.2,4.1,7.8
2319,8.5,9.5,8.8,9.2,6.0,8.5,7.2,4.1,8.8
2320,7.5,8.2,4.8,6.5,8.0,4.5,2.8,1.5,6.8
2321,8.5,6.8,4.2,7.1,5.5,4.5,2.8,2.5,3.8
2322,8.5,7.8,6.2,8.0,5.5,7.5,8.2,4.1,6.8
2323,8.5,7.8,6.2,8.0,7.5,7.5,6.2,4.1,8.1
2324,8.5,9.5,6.8,7.2,4.1,7.5,4.2,2.8,6.8
2325,8.5,9.5,6.8,7.2,9.0,8.5,9.2,4.1,6.8
2326,8.5,9.5,7.8,8.2,9.0,7.5,8.2,4.1,6.8
2327,8.5,6.8,4.2,7.1,5.5,4.5,2.8,2.5,3.8
2328,4.0,6.5,4.2,6.0,5.5,2.5,2.8,1.5,1.8
2329,8.5,4.2,2.1,6.8,3.5,4.5,6.8,7.2,5.8
2330,8.5,9.5,7.8,8.2,6.5,8.5,7.2,4.1,6.8
2331,8.5,7.2,6.1,8.0,4.8,4.5,2.8,1.5,6.8
2332,9.5,9.8,8.2,9.0,8.5,8.5,8.2,4.1,6.8
2333,9.5,8.8,6.5,8.2,7.0,7.5,6.2,4.1,5.8
2334,7.5,6.8,5.2,6.5,4.8,4.5,6.8,3.2,5.1
2335,8.5,7.8,6.2,8.1,4.9,8.5,7.2,4.1,6.8
2336,8.5,6.8,4.2,7.1,5.9,4.5,2.8,1.5,1.8
2337,7.5,9.5,6.8,8.2,4.5,4.5,7.2,2.8,6.5
2338,7.5,9.5,6.8,8.2,4.1,4.5,7.2,2.8,6.5
2339,2.5,4.8,6.5,4.2,3.1,2.5,4.2,1.8,1.5
2340,8.5,9.5,7.8,8.2,9.0,8.5,7.2,4.1,6.8
2341,8.5,7.8,6.2,8.0,4.5,2.5,1.8,1.2,1.5
2342,7.5,8.2,6.8,8.5,4.1,7.5,6.2,4.1,5.8
2343,8.5,9.0,7.2,8.8,6.5,7.5,8.2,4.1,6.8
2344,0.0,9.5,6.8,7.2,8.5,4.5,2.8,2.5,6.8
2345,8.5,9.5,8.8,9.2,8.0,7.5,8.2,4.1,6.8
2346,8.5,9.5,8.0,9.0,2.0,7.5,8.2,6.8,6.5
2347,8.5,9.5,7.8,9.2,6.1,8.5,7.2,4.1,8.8
2348,8.5,8.0,6.5,7.8,7.2,7.5,8.2,2.5,6.8
2349,8.5,8.0,7.2,8.8,4.5,4.5,6.8,4.2,3.5
2350,8.5,9.5,8.0,9.0,7.5,7.5,6.2,4.8,5.5
2351,8.5,6.8,4.2,7.1,8.0,4.5,2.8,1.5,1.8
2352,4.5,2.1,1.8,3.2,0.8,2.5,4.2,1.8,3.5
2353,8.5,9.8,9.2,9.5,9.0,8.5,9.2,4.1,8.8
2354,8.5,6.8,4.2,7.1,8.0,4.5,6.8,3.2,5.1
2355,6.5,8.2,4.8,6.1,7.5,2.5,4.2,1.8,3.5
2356,8.5,9.5,8.0,9.0,7.0,7.5,8.2,4.5,6.8
2357,8.5,9.5,8.8,9.2,7.0,8.5,7.2,4.1,8.8
2358,8.5,9.5,8.0,9.0,6.0,8.5,7.2,4.1,6.8
2359,9.5,8.2,6.8,8.5,7.1,4.5,6.8,2.5,8.2
2360,8.5,9.5,7.8,8.2,6.5,4.5,7.2,2.8,6.1
2361,8.5,6.8,4.2,7.1,5.9,4.5,2.8,1.5,1.8
2362,9.5,9.8,8.2,9.0,7.5,8.5,7.2,4.1,6.8
2363,8.5,6.8,4.2,7.9,3.1,7.5,6.2,4.1,5.8
2364,9.5,8.8,6.5,9.0,7.2,7.5,8.2,4.1,6.8
2365,8.5,9.5,8.0,9.0,7.5,8.5,9.2,4.1,7.8
2366,9.5,8.8,7.2,8.5,4.8,8.5,7.2,4.1,6.8
2367,8.5,9.5,4.2,6.8,8.0,4.5,6.8,2.5,1.8
2368,8.5,9.5,8.0,9.0,7.5,8.5,7.2,4.1,6.8
2369,3.0,4.5,2.8,4.2,2.5,4.5,2.8,1.5,1.8
2370,8.5,9.5,6.8,8.2,7.1,4.5,7.2,2.8,5.1
2371,4.5,6.8,2.9,4.2,3.1,2.5,2.0,1.8,1.2
2372,9.5,8.8,6.5,8.2,7.1,8.5,7.2,4.1,6.8
2373,4.5,7.8,2.9,6.5,8.1,7.5,4.2,2.8,3.5
2374,8.5,9.8,8.2,9.5,7.8,8.5,9.2,4.1,8.8
2375,8.5,8.0,4.5,7.2,6.8,4.5,6.8,3.2,5.1
2376,8.5,6.8,5.2,8.0,4.5,7.5,4.2,2.8,6.8
2377,7.5,4.2,2.8,4.5,3.1,2.5,2.8,1.5,1.2
2378,7.5,4.2,2.1,4.5,6.8,1.5,2.1,1.8,1.2
2379,9.5,9.8,8.2,9.9,8.5,8.5,7.2,4.1,6.8
2380,9.5,9.8,8.2,9.0,8.5,8.5,9.2,4.1,7.8
2381,5.0,4.5,2.8,4.2,3.5,4.5,6.8,2.5,5.8
2382,8.5,7.8,4.2,6.5,8.0,4.5,6.8,2.5,7.2
2383,8.5,9.5,7.8,9.2,6.5,8.5,9.2,4.1,7.8
2384,7.5,9.5,8.2,8.8,9.0,8.5,9.2,4.1,7.8
2385,9.5,8.8,6.5,9.2,7.1,4.5,8.2,6.8,7.5
2386,9.5,9.8,8.2,9.0,7.5,8.5,7.2,4.1,6.8
2387,8.5,9.5,7.8,8.2,6.1,4.5,6.8,2.5,7.2
2388,7.5,9.5,8.2,8.8,8.5,8.5,7.2,4.1,6.8
2389,8.5,7.8,6.2,7.5,4.8,4.5,2.8,3.2,6.8
2390,2.5,4.8,2.2,3.5,3.8,2.5,1.8,3.2,1.2
2391,8.5,9.8,9.2,9.5,8.8,9.5,8.8,6.5,8.2
2392,8.5,7.2,4.8,6.5,3.1,4.5,7.2,2.8,5.1
2393,8.5,6.8,4.2,7.1,8.0,7.5,6.2,4.8,5.5
2394,8.5,9.5,7.8,9.0,6.2,4.5,6.8,2.5,5.8
2395,9.5,9.8,8.5,9.2,7.8,8.5,9.2,6.8,8.0
2396,7.5,4.2,2.1,3.8,6.5,4.5,2.8,3.2,1.8
2397,8.5,9.5,8.8,9.2,7.0,8.5,8.2,4.1,7.8
2398,8.5,9.5,7.8,8.2,6.5,4.5,6.8,2.5,5.8
2399,8.5,6.8,4.2,7.1,8.0,7.5,4.2,2.8,6.8
2400,7.5,4.2,2.1,3.8,2.5,2.5,1.8,1.2,1.5
2401,8.5,9.5,8.0,9.0,8.8,7.5,8.2,4.1,6.8
2402,7.5,4.2,2.1,3.8,6.5,4.5,2.8,1.5,1.8
2403,8.5,6.8,4.2,7.1,5.5,7.5,6.2,4.1,5.8
2404,8.5,7.8,4.2,7.5,3.1,4.5,6.8,2.5,5.8
2405,8.5,9.5,8.8,9.2,9.0,8.5,9.2,4.1,6.8
2406,8.5,6.8,4.2,7.1,5.5,4.5,6.8,2.5,5.8
2407,8.5,6.8,4.2,7.1,3.5,7.5,6.2,2.8,5.5
2408,9.5,8.8,6.5,8.2,4.1,8.5,7.2,2.5,6.8
2409,8.5,9.5,7.8,8.2,6.1,7.5,6.2,2.8,5.5
2410,8.5,9.5,7.8,8.2,6.1,4.5,7.2,2.8,6.8
2411,6.5,8.2,5.8,7.1,8.5,7.5,8.2,4.1,6.8
2412,8.5,9.5,7.8,8.2,6.5,7.5,8.2,4.1,8.8
2413,9.5,8.2,6.8,8.5,7.1,7.5,8.2,4.1,6.8
2414,8.5,9.5,8.8,9.2,7.1,8.5,9.2,4.8,8.0
2415,8.5,9.8,7.2,8.8,9.5,8.5,9.2,4.1,7.8
2416,8.5,7.2,4.8,8.0,6.1,7.5,8.2,4.1,6.8
2417,8.5,9.5,7.8,8.2,9.0,8.5,7.2,2.8,6.8
2418,8.5,9.5,8.0,9.0,7.5,8.5,7.2,4.1,8.8
2419,8.5,9.5,7.8,9.2,8.8,8.5,4.2,7.8,6.1
2420,2.5,8.5,4.2,6.8,7.1,4.5,2.1,1.8,1.2
2421,8.5,9.5,9.0,9.2,6.8,8.5,7.2,4.1,6.8
2422,8.5,9.8,9.5,9.8,9.2,8.5,9.2,6.8,8.0
2423,8.5,9.5,8.0,8.8,7.2,8.5,7.2,4.1,6.8
2424,8.5,6.8,4.2,7.1,5.5,4.5,2.8,2.5,1.8
2425,8.5,9.5,8.8,9.2,7.0,8.5,7.2,4.1,8.8
2426,9.5,8.8,7.2,9.0,6.5,8.5,7.2,4.1,6.8
2427,1.5,6.8,2.1,4.2,8.5,4.5,6.8,2.1,3.9
2428,8.5,9.5,7.8,8.2,6.5,8.5,7.2,2.5,6.8
2429,8.5,9.5,7.8,9.2,6.5,8.5,9.2,4.1,7.8
2430,8.5,9.5,7.8,9.0,6.2,7.5,6.2,2.8,4.5
2431,8.5,6.8,4.2,7.1,8.0,4.5,6.8,2.5,5.8
2432,9.5,9.8,8.2,9.0,7.5,7.5,8.2,4.1,6.8
2433,7.5,8.8,6.2,8.5,9.0,7.5,6.2,2.8,4.5
2434,7.5,4.2,2.1,3.5,2.8,2.5,4.2,1.8,3.5
2435,7.5,4.2,2.8,6.5,3.1,2.5,4.2,1.8,1.5
2436,8.5,7.8,4.2,8.1,6.5,4.5,7.2,2.8,5.1
2437,7.5,8.2,4.8,6.5,8.5,7.5,8.2,4.1,6.8
2438,7.5,9.5,8.2,8.8,9.0,7.5,8.2,4.1,6.8
2439,8.5,6.8,4.2,7.1,5.5,4.5,2.8,1.5,1.8
2440,7.5,4.2,2.1,6.5,6.8,4.5,2.8,1.5,1.8
2441,8.5,4.2,2.1,6.5,3.8,4.5,2.8,1.5,1.8
2442,9.5,9.8,8.5,9.9,7.2,9.5,8.2,4.1,8.8
2443,9.5,8.8,7.2,9.0,6.5,8.5,7.2,4.1,8.8
2444,8.5,9.5,7.8,8.2,6.5,7.5,8.2,2.5,6.8
2445,8.5,8.0,6.5,7.8,4.2,4.5,6.8,2.5,5.8
2446,8.5,9.5,7.8,8.2,8.8,4.5,6.8,2.5,3.8
2447,6.5,9.5,4.8,6.2,7.1,4.5,7.2,2.8,1.5
2448,8.5,9.5,7.8,9.2,8.0,7.5,8.2,4.1,6.8
2449,8.5,9.5,8.8,9.2,7.0,8.5,7.2,4.1,6.8
2450,8.5,9.5,7.8,8.2,6.5,7.5,8.2,4.1,6.8
2451,9.5,8.8,7.2,9.0,6.5,8.5,7.2,4.1,6.8
2452,8.5,7.8,6.2,8.8,7.5,7.5,8.2,4.1,6.8
2453,10.0,8.5,6.8,9.2,7.5,8.5,7.2,4.1,6.8
2454,9.5,9.8,8.2,9.0,7.5,8.5,9.2,4.1,8.8
2455,7.5,8.5,6.8,8.2,4.5,4.5,6.8,3.2,5.1
2456,8.5,7.8,4.2,6.5,8.0,7.5,6.2,2.8,4.5
2457,8.5,9.8,6.1,8.2,9.5,8.5,9.2,4.1,1.8
2458,7.5,8.2,6.8,8.5,7.0,7.5,8.2,2.5,6.8
2459,7.5,6.8,4.2,6.5,3.1,4.5,6.8,7.2,5.1
2460,7.5,6.8,4.2,6.5,5.1,4.5,6.8,2.5,7.2
2461,8.5,9.5,7.8,8.2,8.8,7.5,6.2,2.8,4.5
2462,8.0,2.5,1.8,4.2,2.0,1.5,2.1,1.8,1.2
2463,8.5,7.8,6.2,8.0,5.5,7.5,6.2,2.5,8.0
2464,9.5,9.8,8.5,9.2,8.0,8.5,9.2,4.1,8.8
2465,8.5,4.2,2.1,3.8,6.5,4.5,2.8,1.5,1.8
2466,9.5,8.8,6.2,8.5,7.0,8.5,7.2,4.1,6.8
2467,7.5,2.5,1.8,4.2,0.8,2.5,4.2,3.1,1.8
2468,9.5,8.2,6.8,8.5,7.1,7.5,8.2,4.1,6.8
2469,8.5,7.8,4.2,7.5,6.1,7.5,8.2,4.1,6.8
2470,8.5,9.5,8.8,9.2,8.0,8.5,9.2,4.8,7.1
2471,8.5,9.5,8.8,9.2,7.0,8.5,7.2,4.1,6.8
2472,7.5,8.2,4.1,6.5,9.0,8.5,7.2,2.5,6.8
2473,9.5,9.8,8.2,9.0,7.5,8.5,9.2,4.1,8.8
2474,7.5,8.8,6.2,8.5,7.8,7.5,8.2,4.1,6.8
2475,9.5,9.8,8.2,9.0,7.5,8.5,9.2,4.1,8.8
2476,9.5,8.0,6.5,8.5,7.0,8.5,6.2,2.8,7.1
2477,8.5,4.2,2.1,6.8,3.5,2.5,1.8,1.2,1.5
2478,7.5,4.2,2.1,6.5,3.8,2.5,1.8,1.2,1.5
2479,8.5,9.5,8.8,9.2,6.5,8.5,9.2,4.1,7.8
2480,9.5,9.8,8.2,9.0,7.5,8.5,9.2,4.1,8.8
2481,8.5,9.5,9.0,8.8,7.2,7.5,8.2,4.1,6.8
2482,8.5,6.8,4.2,7.9,3.1,4.5,2.8,1.5,6.8
2483,8.5,9.5,8.8,9.2,9.0,8.5,7.2,4.1,6.8
2484,8.5,9.8,9.2,9.5,7.8,8.5,9.2,4.1,8.8
2485,8.5,9.8,7.2,8.0,9.5,8.5,9.2,4.1,6.8
2486,9.5,9.8,9.2,9.5,7.8,8.5,9.2,4.1,7.8
2487,8.5,9.5,7.8,9.0,6.2,7.5,8.2,4.1,6.8
2488,7.5,8.8,4.2,6.5,5.1,4.5,7.2,2.8,6.5
2489,8.5,9.5,7.8,8.2,6.5,7.5,8.2,4.1,6.8
2490,6.5,8.2,2.8,4.5,7.1,4.5,6.8,2.5,5.8
2491,7.5,4.2,2.1,6.5,3.8,2.5,1.8,1.2,1.0
2492,8.5,9.5,8.8,9.2,7.5,8.5,7.2,4.1,8.8
2493,7.5,8.2,6.8,7.1,8.5,7.5,6.2,4.1,8.0
2494,8.5,8.0,6.5,8.2,7.0,7.5,8.2,4.1,6.8
2495,8.5,9.5,8.0,9.0,6.5,8.5,9.2,4.1,7.8
2496,7.5,8.8,8.2,9.0,6.5,8.5,7.2,4.1,8.8
2497,9.5,9.8,8.2,9.0,8.5,8.5,9.2,4.1,7.8
2498,8.5,9.8,9.2,9.5,7.8,8.5,9.2,4.1,8.8
2499,8.5,6.0,4.0,4.5,3.0,4.5,6.8,3.2,5.8
2500,8.5,9.5,8.8,9.2,7.0,8.5,9.2,2.8,8.0
2501,8.5,7.8,6.2,8.0,8.8,8.5,7.2,4.1,6.8
2502,8.5,7.8,4.2,6.5,5.1,7.5,8.2,4.1,6.8
2503,8.5,9.5,8.8,9.2,6.5,8.5,7.2,4.8,8.0
2504,8.5,9.5,8.0,9.0,6.5,4.5,7.2,2.8,6.1
2505,7.5,6.8,4.2,6.5,8.1,4.5,2.8,1.5,1.8
2506,7.5,6.8,4.2,6.5,5.1,4.5,6.8,2.5,5.8
2507,8.5,9.5,8.0,9.0,7.5,8.5,9.2,4.1,8.8
2508,8.5,6.8,4.2,7.1,5.9,4.5,7.2,6.8,5.1
2509,4.5,7.8,6.5,7.2,5.1,2.5,4.2,6.8,5.5
2510,8.5,4.2,2.1,6.8,3.5,4.5,2.8,1.5,3.5
2511,0.0,2.5,1.8,2.2,3.5,4.5,6.8,3.2,1.8
2512,7.5,9.5,8.2,8.8,6.1,7.5,8.2,2.5,6.8
2513,8.5,9.5,7.8,8.2,6.5,4.5,6.8,7.2,5.1
2514,4.5,8.5,8.0,7.5,6.0,7.5,8.2,4.1,6.8
2515,8.5,9.5,7.8,8.2,6.1,4.5,6.8,2.1,5.9
2516,9.5,9.8,8.2,9.5,8.0,8.5,7.2,4.1,6.8
2517,7.5,8.2,4.8,6.5,3.1,4.5,2.8,3.2,1.8
2518,8.5,9.5,7.8,8.2,9.0,8.5,7.2,4.1,6.8
2519,8.5,9.5,7.8,8.2,6.5,4.5,7.2,2.8,8.5
2520,9.5,9.8,8.2,8.5,7.8,8.5,7.2,4.1,6.8
2521,8.5,9.5,7.8,8.2,6.5,4.5,7.2,2.8,1.5
2522,8.5,9.5,8.0,9.0,7.0,8.5,7.2,4.1,6.8
2523,8.5,9.5,8.8,9.2,7.0,7.5,8.2,4.1,6.8
2524,8.5,9.5,7.8,8.2,6.1,8.5,7.2,4.1,6.8
2525,8.5,9.8,8.2,9.5,8.8,8.5,9.2,6.8,8.0
2526,8.5,9.5,8.8,9.2,7.0,8.5,7.2,4.1,6.8
2527,8.5,6.8,4.2,7.1,3.5,2.5,2.8,1.5,1.2
2528,7.5,4.2,2.1,4.8,3.5,4.5,2.8,2.5,3.8
2529,8.5,9.8,9.2,9.5,8.8,9.5,8.8,4.2,8.5
2530,7.5,4.2,2.1,6.8,3.5,2.5,4.2,1.8,3.5
2531,8.5,8.0,6.5,7.8,7.2,7.5,8.2,4.1,8.8
2532,,,,,,8.5,9.2,4.1,8.8
2533,9.5,9.8,8.2,9.0,7.5,8.5,7.2,4.1,6.8
2534,8.5,9.8,9.5,9.2,8.0,8.5,7.2,6.8,8.0
2535,8.5,9.0,6.8,7.2,8.0,4.5,6.8,7.2,5.8
2536,8.5,6.8,4.2,7.1,3.5,2.5,1.8,1.2,1.5
2537,8.5,9.5,8.8,9.2,8.0,8.5,9.2,4.1,7.8
2538,8.5,6.8,4.2,7.1,3.5,4.5,2.8,1.5,1.8
2539,8.5,9.5,8.0,9.0,7.0,7.5,8.2,4.1,6.8
2540,8.5,9.5,8.0,9.0,8.8,7.5,6.2,4.1,5.8
2541,8.5,6.8,4.2,7.1,5.9,4.5,6.8,3.2,5.1
2542,4.5,2.8,2.1,6.5,1.8,2.5,1.8,1.2,1.5
2543,8.5,7.2,6.1,7.8,4.3,7.5,6.2,4.8,5.5
2544,8.5,9.5,8.0,9.0,7.5,8.5,7.2,4.1,6.8
2545,9.5,9.8,8.2,9.0,8.5,8.5,7.2,4.8,6.8
2546,8.5,9.5,8.0,9.0,6.5,7.5,8.2,4.1,6.8
2547,8.5,7.8,4.2,6.5,3.1,4.5,2.8,2.5,6.8
2548,8.5,9.5,8.0,9.0,7.5,8.5,9.2,6.8,7.1
2549,1.5,4.2,2.1,3.5,2.8,2.5,4.2,1.8,1.0
2550,8.5,6.8,4.2,7.1,5.5,4.5,7.2,2.8,6.5
2551,8.5,9.0,7.8,8.2,8.0,4.5,6.8,2.1,3.9
2552,7.5,8.2,6.8,7.1,5.9,4.5,4.2,2.8,3.5
2553,8.5,4.2,2.1,6.5,3.8,4.5,2.8,2.5,1.8
2554,8.5,8.0,7.2,8.8,6.5,7.5,8.2,4.1,6.8
2555,8.5,9.8,8.2,9.0,9.5,9.5,8.2,4.1,7.8
2556,8.5,9.5,8.0,7.8,6.2,8.5,7.2,4.1,6.8
2557,8.5,8.0,7.2,6.5,4.8,4.5,6.8,3.2,5.1
2558,7.5,4.2,2.1,3.8,2.5,2.5,2.1,1.8,1.2
2559,,,,,,9.5,8.8,4.2,8.5
2560,4.5,2.8,1.9,3.2,2.1,2.5,4.2,1.8,1.5
2561,8.5,7.8,6.2,8.0,4.5,7.5,4.2,4.8,6.8
2562,8.5,9.5,8.0,9.0,7.5,7.5,8.2,4.5,6.8
2563,8.5,7.2,4.8,6.5,3.1,4.5,6.8,2.5,5.8
2564,8.5,9.5,8.0,9.0,8.8,4.5,2.8,3.2,1.5
2565,8.5,9.0,6.8,7.2,8.0,4.5,7.2,2.8,3.5
2566,8.5,9.5,7.8,8.2,6.5,7.5,8.2,2.5,6.8
2567,9.5,9.8,8.2,9.9,8.5,8.5,9.2,2.5,8.8
2568,8.5,4.2,2.1,7.8,6.5,4.5,2.8,3.2,1.8
2569,8.5,9.5,7.8,8.2,6.1,7.5,6.2,4.1,8.1
2570,8.5,9.5,7.8,8.2,6.1,7.5,6.2,4.1,8.1
2571,9.5,9.8,9.2,9.9,8.5,9.5,8.8,4.2,8.5
2572,8.5,6.8,4.2,7.1,3.5,2.5,1.8,1.2,4.1
2573,7.5,4.2,2.1,3.8,5.5,4.5,7.2,2.8,5.1
2574,8.5,6.8,4.2,7.1,3.5,2.5,1.8,1.2,1.0
2575,7.5,8.8,6.2,7.0,8.5,7.5,8.2,4.1,6.8
2576,8.5,9.5,8.0,9.8,7.2,8.5,9.2,6.8,8.0
2577,6.5,2.8,1.5,4.2,2.1,2.5,2.8,1.5,1.8
2578,7.5,8.2,4.8,6.5,5.1,4.5,6.8,2.1,5.9
2579,8.5,7.8,6.2,8.8,5.5,7.5,8.2,4.1,6.8
2580,8.5,9.8,8.2,9.5,7.8,8.5,9.2,4.1,8.8
2581,8.5,9.5,8.8,9.2,6.5,7.5,8.2,4.1,6.8
2582,8.5,9.5,7.8,9.0,6.2,4.5,6.8,2.5,7.2
2583,7.5,6.8,4.2,6.5,5.1,4.5,6.8,3.2,5.1
2584,9.5,8.8,6.2,9.0,4.5,4.5,6.8,3.2,1.8
2585,8.5,9.5,8.0,9.0,8.8,4.5,2.8,3.2,1.5
2586,8.5,9.5,7.8,8.2,8.8,7.5,8.2,4.1,6.8
2587,7.5,4.2,2.8,6.5,3.1,2.5,1.8,1.2,1.0
2588,8.5,6.8,4.2,7.1,3.5,4.5,2.8,3.2,1.5
2589,8.5,7.8,4.2,6.5,5.1,4.5,2.8,1.5,3.2
2590,8.5,9.5,8.0,9.0,8.8,8.5,7.2,4.1,6.8
2591,9.5,9.8,8.2,9.0,9.9,8.5,9.2,6.8,7.1
2592,9.5,9.8,8.5,9.9,7.2,9.5,9.8,8.2,9.0
2593,4.5,6.8,2.1,3.9,7.5,4.5,6.8,2.1,5.9
2594,4.5,6.8,2.1,3.9,7.5,4.5,6.8,2.1,5.9
2595,7.5,4.2,2.8,6.1,3.5,2.5,1.8,1.2,1.0
2596,4.5,6.8,4.2,6.5,3.1,2.5,2.1,1.8,1.2
2597,8.5,9.5,7.8,9.2,8.8,8.5,9.2,4.1,7.8
2598,8.5,6.8,4.2,7.1,8.0,7.5,4.2,2.8,4.5
2599,8.5,6.8,4.2,7.1,5.9,7.5,8.2,4.1,6.8
2600,7.5,2.8,1.5,4.2,2.1,2.5,4.2,3.8,1.8
2601,8.5,6.8,4.2,7.1,5.9,7.5,6.2,2.8,4.5
2602,8.5,9.5,8.0,9.0,6.5,8.5,7.2,4.1,6.8
2603,4.5,8.2,2.8,6.1,7.5,4.5,6.8,2.5,1.8
2604,9.5,9.8,8.5,9.2,8.0,8.5,9.2,6.8,8.0
2605,7.5,8.8,6.2,8.5,9.0,7.5,8.2,4.1,6.8
2606,8.5,9.5,7.8,9.0,6.5,7.5,8.2,4.1,6.8
2607,8.5,7.8,6.2,8.1,7.5,4.5,7.2,2.8,5.8
2608,8.5,6.8,4.2,7.1,8.0,4.5,2.1,1.8,3.9
2609,7.5,4.2,2.1,6.8,6.5,7.5,6.2,2.8,4.5
2610,7.5,2.1,1.8,3.2,2.5,2.5,4.2,1.8,1.5
2611,7.5,8.2,4.8,6.5,5.1,4.5,6.8,2.5,5.8
2612,8.5,8.8,7.2,8.0,6.5,7.5,6.2,4.1,5.8
2613,9.5,8.0,6.5,8.5,7.0,4.5,2.8,1.5,6.8
2614,7.5,8.2,4.8,6.5,6.0,4.5,2.8,2.5,6.8
2615,8.5,7.2,4.8,6.5,6.0,7.5,4.2,2.5,6.8
2616,8.5,9.5,6.8,8.2,7.1,2.5,4.2,1.8,1.0
2617,9.5,8.8,6.5,8.2,9.0,8.5,7.2,4.1,6.8
2618,9.5,8.2,6.8,8.5,4.1,4.5,6.8,2.5,5.8
2619,9.5,9.8,8.2,9.0,8.5,8.5,9.2,4.1,8.8
2620,8.5,6.8,4.2,7.1,5.5,4.5,2.8,1.5,3.2
2621,7.5,6.8,4.2,6.5,5.1,4.5,6.8,2.5,5.8
2622,8.5,9.5,8.0,9.0,7.5,8.5,7.2,4.8,6.8
2623,6.5,2.1,1.8,4.2,0.5,1.5,2.1,1.8,1.2
2624,10.0,9.5,8.5,9.0,7.0,8.5,7.2,4.8,8.0
2625,9.5,9.8,6.5,8.2,7.1,4.5,7.2,2.8,6.8
2626,8.5,7.8,6.2,7.5,4.1,4.5,2.8,2.5,1.8
2627,8.5,9.0,8.0,8.2,6.5,4.5,2.8,2.5,1.8
2628,9.5,8.8,6.5,8.2,7.0,7.5,8.2,4.1,6.8
2629,0.0,8.5,7.2,6.8,4.1,4.5,6.8,3.2,5.1
2630,2.5,4.8,2.2,3.1,1.5,2.5,1.8,1.2,1.0
2631,8.5,9.5,7.8,8.2,9.0,8.5,8.2,4.1,6.8
2632,8.5,8.0,4.2,7.1,9.5,4.5,6.8,3.2,7.1
2633,7.5,8.2,4.8,6.5,8.5,4.5,6.8,2.5,5.8
2634,8.5,9.5,6.8,8.2,9.0,8.5,7.2,6.8,4.1
2635,4.5,8.2,6.8,7.5,9.0,8.5,7.2,4.1,6.8
2636,7.5,6.8,4.2,6.5,8.1,4.5,2.8,1.5,1.8
2637,8.5,4.2,2.1,6.8,3.5,4.5,6.8,2.5,5.8
2638,9.5,8.2,6.8,8.5,7.1,8.5,7.2,4.1,6.8
2639,8.5,7.8,4.2,6.5,5.1,4.5,6.8,3.2,1.8
2640,4.5,8.2,6.8,7.5,5.1,4.5,6.8,2.1,7.9
2641,7.5,4.2,2.1,6.5,3.8,4.5,2.1,1.8,3.5
2642,7.5,6.8,4.2,6.5,5.1,4.5,2.8,3.2,1.8
2643,7.5,4.2,2.8,6.1,3.5,4.5,6.8,3.2,5.1
2644,8.5,7.8,6.2,8.8,7.1,4.5,2.8,3.2,1.8
2645,7.5,4.2,2.1,6.5,3.8,4.5,2.8,3.2,1.8
2646,8.5,6.8,4.2,7.1,5.9,4.5,7.2,2.8,5.8
2647,7.5,4.2,2.8,6.5,1.8,4.5,2.8,1.5,1.8
2648,7.5,8.2,6.8,7.1,8.5,7.5,4.2,4.8,3.5
2649,8.5,9.0,6.8,7.2,8.0,4.5,6.8,3.2,5.1
2650,7.5,6.8,4.2,6.5,5.1,4.5,2.8,2.5,1.8
2651,8.5,6.8,4.2,7.1,3.5,8.5,7.2,4.1,6.8
2652,7.5,8.8,6.5,8.2,7.0,4.5,2.8,3.2,6.8
2653,8.5,9.5,7.8,9.2,6.5,8.5,9.2,4.1,7.8
2654,8.5,6.8,2.1,7.3,8.0,8.5,7.2,2.5,6.8
2655,9.5,9.0,7.5,8.8,6.0,8.5,7.2,4.1,6.8
2656,7.5,9.5,8.2,8.8,6.8,7.5,8.2,4.1,6.8
2657,9.5,9.8,8.2,9.9,8.5,8.5,9.2,6.8,8.0
2658,9.5,8.8,7.2,9.0,6.5,8.5,7.2,4.1,6.8
2659,9.5,9.8,8.2,9.0,8.5,8.5,7.2,2.8,6.8
2660,8.5,9.5,7.8,8.2,6.5,8.5,7.2,4.1,6.8
2661,9.5,9.8,8.5,9.2,7.8,8.5,9.2,2.1,8.8
2662,9.5,9.8,9.2,9.5,8.5,9.5,9.0,7.8,8.5
2663,9.5,8.8,7.2,9.0,6.5,8.5,7.2,4.1,6.8
2664,8.5,4.2,2.1,3.5,6.8,2.5,1.8,1.2,1.5
2665,8.5,8.0,6.5,8.8,7.2,8.5,7.2,4.1,6.8
2666,8.5,9.5,6.8,8.2,7.1,4.5,6.8,2.5,3.8
2667,8.5,7.2,4.8,6.5,6.8,4.5,6.8,2.1,5.9
2668,8.5,9.8,8.2,9.5,6.8,8.5,9.2,6.8,8.0
2669,4.5,6.8,2.1,3.9,7.5,4.5,6.8,2.5,5.8
2670,8.5,7.8,6.5,7.2,4.8,4.5,2.8,1.5,1.8
2671,8.5,7.8,6.2,8.0,7.5,7.5,6.2,4.1,5.8
2672,2.5,9.5,8.2,9.0,9.8,8.5,7.2,4.1,6.8
2673,8.5,9.5,7.8,8.2,6.5,8.5,9.2,4.1,7.8
2674,8.5,9.5,7.8,8.2,6.5,7.5,8.2,4.1,6.8
2675,4.5,8.2,2.8,6.1,3.9,2.5,1.8,1.2,0.5
2676,6.5,9.5,8.2,8.8,9.0,8.5,9.2,4.1,7.8
2677,7.5,8.2,6.8,7.0,4.5,4.5,2.8,3.2,1.8
2678,8.5,7.2,4.8,6.5,5.1,4.5,7.2,2.8,6.1
2679,8.5,9.8,7.2,8.1,9.0,7.5,8.2,4.1,6.8
2680,0.0,8.5,2.5,4.2,9.0,4.5,7.2,2.8,6.5
2681,8.5,7.8,6.2,8.0,7.5,4.5,2.8,2.5,3.8
2682,6.5,4.2,2.1,4.8,2.5,2.5,4.2,1.8,1.5
2683,8.5,6.8,4.2,7.1,5.5,4.5,6.8,3.2,5.1
2684,8.5,9.5,8.0,9.0,8.8,7.5,8.2,4.1,6.8
2685,8.5,9.5,8.8,9.2,7.0,8.5,9.2,2.8,8.0
2686,8.5,9.5,7.8,8.2,6.5,8.5,9.2,6.8,7.1
2687,7.5,4.2,2.1,3.8,5.5,4.5,5.8,2.5,6.8
2688,8.5,9.5,8.0,9.0,7.5,8.5,7.2,4.1,8.8
2689,1.5,4.2,6.8,7.5,3.1,2.5,4.2,1.8,1.5
2690,8.5,9.5,7.8,8.2,6.5,7.5,8.2,4.1,6.8
2691,4.5,6.8,2.1,4.2,3.5,4.5,6.8,2.5,3.8
2692,8.5,9.5,8.0,9.0,6.5,8.5,7.2,4.1,6.8
2693,8.5,9.5,7.8,9.2,8.0,4.5,6.8,3.2,7.1
2694,8.5,9.5,7.8,8.2,6.5,8.5,9.2,4.1,7.8
2695,8.5,7.8,4.2,6.5,5.1,4.5,7.2,6.8,8.1
2696,7.5,8.2,4.1,6.5,2.8,2.5,4.2,3.8,1.8
2697,8.5,6.8,4.2,7.1,8.0,7.5,4.2,2.8,4.5
2698,8.5,9.5,8.0,9.0,6.5,7.5,6.2,4.1,8.1
2699,,,,,,9.5,8.8,6.5,8.2
2700,9.5,9.8,7.2,8.5,8.0,8.5,8.2,4.1,6.8
2701,8.5,9.5,9.0,8.8,6.0,7.5,8.2,4.1,6.8
2702,4.5,6.8,5.2,4.1,3.9,1.5,2.1,1.8,1.2
2703,4.5,2.8,2.1,4.2,1.5,2.5,2.0,1.8,4.2
2704,7.5,8.2,4.8,6.5,6.8,4.5,7.2,2.8,6.8
2705,8.5,7.2,4.8,7.5,3.1,4.5,2.8,1.5,6.8
2706,8.5,6.8,4.2,7.1,3.5,2.5,4.2,1.8,1.0
2707,2.5,0.5,0.8,1.2,0.8,0.5,1.2,1.8,1.0
2708,6.0,4.5,2.5,4.0,3.5,2.5,2.8,1.5,1.8
2709,4.5,2.8,1.5,3.2,0.8,2.5,2.8,1.5,1.2
2710,8.5,9.0,6.8,8.2,7.5,7.5,6.2,2.8,4.5
2711,8.5,4.2,2.1,6.8,1.5,1.5,2.1,1.8,1.2
2712,7.5,8.8,6.2,8.5,9.0,7.5,6.2,4.1,5.8
2713,7.5,8.8,6.2,7.9,8.1,7.5,8.2,4.1,6.8
2714,8.5,4.2,2.1,3.5,1.8,2.5,1.8,4.2,1.0
2715,4.5,2.8,1.5,3.2,6.8,4.2,2.5,1.8,3.1
2716,8.5,9.8,8.2,9.5,9.0,8.5,9.2,4.1,8.8
2717,8.5,9.8,9.2,9.5,8.0,8.5,8.2,6.8,7.1
2718,8.5,6.8,4.2,7.1,5.5,4.5,2.8,1.5,3.2
2719,8.5,7.8,6.2,8.0,4.5,4.5,2.8,3.2,1.8
2720,10.0,9.8,9.5,9.8,8.5,9.5,8.8,4.2,8.5
2721,8.5,6.8,4.2,7.1,5.9,4.5,6.8,2.5,5.8
2722,8.5,9.5,7.8,8.2,6.5,4.5,7.2,2.8,6.5
2723,2.5,1.8,1.2,2.1,1.5,0.5,1.2,1.8,0.8
2724,8.5,6.8,4.2,7.1,9.0,7.5,4.2,2.8,4.5
2725,8.5,4.2,2.1,6.8,3.5,4.5,2.5,2.8,3.5
2726,8.5,9.5,7.8,9.0,6.5,8.5,7.2,4.8,6.8
2727,7.5,4.2,2.1,6.5,3.8,4.5,6.8,2.5,1.8
2728,8.5,7.8,6.2,8.1,5.9,7.5,8.2,4.1,6.8
2729,0.0,8.5,6.8,7.2,4.5,4.5,6.8,2.1,1.9
2730,6.5,4.2,2.1,3.8,7.5,4.5,2.8,1.5,3.2
2731,8.5,9.5,8.0,7.5,6.0,7.5,8.2,4.1,6.8
2732,9.5,8.2,6.8,8.5,7.1,8.5,7.2,4.8,6.8
2733,8.5,7.2,6.1,8.8,5.9,4.5,6.8,2.5,7.2
2734,8.5,9.5,7.8,8.2,9.0,7.5,8.2,4.1,6.8
2735,8.5,7.8,6.2,8.1,5.9,7.5,8.2,4.1,6.8
2736,8.5,6.8,4.2,7.1,5.5,4.5,6.8,2.5,5.8
2737,8.5,9.5,7.8,8.2,6.5,7.5,8.2,4.1,6.8
2738,8.5,7.8,4.2,6.5,5.1,4.5,8.2,3.1,6.8
2739,8.5,7.8,6.2,8.0,4.5,7.5,8.2,4.1,6.8
2740,7.5,6.8,4.2,6.5,5.1,4.5,6.8,2.5,5.8
2741,8.5,9.5,7.8,9.0,8.2,8.5,7.2,4.8,6.8
2742,8.5,7.8,6.2,8.0,7.5,7.5,6.2,4.1,5.8
2743,8.5,9.0,6.8,8.2,4.5,4.5,6.8,2.5,7.2
2744,7.5,8.2,6.8,8.5,7.0,4.5,6.8,3.2,5.8
2745,4.5,6.8,5.2,7.1,2.9,2.5,4.2,1.8,3.5
2746,8.5,9.5,8.2,9.0,7.8,7.5,8.2,4.1,6.8
2747,8.5,9.5,7.8,8.2,6.5,8.5,7.2,4.1,6.8
2748,4.5,6.8,5.2,7.1,3.9,4.5,2.8,1.5,1.8
2749,7.5,8.2,4.1,6.5,8.8,4.5,6.8,2.5,5.8
2750,8.5,9.5,7.8,9.0,8.0,7.5,8.2,4.1,6.8
2751,7.5,8.2,4.8,6.5,5.1,7.5,8.2,4.1,6.8
2752,9.5,8.8,7.2,8.5,6.8,8.5,7.2,2.5,6.8
2753,6.5,8.5,7.8,8.2,6.8,7.5,8.2,4.1,6.8
2754,7.5,8.2,6.8,8.5,4.1,4.5,8.2,6.8,1.5
2755,8.5,8.0,6.5,7.0,4.5,4.5,2.8,2.5,1.8
2756,8.5,6.8,4.2,7.9,3.1,4.5,2.8,1.5,1.8
2757,4.5,8.2,6.8,7.1,5.9,4.5,6.8,2.5,5.8
2758,8.5,9.8,8.2,9.5,9.0,8.5,9.2,6.8,7.1
2759,7.5,6.8,2.1,4.2,8.5,7.5,6.2,2.8,4.5
2760,8.5,9.5,8.8,9.2,6.5,7.5,8.2,4.1,6.8
2761,8.5,7.8,6.2,8.0,7.5,7.5,8.2,4.1,6.8
2762,8.5,9.5,6.8,8.2,9.8,8.5,9.2,4.1,7.8
2763,7.5,4.2,2.1,6.8,3.5,2.5,1.8,1.2,1.5
2764,7.5,8.8,6.2,8.5,9.0,7.5,6.2,4.1,5.8
2765,8.5,7.2,4.8,8.0,5.1,4.5,2.8,3.2,6.8
2766,8.5,9.5,7.8,8.2,6.5,4.5,2.8,1.5,1.8
2767,9.5,9.8,8.2,9.0,7.5,8.5,7.2,2.8,6.8
2768,8.5,4.2,2.1,6.8,6.5,4.2,2.5,2.8,1.8
2769,8.5,9.5,7.8,8.2,9.0,8.5,7.2,4.1,6.8
2770,6.5,8.5,4.2,7.8,9.0,4.5,8.2,2.8,6.8
2771,7.5,8.2,4.8,6.5,5.1,4.5,6.8,3.2,1.8
2772,8.5,6.8,4.2,7.1,3.5,4.5,2.8,3.2,1.8
2773,9.5,9.8,8.2,9.0,8.5,8.5,9.2,4.1,8.8
2774,7.5,4.2,2.1,3.8,2.5,4.5,2.8,1.5,3.5
2775,8.5,9.0,8.0,8.2,6.5,7.5,8.2,4.1,6.8
2776,8.5,6.8,4.2,7.1,7.5,4.5,6.8,3.2,5.1
2777,9.5,9.8,8.2,9.9,8.5,8.5,9.2,6.8,7.1
2778,8.5,4.2,2.1,6.8,1.5,2.5,4.2,1.8,1.5
2779,8.5,9.5,7.8,8.2,6.5,4.5,6.8,2.5,5.8
2780,8.5,7.2,4.8,6.5,6.0,7.5,6.2,4.1,5.8
2781,8.5,7.8,6.2,8.0,7.5,4.5,2.8,3.2,1.8
2782,7.5,8.2,6.8,7.1,8.5,7.5,6.2,4.1,5.8
2783,7.5,8.2,4.8,6.5,3.1,4.5,6.8,2.5,3.8
2784,8.5,7.8,4.2,6.5,5.1,4.5,2.8,1.5,1.8
2785,7.5,4.2,2.8,6.1,3.5,2.5,4.2,3.1,1.8
2786,7.5,4.2,2.1,4.5,3.8,4.5,6.8,3.2,1.8
2787,8.5,9.5,8.0,9.0,7.0,8.5,7.2,4.1,6.8
2788,2.5,4.8,2.2,3.5,1.8,2.5,1.8,4.2,1.5
2789,8.5,6.8,4.2,7.1,7.5,2.5,1.8,1.2,1.5
2790,8.5,7.8,4.2,6.5,8.0,2.5,1.8,1.2,1.5
2791,9.5,8.8,7.2,9.0,6.5,7.5,8.2,4.1,6.8
2792,8.5,8.0,6.5,7.8,9.0,7.5,6.2,2.8,8.1
2793,8.5,9.5,7.8,8.2,6.5,7.5,8.2,4.1,6.8
2794,8.5,7.8,4.2,6.5,8.0,4.5,6.8,3.2,5.1
2795,9.5,9.8,9.2,9.9,8.5,8.5,9.2,7.8,8.8
2796,7.5,8.2,4.8,6.5,5.1,4.5,6.8,3.2,5.1
2797,7.5,8.2,6.8,7.0,8.5,7.5,6.2,2.8,5.5
2798,1.0,2.5,1.2,1.8,1.5,2.5,4.2,1.8,1.5
2799,9.5,8.8,7.2,9.0,6.5,8.5,9.2,4.1,7.8
2800,9.5,9.8,8.2,9.9,8.5,8.5,9.2,4.1,6.8
2801,8.5,9.5,7.8,8.2,6.5,8.5,7.2,4.1,6.8
2802,8.5,9.5,7.8,9.0,8.0,8.5,7.2,6.8,4.1
2803,9.5,9.8,8.5,9.9,9.2,9.5,9.0,6.5,8.5
2804,4.5,8.2,6.8,7.5,5.1,4.5,7.2,2.8,6.1
2805,7.5,8.2,4.8,6.5,6.8,4.5,2.8,1.5,3.2
2806,9.5,9.8,8.5,9.2,7.8,8.5,9.2,4.1,8.8
2807,7.5,6.8,4.2,6.5,5.1,4.5,6.8,3.2,5.8
2808,7.5,8.8,6.2,7.0,8.5,7.5,8.2,4.1,6.8
2809,8.5,7.2,4.8,8.0,2.5,4.5,6.8,2.5,5.8
2810,8.5,9.5,7.8,8.2,6.5,7.5,8.2,4.1,6.8
2811,8.5,7.8,4.2,6.5,5.1,4.5,6.8,2.5,1.8
2812,6.5,4.2,2.8,4.5,3.1,4.5,6.8,3.2,5.1
2813,8.5,6.8,4.2,7.1,7.5,4.5,2.8,2.5,6.8
2814,8.5,7.8,4.2,6.5,3.1,4.5,6.8,3.2,1.8
2815,7.5,8.8,8.2,7.8,6.5,7.5,6.2,4.1,5.8
2816,8.5,7.8,4.2,6.5,5.1,4.5,2.1,1.8,1.2
2817,8.5,9.5,7.8,8.2,9.0,7.5,6.2,2.8,4.5
2818,7.5,8.2,4.8,6.5,8.8,4.5,2.8,1.5,3.2
2819,7.5,4.2,2.8,6.5,3.1,4.5,2.8,2.5,3.8
2820,9.5,8.2,6.8,8.5,7.1,7.5,8.2,4.1,6.8
2821,8.5,9.5,8.8,9.2,7.1,8.5,9.2,4.1,7.8
2822,8.5,9.8,8.2,9.5,7.8,8.5,8.2,6.8,7.5
2823,8.5,9.5,7.8,9.2,6.5,8.5,7.2,4.1,6.8
2824,8.5,7.8,4.2,6.5,5.1,4.5,6.8,3.2,7.1
2825,8.5,8.0,6.5,7.8,7.2,7.5,8.2,4.1,6.8
2826,8.5,6.8,4.2,7.1,5.5,4.5,7.2,6.8,5.1
2827,8.5,6.8,4.2,7.1,5.5,4.5,2.8,1.5,1.8
2828,7.5,9.5,8.8,8.2,6.5,8.5,7.2,4.1,6.8
2829,8.5,7.2,4.8,6.5,3.1,4.5,2.9,1.8,6.1
2830,8.5,9.5,7.8,8.2,6.5,4.5,8.2,2.8,6.1
2831,8.5,7.2,6.1,8.8,5.5,4.5,2.8,1.5,3.2
2832,8.5,9.0,6.8,8.2,7.5,4.5,6.8,2.5,7.2
2833,7.5,8.2,6.8,7.1,5.9,7.5,6.2,4.1,5.8
2834,8.5,7.8,4.2,6.5,3.1,4.5,6.8,7.2,3.5
2835,9.5,9.8,8.5,9.2,8.0,8.5,9.2,4.1,8.8
2836,8.5,9.5,7.2,8.8,6.5,7.5,8.2,6.8,4.5
2837,7.5,8.2,6.8,7.1,5.9,4.5,2.8,1.5,3.2
2838,9.5,8.0,4.2,8.5,6.8,8.5,4.2,2.8,6.8
2839,8.5,9.8,9.5,9.2,6.8,8.5,9.2,2.1,8.8
2840,8.5,9.5,7.8,8.2,6.5,4.5,8.2,2.8,6.8
2841,8.5,7.8,6.2,7.5,8.0,8.5,7.2,4.1,6.8
2842,7.5,8.2,6.8,7.1,4.9,4.5,6.8,2.5,5.8
2843,7.5,8.2,6.8,7.9,6.5,7.5,8.2,4.1,6.8
2844,6.5,4.2,2.8,4.5,1.8,2.5,1.8,1.2,1.5
2845,8.5,9.5,7.8,9.0,6.2,7.5,8.2,4.1,6.8
2846,8.5,9.5,7.8,8.2,6.5,7.5,8.2,4.1,6.8
2847,9.5,8.2,7.8,8.5,6.8,8.5,6.2,4.1,7.8
2848,7.5,6.2,2.1,4.8,3.5,2.5,4.2,3.1,1.8
2849,7.5,4.2,2.1,6.5,3.8,2.5,4.2,1.8,3.5
2850,8.5,9.5,8.0,9.0,6.5,8.5,7.2,4.8,6.8
2851,8.5,6.8,4.2,7.9,3.1,4.5,2.1,3.9,1.8
2852,8.5,9.5,8.0,9.0,7.0,8.5,7.2,4.1,6.8
2853,9.5,9.8,8.2,9.0,7.5,8.5,7.2,4.1,8.8
2854,8.5,9.5,7.8,8.2,6.5,7.5,8.2,6.8,5.9
2855,8.5,7.8,4.2,6.5,5.1,4.5,6.8,2.5,5.8
2856,8.5,9.0,6.8,7.2,5.5,4.5,7.2,2.8,6.1
2857,8.5,9.5,8.8,9.2,7.5,8.5,7.2,4.1,6.8
2858,7.5,4.2,2.1,6.5,3.8,4.5,6.8,2.5,3.5
2859,4.0,2.5,1.8,3.2,2.0,4.5,6.8,3.2,5.1
2860,9.5,9.8,8.5,9.2,7.8,9.5,8.8,4.2,8.5
2861,8.5,9.5,7.8,9.0,6.2,7.5,8.2,4.1,6.8
2862,8.5,9.5,7.8,8.2,6.5,4.5,6.8,2.5,3.8
2863,6.5,4.2,2.1,4.8,3.5,1.5,2.1,1.8,1.2
2864,8.5,9.5,7.8,9.0,8.0,8.5,7.2,4.1,6.8
2865,7.5,6.8,4.2,6.5,7.8,7.5,4.2,4.8,3.5
2866,6.5,4.2,2.8,6.0,3.5,2.5,4.2,1.8,3.5
2867,7.5,6.8,4.2,6.5,5.1,4.5,6.8,2.5,3.8
2868,8.5,9.5,7.8,8.2,6.5,4.5,8.2,2.8,1.5
2869,8.5,7.2,4.8,6.5,3.1,4.5,6.8,2.5,7.2
2870,7.5,6.8,4.2,6.5,5.1,4.5,6.8,3.2,5.1
2871,5.5,8.5,6.2,7.8,7.1,7.5,6.2,4.1,5.8
2872,8.5,9.5,6.8,8.2,9.0,8.5,7.2,4.1,6.8
2873,8.5,9.5,7.8,8.2,4.1,4.5,6.8,2.5,5.8
2874,8.5,6.8,4.2,7.1,5.5,4.5,6.8,2.5,3.8
2875,8.5,9.5,7.8,9.0,8.2,8.5,7.2,4.1,6.8
2876,8.5,6.8,4.2,7.1,5.9,7.5,4.2,4.8,6.8
2877,9.5,8.8,7.2,9.0,6.5,8.5,9.2,4.1,8.8
2878,7.5,9.5,8.2,8.8,6.5,7.5,8.2,4.1,6.8
2879,8.5,6.8,4.2,7.1,3.5,4.5,6.8,3.2,5.1
2880,8.5,7.8,6.2,7.5,4.8,4.5,2.8,3.2,1.8
2881,0.5,2.1,1.8,2.5,1.1,2.5,1.8,1.2,0.5
2882,8.5,9.5,8.0,9.0,7.0,8.5,7.2,2.5,6.8
2883,8.5,9.5,7.8,8.2,6.1,4.5,7.2,2.8,6.1
2884,8.5,9.5,7.8,9.0,6.2,8.5,7.2,4.1,6.8
2885,8.5,6.8,4.2,7.1,5.5,4.5,6.8,2.5,7.2
2886,8.5,9.5,8.0,9.0,7.5,7.5,8.2,6.8,8.5
2887,4.5,8.2,6.8,7.5,5.1,4.5,6.8,2.5,5.8
2888,7.5,6.8,4.2,6.5,5.1,1.5,2.1,8.5,1.8
2889,8.5,9.5,7.8,9.2,8.0,7.5,8.2,4.8,6.1
2890,6.5,8.8,7.2,8.5,9.0,7.5,6.2,4.1,8.1
2891,8.5,9.5,7.8,8.2,9.0,7.5,8.2,4.1,6.8
2892,7.5,6.8,2.5,4.2,8.1,7.5,4.2,2.8,4.5
2893,8.5,9.5,7.8,8.2,6.5,7.5,8.2,4.1,6.8
2894,8.5,7.8,6.1,7.2,8.1,7.5,6.2,4.8,4.5
2895,9.5,9.8,8.5,9.9,7.2,8.5,9.2,4.1,8.8
2896,8.5,9.5,7.8,8.2,6.1,7.5,8.2,4.1,6.8
2897,8.5,6.8,4.2,7.9,6.5,4.5,2.8,1.5,1.8
2898,9.5,9.8,8.2,9.9,7.5,8.5,7.2,4.1,6.8
2899,8.5,8.0,6.5,7.8,5.2,7.5,8.2,4.1,6.8
2900,9.5,9.8,7.2,8.5,8.0,7.5,8.2,4.1,6.8
2901,4.5,8.0,2.5,3.8,7.2,4.5,6.8,2.5,3.8
2902,7.5,9.5,8.2,9.0,9.0,8.5,7.2,4.1,6.8
2903,8.5,9.5,8.2,9.0,6.8,7.5,8.2,6.8,8.5
2904,8.5,6.8,4.2,7.9,3.1,4.5,6.8,7.2,5.8
2905,8.5,6.8,4.2,7.1,5.5,4.5,6.8,2.5,5.8
2907,8.5,6.8,4.2,7.1,5.9,4.5,2.8,2.5,1.8
2908,4.5,8.0,6.5,7.2,8.8,4.5,2.1,1.8,1.2
2909,8.5,7.8,6.2,8.0,7.5,8.5,7.2,4.1,6.8
2910,8.5,9.5,7.8,8.2,6.5,7.5,8.2,4.1,6.8
2911,9.5,9.8,8.5,9.2,7.8,8.5,9.2,4.1,7.8
2912,9.5,9.8,8.2,9.0,7.5,8.5,9.2,4.1,7.8
2913,0.0,9.5,8.2,8.5,6.8,7.5,8.2,4.1,6.8
2914,8.5,9.5,8.8,9.2,7.0,8.5,7.2,4.1,8.0
2915,8.5,9.5,8.8,9.2,7.0,8.5,8.2,4.1,7.8
2916,8.5,9.5,7.8,8.2,9.8,4.5,6.8,2.5,5.8
2917,8.5,6.8,4.2,7.9,5.1,4.5,7.2,2.8,6.5
2918,8.5,8.8,6.5,8.2,7.8,7.5,6.2,2.8,5.5
2919,8.5,7.8,4.2,6.5,5.1,4.5,6.8,2.5,7.2
2920,6.5,7.8,4.2,6.8,3.5,4.5,2.8,1.5,1.8
2921,9.5,9.8,8.2,9.0,8.5,8.5,7.2,4.1,6.8
2922,9.5,8.8,7.2,8.5,6.8,7.5,6.2,2.8,5.5
2923,8.5,8.0,6.5,7.8,5.2,7.5,8.2,4.1,6.8
2924,8.5,9.5,8.0,9.0,7.0,7.5,8.2,4.1,6.8
2925,8.5,8.0,6.5,8.8,7.2,7.5,6.2,2.8,5.5
2926,8.5,6.8,2.1,7.3,8.2,7.5,4.2,2.8,3.5
2927,8.5,9.5,8.2,9.0,7.8,7.5,8.2,4.1,6.8
2928,8.5,9.8,9.5,9.2,8.0,9.5,8.8,4.2,8.5
2929,8.5,9.5,8.8,9.2,4.1,7.5,8.2,4.1,6.8
2930,8.5,9.8,9.2,9.5,7.8,8.5,9.2,4.1,8.8
2931,4.5,8.2,6.8,7.5,3.1,7.5,8.2,2.5,6.8
2932,4.5,7.8,6.2,7.5,8.1,4.5,2.8,4.2,3.5
2933,8.5,9.5,8.0,9.0,7.5,7.5,8.2,4.1,6.8
2934,9.5,9.8,8.2,9.0,7.5,8.5,9.2,4.1,6.8
2935,9.5,9.8,8.2,9.0,7.5,8.5,7.2,4.1,6.8
2936,8.5,9.8,8.2,9.5,7.8,8.5,9.2,4.1,8.8
2937,8.5,7.8,4.2,6.5,3.1,4.5,6.8,3.2,5.1
2938,8.5,9.8,9.2,9.5,8.8,8.5,9.2,6.8,8.0
2939,6.5,4.2,2.8,3.5,1.8,2.5,1.8,1.2,1.0
2940,8.5,9.0,7.8,8.2,9.5,4.5,2.1,1.8,1.5
2941,8.5,9.5,8.8,9.2,7.0,8.5,7.2,4.1,6.8
2942,0.0,9.5,6.8,7.2,8.1,4.5,8.2,2.8,6.5
2943,8.5,9.8,8.2,9.0,9.5,8.5,7.2,2.5,6.8
2944,8.5,9.5,7.8,8.2,6.1,7.5,8.2,4.1,6.8
2945,8.5,8.0,4.2,6.5,6.8,2.5,4.2,1.8,6.5
2946,8.5,9.5,7.8,8.2,6.5,7.5,8.2,4.1,6.8
2947,0.0,2.5,1.8,2.2,1.5,2.5,4.2,6.8,1.8
2948,8.5,9.5,7.8,8.2,6.5,7.5,8.2,4.1,6.8
2949,6.5,4.2,2.8,4.5,3.1,2.5,1.8,1.2,1.5
2950,9.5,9.8,8.2,9.9,7.5,8.5,9.2,4.1,8.8
2951,8.5,7.8,6.2,8.0,5.5,7.5,6.2,4.1,5.8
2952,8.5,9.5,8.8,9.2,7.5,8.5,7.2,4.8,6.8
2953,8.5,9.5,6.8,8.2,9.0,7.5,8.2,4.1,6.8
2954,9.5,9.8,8.2,9.9,8.5,8.5,7.2,4.1,6.8
2955,7.5,8.2,6.8,7.1,5.9,4.5,2.8,1.5,1.8
2956,4.5,2.8,2.1,3.5,6.8,2.5,1.8,1.2,1.5
2957,8.5,9.8,9.5,9.2,8.0,8.5,9.2,4.8,8.0
2958,9.5,9.8,8.2,9.0,8.5,8.5,9.2,4.1,7.8
2959,8.5,9.5,6.8,8.2,9.0,7.5,4.2,6.8,3.5
2960,8.5,9.5,7.2,8.8,6.5,8.5,7.2,4.1,6.8
2961,9.5,9.8,8.2,9.0,7.5,8.5,7.2,2.5,6.8
2962,7.5,8.2,4.8,6.5,8.0,4.5,2.8,1.5,3.2
2963,8.5,8.0,7.2,9.0,6.5,7.5,6.2,4.1,8.1
2964,4.5,8.2,6.8,7.5,9.0,8.5,9.2,4.1,6.8
2965,8.5,9.0,7.8,9.2,4.5,8.5,7.2,4.1,8.8
2966,8.5,7.8,4.2,6.5,8.0,7.5,6.2,2.8,5.5
2967,8.5,6.8,4.2,7.1,5.9,4.5,2.8,3.2,5.8
2968,8.5,9.5,7.8,8.2,6.5,4.5,6.8,2.5,5.8
2969,8.5,9.5,7.8,9.0,8.2,7.5,8.2,4.1,6.8
2970,8.5,9.5,7.8,8.2,9.0,7.5,8.2,4.1,6.8
2971,9.5,9.8,8.2,9.0,8.5,8.5,7.2,4.1,6.8
2972,7.5,8.8,6.5,8.2,9.0,8.5,7.2,6.8,8.0
2973,9.5,8.2,6.8,8.5,7.1,7.5,6.2,4.1,5.8
2974,8.5,7.8,6.2,8.0,5.5,4.5,6.8,3.2,7.1
2975,8.5,7.2,4.8,6.5,6.8,4.5,6.8,2.5,5.8
2976,4.5,2.8,1.5,3.2,2.1,1.5,2.1,1.8,1.2
2977,9.5,8.2,6.8,8.5,7.1,8.5,7.2,4.1,6.8
2978,8.5,9.5,7.8,9.0,8.2,8.5,9.2,6.8,7.1
2979,8.5,9.8,9.5,9.2,7.8,8.5,9.2,6.8,8.0
2980,8.5,6.8,2.1,4.2,3.5,4.5,6.8,2.5,1.8
2981,7.5,8.8,6.5,7.2,8.0,4.5,8.2,2.1,6.8
2982,8.5,8.0,7.2,8.8,4.5,7.5,6.2,4.1,5.8
2983,8.5,9.5,8.8,9.2,7.5,7.5,8.2,4.1,6.8
2984,8.5,6.8,4.2,7.9,5.1,2.5,1.8,1.2,1.5
2985,7.5,9.5,8.2,8.8,9.0,7.5,8.2,4.1,6.8
2986,7.5,8.2,4.8,6.5,9.0,7.5,6.2,4.8,8.1
2987,8.5,7.8,6.2,8.1,7.5,7.5,6.2,4.1,5.8
2988,4.5,8.2,6.8,7.5,9.0,7.5,6.2,4.1,8.1
2989,7.5,6.8,4.2,6.5,5.1,4.5,2.8,2.5,3.8
2990,8.5,9.5,8.0,9.0,7.5,7.5,8.2,4.1,6.8
2991,8.5,9.5,8.0,9.0,7.5,8.5,7.2,4.1,6.8
2992,7.5,4.2,2.1,3.8,6.5,4.5,2.1,1.8,3.9
2993,8.5,9.5,6.8,8.2,7.1,8.5,7.2,4.1,6.8
2994,9.5,9.8,8.5,9.2,7.8,8.5,9.2,4.1,8.8
2995,7.5,8.2,4.8,6.5,8.0,4.5,6.8,2.5,5.8
2996,7.5,6.8,4.2,6.5,7.8,4.5,6.8,2.5,5.8
2997,8.5,7.8,6.2,8.0,7.5,7.5,6.2,4.1,5.8
2998,9.5,8.8,6.5,8.2,7.0,8.5,9.2,4.1,1.8
2999,8.5,9.5,7.8,8.2,6.5,7.5,8.2,4.1,6.8
3000,7.5,6.8,4.2,6.5,8.1,7.5,6.2,2.8,4.5
3001,8.5,7.2,4.8,8.1,6.5,4.2,2.5,1.8,1.5
3002,8.5,7.8,4.2,6.5,5.1,7.5,8.2,4.1,6.8
3003,6.5,4.2,2.8,4.5,3.1,4.5,2.8,2.5,1.8
3004,8.5,9.0,7.2,8.8,6.5,4.5,6.8,2.5,5.8
3005,8.5,7.2,4.8,8.0,6.1,4.5,6.8,2.5,5.8
3006,8.5,4.2,2.8,6.5,3.1,4.5,2.8,2.5,1.8
3007,8.5,9.5,6.8,8.2,7.1,4.5,7.2,2.8,6.5
3008,8.5,6.8,4.2,7.9,5.1,7.5,6.2,4.1,5.8
3009,4.5,6.8,2.1,3.9,7.5,2.5,1.8,1.2,1.0
3010,4.5,6.8,2.1,4.2,7.5,2.5,1.8,1.2,1.0
3011,8.5,9.5,6.8,8.2,8.0,7.5,8.2,4.1,8.8
3012,8.5,7.8,4.2,6.5,3.1,4.5,7.2,2.8,5.1
3013,9.5,8.5,7.2,9.0,6.8,8.5,7.2,4.1,6.8
3014,0.0,6.5,2.8,4.2,5.1,2.5,4.2,1.8,1.5
3015,8.5,6.8,4.2,7.1,5.9,2.5,1.8,4.2,1.5
3016,8.5,9.5,7.8,9.0,6.5,7.5,8.2,4.1,6.8
3017,8.5,9.5,8.8,9.2,9.0,8.5,7.2,4.8,6.8
3018,8.5,7.8,4.2,7.5,6.1,7.5,4.2,4.8,3.5
3019,8.5,9.5,8.0,9.0,6.0,7.5,8.2,4.1,6.8
3020,8.5,9.0,7.2,8.0,6.5,4.5,6.8,2.5,7.2
3021,8.5,7.8,6.2,7.5,8.0,7.5,6.2,4.1,5.8
3022,7.5,8.2,6.8,7.1,8.5,4.5,6.8,3.2,1.8
3023,7.5,8.8,6.9,8.2,4.1,7.5,8.2,2.5,6.8
3024,8.5,6.8,4.2,7.5,3.1,4.5,6.8,2.5,5.8
3025,8.5,9.5,7.8,8.2,6.5,4.5,7.2,2.8,6.5
3026,8.5,6.8,4.2,7.1,5.5,2.5,4.2,1.8,1.5
3027,8.5,7.8,4.2,6.5,3.1,4.5,7.2,2.8,5.8
3028,8.5,9.5,7.8,9.2,6.1,7.5,8.2,4.1,6.8
3029,8.5,4.2,2.1,7.8,3.5,4.5,2.5,3.8,1.8
3030,8.5,9.0,7.8,8.2,6.5,7.5,6.2,2.8,8.1
3031,8.5,7.2,4.1,6.8,6.5,7.5,6.2,4.1,5.8
3032,2.5,4.8,2.2,4.1,3.5,2.5,4.2,6.8,3.5
3033,7.5,4.2,2.1,6.5,3.8,2.5,4.2,1.8,3.5
3034,2.5,4.8,2.2,4.5,6.8,2.5,4.2,1.8,3.5
3035,0.0,6.5,4.8,3.2,7.1,7.5,4.2,6.1,5.8
3036,7.5,9.5,8.2,9.0,8.8,8.5,7.2,4.1,8.8
3037,8.5,7.8,4.2,6.5,5.1,4.5,6.8,2.5,5.8
3038,9.5,8.2,6.8,9.0,7.5,8.5,7.2,4.1,6.8
3039,9.5,8.8,7.2,9.0,6.5,8.5,9.2,7.8,6.5
3040,7.5,8.2,6.8,8.5,4.1,4.5,7.2,2.8,6.1
3041,8.5,7.8,6.2,8.8,8.0,7.5,6.2,4.1,5.8
3042,9.5,9.8,8.5,9.2,7.8,8.5,9.2,4.8,8.0
3043,8.5,9.5,8.0,9.0,6.5,8.5,7.2,4.1,6.8
3044,8.0,9.5,6.8,7.2,9.0,7.5,6.2,4.1,4.8
3045,9.5,8.8,7.2,9.0,6.5,8.5,7.2,2.8,4.1
3046,8.5,9.5,7.8,8.2,6.5,8.5,9.2,6.8,8.0
3047,7.5,4.2,2.1,6.5,3.8,2.5,1.8,1.2,1.5
3048,8.5,4.2,2.1,6.8,3.5,2.5,4.2,6.8,1.8
3049,7.5,8.2,4.8,6.5,8.8,7.5,6.2,4.1,5.8
3050,8.5,7.8,6.2,7.5,8.0,7.5,6.2,4.1,5.8
3051,7.5,8.8,6.2,7.0,8.0,7.5,8.2,4.1,6.8
3052,8.5,9.5,6.8,8.2,7.1,7.5,8.2,4.1,6.8
3053,8.5,7.8,4.2,7.5,8.0,7.5,4.2,2.8,6.8
3054,8.0,4.5,2.0,6.5,3.0,2.5,4.2,3.1,1.8
3055,7.5,4.2,2.1,6.5,5.8,4.5,2.8,1.5,3.2
3056,8.5,7.8,6.2,8.0,5.5,7.5,8.2,4.1,6.8
3057,4.5,2.8,2.2,6.5,3.1,2.5,4.2,1.8,1.5
3058,8.5,9.5,8.8,9.2,9.0,8.5,9.2,6.8,8.0
3059,2.5,8.0,4.2,6.5,7.8,4.5,6.8,2.5,7.2
3060,9.5,8.8,7.2,9.0,6.5,7.5,8.2,4.1,6.8
3061,9.5,8.2,6.8,8.5,7.1,7.5,6.2,4.1,4.8
3062,8.5,9.5,7.8,8.2,6.5,8.5,7.2,4.1,6.8
3063,8.5,7.8,4.2,6.5,3.1,2.5,1.8,1.2,1.5
3064,8.5,6.8,4.2,7.1,5.9,4.5,6.8,3.2,5.1
3065,8.5,9.5,6.8,8.2,9.0,8.5,9.2,4.8,7.1
3066,8.5,7.8,6.2,8.1,5.9,7.5,8.2,6.8,6.5
3067,7.5,4.2,2.1,4.8,3.5,2.5,4.2,1.8,1.5
3068,7.5,6.8,4.2,6.5,3.1,4.5,2.8,3.2,1.8
3069,8.5,7.8,6.2,8.0,4.5,7.5,8.2,4.1,6.8
3070,7.5,8.2,4.8,6.5,8.8,4.5,6.8,2.5,5.8
3071,8.5,9.5,8.2,9.0,7.8,7.5,8.2,4.1,6.8
3072,8.5,7.2,4.8,6.5,5.1,4.5,6.8,2.5,7.2
3073,9.5,8.8,6.5,8.2,7.1,7.5,8.2,4.1,6.8
3074,8.5,9.5,8.8,9.2,7.0,8.5,7.2,4.8,8.0
3075,8.5,9.8,6.1,7.9,8.2,4.5,8.2,2.8,6.1
3076,8.5,6.8,4.2,7.5,5.1,8.5,7.2,4.1,6.8
3077,8.5,9.5,7.8,8.2,6.5,7.5,8.2,4.1,6.8
3078,8.5,4.2,2.1,6.5,7.8,4.5,6.8,2.5,1.8
3079,8.5,4.2,2.1,6.8,3.5,4.5,2.8,1.5,6.8
3080,8.5,9.0,7.2,8.8,6.5,7.5,6.2,2.8,4.5
3081,8.5,9.5,7.8,9.0,6.2,8.5,7.2,2.8,6.8
3082,8.5,9.5,8.0,9.0,6.5,8.5,7.2,4.1,6.8
3083,8.5,9.5,6.8,7.2,8.0,4.5,7.2,2.8,6.1
3084,9.5,9.8,8.2,9.0,6.5,8.5,7.2,4.1,6.8
3085,0.0,8.5,2.1,4.2,9.0,7.5,4.2,2.8,4.5
3086,8.5,9.5,8.0,9.0,6.0,7.5,8.2,4.1,6.8
3087,8.5,4.2,2.1,6.8,3.5,4.5,2.8,1.5,1.8
3088,8.5,6.8,4.2,7.1,3.5,7.5,8.2,4.1,6.8
3089,8.5,9.5,7.8,8.2,6.1,4.5,7.2,2.8,6.1
3090,8.5,9.5,8.8,9.2,7.0,8.5,9.2,4.1,7.8
3091,8.5,6.8,4.2,7.1,5.9,4.5,2.8,1.5,6.8
3092,4.5,6.8,2.1,3.9,1.8,2.5,1.8,1.2,1.5
3093,8.5,9.5,7.8,8.2,6.5,7.5,8.2,4.1,6.8
3094,8.5,6.8,4.2,7.1,3.5,7.5,6.2,4.1,8.1
3095,8.5,7.8,4.2,6.5,8.0,8.5,7.2,4.1,6.8
3096,8.5,9.5,7.8,8.2,6.5,8.5,9.2,4.1,7.8
3097,8.5,9.5,7.8,8.2,8.8,8.5,7.2,4.8,6.1
3098,8.5,6.8,2.1,4.2,7.9,2.5,2.1,1.8,1.2
3099,7.5,8.2,4.8,6.5,5.1,4.5,6.8,2.5,7.2
3100,7.5,8.2,6.8,7.1,4.5,7.5,6.2,2.8,4.5
3101,8.5,4.2,2.1,6.8,3.5,1.5,2.1,1.8,1.2
3102,7.5,2.5,1.8,4.2,0.8,2.5,1.8,1.2,1.5
3103,8.5,9.5,7.8,8.2,6.5,8.5,7.2,4.1,6.8
3104,9.5,9.8,8.2,9.9,7.5,8.5,9.2,7.8,8.8
3105,8.5,9.5,6.8,8.2,9.0,7.5,8.2,6.8,4.5
3106,9.5,9.8,8.2,9.0,8.5,8.5,7.2,4.1,8.8
3107,9.5,8.2,6.8,8.5,7.1,7.5,6.2,4.1,5.8
3108,8.5,9.5,8.0,9.0,8.8,8.5,7.2,4.1,6.8
3109,0.0,2.5,1.8,2.2,2.0,2.5,1.8,1.2,1.5
3110,8.5,9.5,7.8,9.0,6.2,8.5,7.2,4.1,6.8
3111,8.5,6.8,4.2,7.1,5.9,4.5,2.8,3.2,1.8
3112,2.5,9.8,8.5,9.2,9.0,8.5,7.2,4.1,6.8
3113,8.5,7.2,4.8,6.5,3.1,4.5,2.8,2.5,1.8
3114,8.5,7.8,4.2,6.5,5.1,4.5,6.8,2.5,5.8
3115,8.5,9.5,7.8,8.2,6.5,7.5,8.2,4.1,6.8
3116,8.5,6.8,4.2,7.1,3.5,4.5,2.8,3.2,1.5
3117,9.5,9.8,8.2,9.0,8.5,8.5,9.2,6.8,8.0
3118,8.5,9.5,8.2,8.8,7.5,7.5,8.2,4.1,6.8
3119,8.5,9.8,8.2,9.5,7.1,8.5,9.2,4.1,7.8
3120,6.5,4.2,2.8,4.5,2.1,2.5,2.1,1.8,1.2
3121,7.5,6.8,4.2,6.5,8.1,7.5,6.2,4.1,5.8
3122,7.5,4.2,2.8,6.1,3.5,4.5,5.8,2.8,6.5
3123,8.5,9.5,8.0,9.0,7.0,8.5,7.2,4.1,6.8
3124,8.5,9.5,7.8,8.2,6.1,7.5,8.2,4.1,6.8
3125,6.5,4.2,2.8,4.5,1.8,2.5,4.2,3.1,1.8
3126,9.5,9.8,8.5,9.2,7.8,8.5,7.2,4.1,8.8
3127,8.5,8.0,6.5,7.8,4.2,7.5,8.2,4.1,6.8
3128,8.5,7.2,4.8,6.5,6.0,4.5,2.8,2.5,6.8
3129,4.5,7.8,2.1,6.5,3.9,4.5,6.8,2.5,5.8
3130,8.5,9.5,7.8,8.2,6.5,7.5,8.2,6.8,6.5
3131,8.5,9.8,8.2,9.5,7.8,8.5,9.2,4.1,8.8
3132,8.5,6.8,4.2,7.1,3.5,4.5,2.8,2.5,1.8
3133,8.5,9.5,8.8,9.2,7.0,8.5,7.2,4.1,6.8
3134,9.5,9.8,8.2,9.9,8.5,8.5,7.2,4.1,6.8
3135,9.5,9.8,8.2,9.0,8.5,8.5,9.2,4.8,8.0
3136,8.5,9.5,7.8,8.2,6.5,7.5,8.2,4.1,6.8
3137,8.5,7.2,4.8,6.5,8.0,7.5,6.2,4.1,5.8
3138,7.5,6.8,4.2,6.5,5.1,4.5,6.8,2.1,5.9
3139,,,,,,9.5,9.0,7.8,8.5
3140,8.5,9.5,7.8,9.0,8.2,7.5,6.2,4.1,5.8
3141,8.5,4.2,2.1,6.8,3.5,4.5,6.8,7.2,3.5
3142,8.5,6.8,4.2,7.1,5.9,4.5,2.8,6.8,3.5
3143,8.5,7.8,6.2,8.0,6.5,7.5,8.2,4.1,6.8
3144,4.5,2.1,1.8,3.2,1.5,2.5,4.2,3.1,1.8
3145,8.5,9.5,7.8,8.2,6.5,7.5,8.2,4.1,6.8
3146,8.5,4.2,2.1,6.8,3.5,4.5,2.8,1.5,1.8
3147,8.5,6.8,4.2,7.1,5.9,7.5,4.2,2.8,3.5
3148,9.5,9.8,8.2,9.0,8.5,9.5,8.2,4.1,8.8
3149,8.5,9.0,7.8,9.2,6.5,8.5,7.2,4.1,6.8
3150,7.5,4.2,2.1,6.5,3.8,2.5,4.2,1.8,1.5
3151,8.5,9.0,6.8,8.2,7.5,7.5,8.2,4.1,6.8
3152,7.5,8.2,4.8,6.5,6.8,4.5,6.8,2.5,5.8
3153,8.5,7.2,4.8,6.5,5.1,4.5,2.8,1.5,6.8
3154,8.5,9.5,6.8,9.2,9.0,8.5,7.2,4.8,6.1
3155,9.5,8.8,6.5,8.2,7.0,4.5,2.8,3.2,1.5
3156,8.5,8.0,2.5,7.0,6.0,4.5,2.8,1.5,1.8
3157,8.5,9.5,7.8,8.2,6.5,7.5,8.2,4.1,6.8
3158,8.5,9.5,8.0,9.0,6.0,8.5,7.2,4.1,6.8
3159,8.5,7.2,4.8,6.5,5.1,4.5,2.8,1.5,6.8
3160,8.5,6.8,4.2,7.1,5.5,4.5,6.8,2.5,5.8
3161,8.5,7.8,4.2,6.5,3.1,2.5,6.8,1.8,4.2
3162,4.5,1.8,1.2,2.5,0.8,1.5,2.1,1.8,1.2
3163,8.5,9.5,7.8,9.0,8.2,8.5,9.2,4.1,7.8
3164,9.5,8.2,6.8,8.5,7.1,7.5,6.2,4.1,5.8
3165,8.5,9.5,6.8,7.2,8.0,4.5,8.2,2.8,1.5
3166,9.5,9.8,8.2,9.9,7.5,8.5,7.2,2.5,8.8
3167,8.0,8.5,6.8,8.2,4.5,7.5,6.2,2.8,5.5
3168,8.5,9.5,8.8,7.2,6.5,4.5,7.2,2.8,6.1
3169,8.5,9.5,6.8,8.2,7.1,4.5,8.2,2.8,6.1
3170,8.5,9.5,6.8,8.2,7.1,8.5,7.2,4.1,1.8
3171,9.5,9.8,8.2,9.0,8.5,8.5,9.2,4.1,6.8
3172,8.5,9.5,7.8,8.2,6.5,7.5,8.2,4.1,8.8
3173,4.5,8.0,2.5,4.0,8.5,4.5,2.8,1.5,1.8
3174,9.5,9.8,8.2,9.0,7.5,8.5,9.2,4.1,7.8
3175,7.5,8.2,6.8,7.1,5.9,4.5,7.2,2.8,6.1
3176,0.0,8.5,7.2,8.0,9.0,7.5,8.2,4.1,6.8
3177,8.5,6.8,4.2,7.1,2.5,4.5,6.8,7.2,5.8
3178,8.5,9.5,8.0,9.0,9.8,8.5,7.2,4.1,6.8
3179,8.5,2.1,1.8,4.2,0.5,1.5,2.1,1.8,1.2
3180,8.5,9.5,7.8,8.2,6.5,8.5,7.2,2.5,6.8
3181,4.5,6.8,2.9,4.2,5.1,2.5,4.2,3.1,1.8
3182,8.5,6.8,4.2,7.1,5.5,4.5,2.8,3.2,6.8
3183,7.5,8.2,6.8,8.5,5.1,4.5,6.8,2.5,7.2
3184,8.5,7.8,6.2,7.5,5.9,4.5,6.8,2.5,7.2
3185,8.5,7.8,6.2,8.0,8.8,4.5,7.2,2.8,6.5
3186,8.5,7.8,6.2,8.0,4.5,7.5,8.2,4.1,6.8
3187,9.5,8.2,6.8,8.5,7.1,7.5,8.2,4.1,6.8
3188,8.5,9.5,7.8,8.2,6.5,8.5,7.2,4.8,6.8
3189,0.0,8.5,4.2,6.8,9.5,4.5,6.8,3.2,5.1
3190,2.5,1.8,1.2,1.5,1.0,0.5,1.2,1.8,1.0
3191,8.5,9.0,6.8,8.2,4.5,4.5,6.8,2.5,5.8
3192,8.5,9.8,9.2,9.5,9.0,8.5,9.2,7.1,8.8
3193,9.5,8.0,2.5,4.2,6.8,4.5,6.8,2.5,3.8
3194,4.5,9.5,7.8,8.2,6.1,4.5,8.2,6.8,7.5
3195,9.5,9.8,9.2,9.5,8.5,8.5,9.2,4.1,8.8
3196,9.5,9.8,7.2,9.0,8.5,7.5,8.2,4.1,6.8
3197,8.5,9.5,6.8,8.2,9.0,7.5,6.2,2.8,8.1
3198,8.5,6.8,5.2,8.8,7.1,7.5,4.2,4.8,3.5
3199,4.5,8.2,2.1,6.5,9.0,8.5,7.2,2.8,4.1
3200,8.5,6.8,4.2,7.1,3.5,4.5,5.8,2.1,3.9
3201,7.5,6.8,4.2,6.5,3.1,4.5,2.8,1.5,1.8
3202,0.0,7.5,6.8,6.2,8.5,4.5,7.2,2.8,5.1
3203,8.5,9.5,7.8,9.2,6.1,4.5,2.1,1.8,1.2
3204,8.5,9.5,8.0,9.0,7.0,8.5,9.2,4.1,7.8
3205,8.5,7.8,4.2,6.5,8.0,7.5,6.2,4.1,5.8
3206,9.5,9.8,8.2,9.9,8.5,8.5,9.2,6.8,8.0
3207,8.5,4.2,2.1,6.8,3.5,4.2,2.5,1.8,3.1
3208,7.5,8.2,6.1,8.5,7.8,4.5,2.8,1.5,6.8
3209,9.5,9.8,8.2,9.0,7.5,8.5,7.2,4.1,6.8
3210,8.5,7.8,6.2,8.8,7.5,8.5,7.2,4.1,6.8
3211,8.5,9.5,7.2,8.8,8.0,7.5,8.2,4.1,6.8
3212,8.5,9.8,8.2,9.0,6.5,8.5,9.2,7.8,6.1
3213,6.5,4.2,2.8,4.5,1.8,2.5,4.2,1.8,1.5
3214,7.5,8.2,4.1,6.5,9.0,7.5,8.2,2.1,4.8
3215,7.5,8.2,4.8,6.5,8.8,4.5,6.8,2.5,7.2
3216,8.5,9.5,7.8,8.2,9.0,8.5,7.2,4.1,6.8
3217,8.5,7.8,6.2,7.5,4.8,4.5,6.8,2.1,5.9
3218,7.0,8.5,6.8,8.2,7.5,8.5,7.2,2.5,6.8
3219,9.5,8.2,6.8,8.5,4.1,7.5,4.2,2.8,6.5
3220,8.5,9.5,6.8,9.2,7.1,8.5,7.2,4.1,6.8
3221,8.5,7.2,6.1,8.0,4.8,4.5,6.8,2.5,5.8
3222,8.5,4.2,2.1,6.8,1.5,4.5,2.8,1.5,1.8
3223,7.0,4.5,2.8,6.5,3.2,2.5,4.2,1.8,3.5
3224,4.5,8.2,6.1,7.5,9.0,7.5,6.2,2.8,4.5
3225,9.5,8.8,6.5,8.2,7.0,8.5,7.2,4.1,6.8
3226,8.5,6.8,4.2,7.1,3.5,2.5,4.2,1.8,1.0
3227,8.5,6.8,2.1,4.2,8.0,4.5,6.8,3.2,5.1
3228,8.5,7.2,6.8,8.0,4.5,4.5,2.8,1.5,6.8
3229,8.5,9.8,8.2,9.5,8.8,8.5,9.2,4.8,7.1
3230,9.5,9.8,8.2,9.9,7.5,8.5,9.2,6.8,8.0
3231,9.5,9.8,8.5,9.2,7.8,8.5,9.2,4.1,8.8
3232,8.5,7.8,6.2,8.0,6.5,7.5,6.2,4.8,5.5
3233,8.5,9.5,7.8,9.2,8.0,8.5,9.2,6.8,8.0
3234,8.5,9.5,8.0,9.0,6.5,7.5,8.2,4.1,6.8
3235,8.5,9.5,8.8,9.2,6.5,7.5,8.2,4.1,6.8
3236,8.5,9.5,8.0,9.0,6.5,8.5,7.2,4.1,6.8
3237,2.5,4.8,1.9,3.2,2.1,2.5,1.8,1.2,1.0
3238,9.5,9.8,8.2,9.9,7.5,8.5,9.2,7.8,6.8
3239,9.5,9.8,8.2,9.0,7.5,8.5,9.2,4.1,7.8
3240,8.5,7.8,4.2,8.0,3.5,4.5,6.8,3.2,5.1
3241,9.5,8.0,6.5,8.5,7.0,8.5,6.2,4.1,7.8
3242,7.5,9.5,8.2,9.0,8.8,8.5,8.2,4.1,7.8
3243,9.5,9.8,8.2,9.0,8.5,8.5,7.2,4.1,6.8
3244,7.5,8.2,4.8,6.5,8.8,4.5,6.8,3.2,5.1
3245,8.5,9.8,9.5,9.2,8.8,9.5,9.0,6.5,8.8
3246,8.5,9.5,8.0,9.0,7.5,7.5,8.2,4.1,6.8
3247,8.5,7.8,4.2,6.5,2.1,4.5,6.8,2.1,5.9
3248,9.5,9.8,8.2,9.0,8.5,8.5,7.2,4.1,6.8
3249,8.5,9.5,7.8,8.2,6.5,7.5,8.2,4.1,6.8
3250,9.5,8.2,6.8,8.5,4.1,4.5,7.2,2.8,6.1
3251,8.5,9.5,7.8,9.0,8.8,4.5,7.2,2.8,6.1
3252,8.5,9.5,6.8,8.2,7.1,7.5,8.2,4.1,6.8
3253,9.5,8.8,7.2,8.5,6.8,8.5,7.2,4.1,8.8
3254,4.5,8.2,6.8,7.5,5.1,7.5,8.2,6.8,4.5
3255,8.5,9.5,6.8,8.2,9.0,7.5,6.2,2.8,4.5
3256,7.5,8.2,4.8,6.5,6.8,4.5,7.2,2.8,6.1
3257,0.0,9.5,8.8,9.2,9.0,8.5,7.2,4.1,6.8
3258,2.0,4.5,2.8,3.2,2.5,2.5,1.8,1.2,0.5
3259,8.5,9.5,7.8,8.2,6.5,7.5,6.2,4.1,8.1
3260,0.0,8.5,7.2,6.8,4.1,4.5,7.2,2.8,6.5
3261,8.5,9.5,8.0,8.8,6.5,7.5,8.2,4.1,6.8
3262,8.5,9.5,6.8,7.2,8.0,4.5,8.2,6.8,1.9
3263,4.5,2.1,1.8,3.2,0.9,2.5,1.8,4.2,1.5
3264,7.5,8.2,4.8,6.5,6.8,7.5,8.2,6.8,4.5
3265,8.5,9.5,8.8,9.2,7.5,8.5,7.2,4.1,6.8
3266,9.5,8.8,7.2,8.5,6.8,8.5,7.2,4.1,6.8
3267,8.5,6.8,4.2,7.1,5.5,4.5,6.8,2.5,5.8
3268,8.5,6.8,4.2,7.1,3.5,2.5,1.8,1.2,1.0
3269,8.5,6.8,4.2,7.1,5.5,2.5,1.8,1.2,1.5
3270,6.5,4.2,2.1,3.8,2.5,2.5,1.8,1.2,1.5
3271,9.5,8.2,6.8,8.5,7.1,7.5,8.2,4.1,6.8
3272,8.5,9.5,7.8,8.2,6.1,7.5,8.2,4.1,6.8
3273,8.5,9.5,8.0,9.0,7.0,8.5,9.2,6.8,7.1
3274,8.5,9.5,8.0,9.0,9.0,8.5,7.2,4.1,6.8
3275,8.5,9.5,7.2,8.8,6.5,7.5,8.2,4.1,6.8
3276,8.5,9.5,8.0,9.0,6.5,8.5,7.2,4.1,6.8
3277,8.5,9.5,7.8,8.2,8.0,7.5,8.2,4.1,6.8
3278,9.5,8.0,4.2,8.5,6.8,8.5,7.2,4.1,6.8
3279,8.5,7.8,6.2,8.0,4.5,4.5,6.8,2.5,5.8
3280,6.5,8.2,5.1,4.8,3.9,2.5,1.8,1.2,1.5
3281,8.5,7.8,4.2,6.5,5.1,4.5,6.8,2.5,5.8
3282,9.5,9.8,8.2,9.0,7.5,8.5,9.2,4.1,7.8
3283,8.5,9.5,7.8,8.2,9.0,7.5,8.2,6.8,5.5
3284,8.5,6.8,4.2,7.9,3.1,4.5,7.2,8.1,5.8
3285,7.5,6.8,4.2,6.5,5.1,4.5,2.8,3.2,1.5
3286,9.5,9.8,8.2,9.0,8.5,8.5,9.2,4.1,8.8
3287,8.5,7.8,4.2,6.5,3.1,4.5,6.8,2.5,5.8
3288,8.5,9.8,8.2,9.5,7.8,8.5,9.2,4.1,8.8
3289,7.5,4.2,2.8,6.5,3.1,4.5,2.8,3.2,1.8
3290,8.5,9.5,8.8,9.2,7.5,8.5,9.2,4.1,7.8
3291,8.5,9.8,8.2,9.5,9.9,8.5,7.2,4.8,8.0
3292,7.5,8.2,4.8,6.5,3.1,4.5,6.8,2.5,5.8
3293,8.5,7.8,6.2,7.5,8.0,8.5,7.2,4.1,6.8
3294,8.5,9.5,8.8,9.2,8.0,8.5,9.2,4.1,8.8
3295,9.5,8.8,7.2,8.5,6.0,8.5,7.2,4.1,6.8
3296,8.5,9.8,9.5,8.8,9.2,8.5,9.2,6.8,7.1
3297,6.0,8.5,7.2,8.0,9.0,4.5,7.2,2.8,6.5
3298,8.5,6.8,4.2,7.9,3.1,2.5,4.2,3.1,1.8
3299,8.5,6.8,4.2,7.1,3.5,4.5,6.8,7.2,5.1
3300,7.5,8.2,2.1,6.5,4.8,4.5,2.8,3.2,6.8
3301,8.5,7.2,4.8,6.5,3.1,4.5,6.8,3.2,5.1
3302,3.5,8.0,6.5,7.2,8.5,4.5,7.2,4.8,5.1
3303,8.5,9.5,6.8,8.2,7.1,7.5,8.2,4.1,6.8
3304,6.5,8.2,7.1,8.5,6.8,4.5,6.8,3.2,5.1
3305,8.5,7.8,6.2,8.0,4.5,7.5,6.2,4.1,8.1
3306,8.5,4.2,2.1,6.8,3.5,4.5,2.8,2.5,1.8
3307,9.5,9.8,8.2,9.0,7.5,8.5,7.2,4.1,6.8
3308,8.5,9.8,8.2,9.5,9.0,8.5,9.2,4.1,8.8
3309,9.5,8.8,7.2,9.0,6.5,8.5,9.2,4.1,7.8
3310,8.5,9.8,7.2,8.8,9.5,8.5,7.2,4.8,6.1
3311,8.5,9.5,7.8,8.2,6.5,7.5,8.2,4.1,6.8
3312,9.5,9.8,8.2,9.0,7.5,8.5,7.2,4.8,6.8
3313,9.5,9.8,8.2,9.9,7.5,8.5,9.2,4.1,8.8
3314,8.5,9.8,8.2,9.5,7.8,8.5,7.2,4.1,6.8
3315,8.5,9.5,8.0,8.8,8.2,7.5,8.2,4.1,6.8
3316,8.5,9.8,8.2,9.0,7.5,8.5,7.2,4.1,6.8
3317,8.5,9.5,7.8,8.2,6.5,7.5,8.2,4.1,6.8
3318,8.5,7.8,6.2,8.8,4.5,4.5,7.2,2.8,6.5
3319,9.5,9.8,8.2,9.0,7.5,8.5,7.2,4.1,6.8
3320,9.5,9.8,8.5,9.2,8.0,8.5,9.2,4.1,8.8
3321,8.5,7.8,4.2,8.0,6.5,7.5,6.2,4.8,6.8
3322,7.5,6.8,4.2,6.5,3.1,4.5,6.8,7.2,5.8
3323,8.5,9.8,8.2,9.5,9.9,8.5,9.2,4.1,8.8
3324,8.5,9.5,7.8,9.0,8.2,7.5,8.2,4.1,6.8
3325,8.5,4.2,2.1,6.5,7.8,2.5,1.8,1.2,1.5
3326,8.5,6.8,4.2,7.1,5.5,2.5,2.0,1.5,1.8
3327,8.5,6.8,2.5,4.2,3.1,7.5,4.2,2.8,3.5
3328,8.5,9.8,8.2,9.0,7.5,8.5,8.2,6.8,7.1
3329,8.5,9.0,7.2,8.8,6.5,4.5,6.8,3.2,7.1
3330,7.5,8.8,6.2,8.5,4.8,8.5,7.2,4.1,6.8
3331,8.5,7.2,4.8,6.5,5.1,7.5,4.2,4.8,6.0
3332,8.5,9.5,7.8,9.0,6.2,7.5,6.2,4.1,5.8
3333,7.5,4.2,2.1,3.8,6.5,2.5,4.2,1.8,3.5
3334,8.5,9.5,6.8,8.2,7.5,7.5,8.2,4.1,6.8
3335,8.5,9.5,7.8,8.2,6.5,8.5,7.2,4.1,6.8
3336,8.5,9.5,6.8,8.2,9.0,7.5,6.2,2.8,8.1
3337,8.5,9.8,6.2,8.1,9.9,8.5,9.2,4.1,6.8
3338,8.5,6.8,4.2,7.1,5.9,4.5,6.8,2.5,5.8
3339,7.5,8.2,4.8,6.5,6.0,4.5,6.8,2.1,3.9
3340,7.5,4.2,2.1,6.5,3.8,1.5,2.1,1.8,1.2
3341,8.5,9.5,7.2,8.8,6.8,7.5,8.2,4.1,6.8
3342,8.5,6.8,2.1,4.2,3.9,2.5,1.8,1.2,0.5
3343,7.5,8.2,4.8,6.5,8.8,7.5,6.2,4.1,5.8
3344,8.5,9.5,8.0,9.0,7.5,8.5,8.2,4.1,7.8
3345,8.5,9.5,7.8,9.0,6.2,8.5,7.2,4.1,6.8
3346,7.5,6.8,5.2,7.8,4.1,4.5,2.8,1.5,6.8
3347,7.5,4.2,2.1,4.8,6.5,2.5,2.8,4.2,1.5
3348,8.5,9.5,8.8,9.2,7.5,8.5,8.8,6.5,7.2
3349,8.5,9.5,8.8,9.2,7.0,8.5,9.2,4.1,7.8
3350,6.5,8.5,2.5,8.0,3.0,8.5,9.2,6.8,7.1
3351,8.5,9.5,7.8,9.2,8.8,4.5,8.2,6.8,5.1
3352,7.5,8.2,4.8,8.5,6.1,2.5,1.8,1.2,1.0
3353,9.5,8.8,6.2,8.5,7.1,4.5,6.8,2.5,3.8
3354,8.5,6.8,4.2,7.1,5.9,4.5,6.8,3.2,5.1
3355,8.5,9.5,7.2,8.8,6.1,7.5,8.2,4.1,6.8
3356,8.5,6.8,4.2,7.1,3.5,4.5,4.2,6.8,3.5
3357,8.5,7.8,6.2,7.5,8.0,7.5,6.2,4.8,5.5
3358,8.5,9.5,7.8,8.2,9.0,7.5,6.2,2.8,4.5
3359,8.5,7.8,4.2,6.5,8.0,8.5,7.2,4.1,6.8
3360,8.5,6.8,4.2,7.1,5.5,4.5,6.8,2.5,5.8
3361,8.5,9.5,8.2,9.0,8.8,8.5,9.2,6.8,7.1
3362,8.5,8.0,6.5,8.2,7.0,4.5,6.8,2.5,7.2
3363,7.5,6.8,4.2,6.5,3.8,4.5,6.8,2.5,5.8
3364,8.5,7.8,6.2,7.5,4.1,7.5,8.2,4.1,8.5
3365,9.5,9.8,8.5,9.2,7.8,8.5,7.2,4.1,8.8
3366,8.5,8.0,4.2,7.1,6.5,4.5,6.8,3.2,5.1
3367,8.5,9.5,6.8,8.2,9.0,7.5,8.2,4.1,6.8
3368,8.5,7.8,6.2,9.0,5.5,4.5,6.8,7.2,5.1
3369,8.5,7.8,4.2,6.5,8.0,4.5,2.8,2.5,3.8
3370,8.5,8.0,4.2,6.5,5.8,7.5,6.2,4.1,5.8
3371,8.5,8.0,7.5,8.2,6.8,4.5,6.8,2.5,7.2
3372,2.5,4.8,2.0,3.2,1.8,1.5,2.1,1.8,1.2
3373,8.5,9.5,6.8,8.2,7.1,4.5,7.2,6.8,5.1
3374,9.5,9.8,8.2,9.0,8.5,8.5,8.2,4.1,7.8
3375,8.5,9.8,9.2,9.5,8.0,8.5,7.2,4.1,6.8
3376,7.5,4.2,2.1,6.8,3.5,2.5,4.2,1.8,1.5
3377,8.5,9.5,7.8,9.2,6.5,7.5,8.2,4.1,6.8
3378,9.5,8.2,4.8,8.5,6.1,8.5,6.2,4.1,7.8
3379,8.0,7.5,6.0,7.0,8.5,4.5,7.2,2.8,6.5
3380,9.5,8.8,7.2,9.0,6.5,8.5,7.2,4.1,6.8
3381,8.5,9.5,7.8,8.2,6.5,8.5,7.2,4.8,3.5
3382,8.5,6.8,4.2,7.9,5.1,4.5,6.8,2.1,5.9
3383,8.5,9.5,8.8,9.2,7.5,8.5,9.2,4.8,8.0
3384,8.5,9.8,8.2,9.5,9.0,8.5,9.2,4.1,6.8
3385,8.5,7.8,6.2,7.5,8.0,7.5,8.2,2.5,6.8
3386,9.5,9.8,9.2,9.5,8.5,8.5,7.2,4.1,8.8
3387,9.5,8.8,6.5,9.2,8.0,8.5,7.2,4.1,6.8
3388,7.5,4.2,2.8,6.5,3.1,2.5,1.8,1.2,1.5
3389,8.5,7.2,4.8,6.5,6.0,4.5,6.8,2.5,5.8
3390,7.5,4.2,2.1,4.8,3.5,2.5,4.2,1.8,3.5
3391,8.5,9.5,8.0,7.8,6.5,7.5,8.2,2.5,6.8
3392,8.5,9.5,8.0,9.0,7.0,8.5,7.2,6.8,4.1
3393,7.5,6.8,4.2,6.5,5.1,4.5,2.8,1.5,3.8
3394,8.5,7.8,6.2,7.5,4.8,4.5,2.1,1.8,1.5
3395,9.5,8.8,7.2,8.5,6.8,7.5,8.2,4.1,6.8
3396,8.5,7.8,4.2,6.5,9.0,4.5,6.8,2.1,3.9
3397,8.5,7.8,6.2,8.0,8.8,8.5,7.2,4.8,6.8
3398,8.5,7.8,4.2,6.5,5.1,4.5,6.8,2.5,7.2
3399,8.5,9.5,8.8,9.2,7.0,8.5,9.2,4.1,7.8
3400,7.5,8.2,6.8,8.5,4.1,4.5,7.2,2.8,6.8
3401,7.5,6.8,4.2,6.5,5.1,4.5,7.2,2.8,1.5
3402,8.5,9.5,7.8,8.2,6.5,7.5,8.2,4.1,6.8
3403,7.5,8.2,6.8,7.1,8.5,7.5,8.2,4.1,6.8
3404,6.5,4.2,2.1,3.8,5.9,4.5,6.8,2.5,3.5
3405,8.5,6.8,4.2,7.1,8.0,4.5,2.8,2.5,1.8
3406,4.5,6.8,2.9,4.2,7.1,4.5,6.8,4.2,5.1
3407,8.5,7.8,6.2,7.5,4.8,7.5,6.2,4.1,5.8
3408,8.5,9.5,6.8,8.2,9.8,4.5,6.8,7.2,3.5
3409,4.5,6.8,2.1,4.2,7.5,4.5,6.8,2.5,5.8
3410,8.5,9.5,7.8,8.2,6.1,7.5,8.2,2.5,6.8
3411,7.5,4.2,2.1,6.5,3.8,4.5,6.8,2.5,5.8
3412,4.5,2.8,1.5,3.2,0.8,1.5,2.1,1.8,1.2
3413,9.5,9.8,8.2,9.0,7.5,8.5,7.2,4.1,6.8
3414,8.5,7.8,6.2,7.5,4.8,7.5,6.2,4.1,5.8
3415,8.5,9.5,7.8,8.2,6.5,7.5,6.2,2.8,5.5
3416,6.5,8.2,7.1,6.8,4.5,4.5,2.8,3.2,1.5
3417,8.5,4.2,2.1,6.5,3.8,4.5,2.8,1.2,3.5
3418,8.5,9.5,8.0,9.0,7.0,4.5,6.8,2.1,7.9
3419,8.5,9.5,7.8,9.2,8.0,7.5,8.2,4.5,6.8
3420,4.5,8.2,6.8,7.5,9.0,7.5,8.2,4.1,6.8
3421,8.5,9.5,6.8,7.2,8.0,4.5,7.2,2.8,6.5
3422,7.5,9.5,8.2,8.8,6.8,7.5,8.2,4.1,6.8
3423,4.5,2.8,1.9,3.2,2.1,2.5,4.2,1.8,3.5
3424,8.5,9.5,7.2,8.8,6.1,7.5,8.2,4.1,6.8
3425,9.5,9.8,8.2,9.0,9.0,8.5,7.2,6.8,8.0
3426,8.5,9.5,7.8,8.2,9.8,7.5,6.2,2.8,4.5
3427,8.5,9.5,7.8,9.0,9.2,8.5,9.2,7.8,6.8
3428,8.5,9.8,8.2,9.5,7.8,8.5,9.2,6.8,7.1
3429,8.5,7.2,4.8,7.5,6.8,7.5,6.2,2.8,4.5
3430,8.5,9.5,6.8,7.2,4.1,4.5,2.1,1.8,1.5
3431,8.5,9.8,9.5,9.2,8.0,9.5,8.8,6.5,8.2
3432,8.5,9.5,6.8,8.2,7.1,4.5,8.2,2.8,6.5
3433,8.5,9.5,7.8,9.0,8.0,8.5,9.0,2.5,6.8
3434,8.5,9.8,9.2,9.5,8.8,8.5,9.2,4.1,7.8
3435,6.5,4.2,2.1,4.8,3.5,2.5,1.8,1.2,1.5
3436,8.5,6.8,4.2,7.1,3.5,4.5,2.8,1.5,3.2
3437,8.5,6.8,4.2,7.1,5.5,4.5,2.8,1.5,1.8
3438,8.5,7.8,4.2,6.5,8.0,4.5,2.8,1.5,6.8
3439,8.5,9.8,8.2,9.5,9.0,8.5,9.2,7.8,8.0
3440,7.5,6.8,4.2,6.5,3.1,4.5,6.8,2.1,1.9
3441,8.5,4.2,2.1,6.5,3.8,1.5,2.1,1.8,0.5
3442,8.5,9.5,6.8,7.2,8.0,4.5,8.2,6.8,1.5
3443,8.5,8.0,6.5,7.8,9.0,4.5,6.8,7.2,3.5
3444,8.5,6.8,4.2,7.1,5.9,2.5,4.2,4.8,1.8
3445,8.5,6.8,4.2,7.1,3.5,4.5,6.8,3.2,5.1
3446,8.5,9.5,8.0,9.0,6.0,7.5,6.2,4.1,5.8
3447,9.5,8.2,6.8,8.5,4.1,7.5,6.2,2.8,4.5
3448,8.5,9.0,7.8,8.2,6.5,4.5,7.2,2.8,6.5
3449,6.5,4.2,2.8,7.1,1.5,2.5,2.1,1.8,1.2
3450,9.5,9.8,8.5,9.9,7.2,8.5,9.2,4.1,8.8
3451,,,,,,9.5,8.8,4.2,8.5
3452,4.5,6.8,2.1,5.2,7.5,4.5,6.8,2.5,3.8
3453,8.5,8.0,6.5,7.8,5.2,7.5,8.2,4.1,6.8
3454,7.5,8.2,4.8,6.5,3.1,4.5,6.8,2.5,7.2
3455,8.5,6.8,4.2,7.1,5.5,4.5,6.8,2.5,5.8
3456,7.5,8.2,6.8,7.9,5.1,4.5,2.8,3.2,6.8
3457,8.5,9.5,8.0,9.0,7.0,8.5,9.2,4.1,7.8
3458,7.5,4.2,2.1,4.8,1.5,2.5,1.8,1.2,1.0
3459,8.5,7.2,4.8,8.0,3.5,4.5,6.8,3.2,5.1
3460,8.5,9.5,7.8,9.0,8.2,7.5,8.2,4.1,6.8
3461,9.5,9.8,8.2,9.0,9.0,8.5,8.2,4.1,7.8
3462,8.5,6.8,4.2,7.1,3.5,4.5,2.8,3.2,1.5
3463,8.5,7.2,4.8,6.5,5.1,7.5,8.2,4.1,6.8
3464,9.5,8.8,7.2,9.0,6.5,8.5,9.2,4.1,7.8
3465,7.5,8.8,6.2,8.5,4.8,4.5,7.2,3.1,6.8
3466,8.5,9.5,6.8,8.2,7.1,8.5,7.2,4.8,1.5
3467,8.5,7.8,4.2,6.5,6.8,7.5,8.2,4.1,6.8
3468,8.5,6.8,4.2,7.1,5.9,4.5,2.8,1.5,1.8
3469,8.5,9.5,7.8,9.2,8.8,8.5,8.2,4.8,6.8
3470,9.5,9.8,8.2,9.0,7.5,8.5,7.2,4.1,6.8
3471,8.5,9.0,7.8,8.2,6.5,4.5,2.1,1.8,1.2
3472,8.5,9.5,8.0,9.0,7.5,8.5,9.2,6.8,7.1
3473,8.5,7.8,6.2,8.0,6.5,4.5,6.8,2.5,7.2
3474,8.5,9.5,6.8,7.2,9.8,7.5,6.2,4.1,5.8
3475,9.5,9.8,2.1,8.5,6.8,4.5,6.8,4.2,3.5
3476,8.5,9.5,9.0,9.2,8.8,8.5,7.2,4.1,8.8
3477,8.5,9.5,8.0,9.0,9.0,8.5,9.2,4.1,7.8
3478,0.0,9.5,8.8,9.8,6.5,9.5,8.2,6.8,9.0
3479,8.5,9.5,6.8,7.2,8.0,4.5,2.8,1.5,3.2
3480,7.5,8.2,6.8,7.1,8.5,7.5,8.2,2.5,6.8
3481,7.5,6.8,4.2,6.5,5.1,4.5,2.8,3.2,1.5
3482,9.5,9.8,8.5,9.2,7.8,9.5,9.0,4.2,8.8
3483,8.5,7.8,6.2,7.5,4.8,7.5,4.2,4.8,3.5
3485,8.5,9.5,6.8,9.0,8.0,8.5,7.2,4.1,6.8
3486,4.0,6.5,2.5,4.2,3.8,4.5,6.8,2.5,5.8
3487,8.5,9.5,8.8,9.2,7.0,8.5,9.2,4.1,8.8
3488,4.5,8.5,8.0,8.2,6.8,8.5,7.2,4.1,8.8
3489,8.5,9.5,7.8,9.0,9.2,8.5,9.2,6.8,8.0
3490,4.5,2.8,2.2,3.5,1.8,2.5,4.2,6.8,1.8
3491,7.5,6.8,4.2,6.5,8.1,4.5,2.8,2.5,6.8
3492,8.5,9.8,9.5,9.2,7.0,8.5,9.2,4.1,7.8
3493,7.5,6.8,4.2,6.5,3.1,2.5,2.8,1.5,1.8
3494,7.5,9.5,8.2,9.0,9.8,8.5,9.2,4.1,7.8
3495,8.5,9.5,7.8,9.0,6.5,7.5,4.2,4.8,6.8
3496,8.5,9.5,7.8,9.0,8.2,8.5,7.2,6.8,8.0
3497,7.5,4.2,2.8,6.1,3.5,2.5,2.0,1.8,1.2
3498,4.5,8.2,6.8,7.5,9.0,4.5,6.8,2.5,7.2
3499,7.5,8.2,4.8,6.5,8.0,4.5,2.8,1.5,6.8
3500,8.5,9.5,7.8,8.2,9.0,8.5,7.2,4.1,6.8
3501,8.5,9.0,7.2,8.8,6.5,7.5,6.2,4.1,8.1
3502,7.5,8.2,6.8,8.5,9.0,7.5,6.2,2.8,5.5
3503,9.5,9.8,8.2,9.0,6.5,8.5,9.2,2.1,6.8
3504,2.5,8.0,6.5,7.8,4.2,4.5,2.1,6.8,7.9
3505,7.5,4.2,2.1,3.8,2.5,2.5,4.2,1.8,3.5
3506,9.5,8.8,7.2,9.0,6.5,8.5,7.2,4.1,6.8
3507,8.5,6.8,4.2,7.1,5.9,4.5,6.8,2.5,5.8
3508,8.5,8.0,6.5,7.2,7.8,4.5,2.8,2.5,1.8
3509,8.5,9.5,7.8,8.2,9.0,7.5,8.2,4.1,6.8
3510,8.5,7.8,6.2,7.5,4.1,4.5,2.8,2.5,6.8
3511,8.5,7.8,6.2,8.1,5.9,7.5,8.2,4.1,6.8
3512,8.5,9.8,9.2,9.5,7.8,8.5,8.2,6.8,7.5
3513,8.5,7.2,4.8,8.0,6.5,7.5,4.2,4.5,6.8
3514,8.5,9.5,8.0,9.0,7.5,7.5,8.2,4.1,6.8
3515,8.5,9.5,7.8,9.0,6.2,7.5,8.2,4.1,6.8
3516,9.5,8.8,7.2,8.5,6.8,7.5,8.2,4.1,6.8
3517,7.5,8.2,6.8,8.5,4.1,4.5,6.8,3.2,5.8
3518,0.0,9.5,8.8,9.2,6.5,7.5,8.2,4.1,6.8
3519,7.5,8.8,6.2,8.5,7.0,7.5,8.2,4.1,6.8
3520,8.5,9.5,8.0,9.0,7.5,8.5,7.2,4.1,6.8
3521,8.5,9.5,8.0,9.0,6.5,4.5,6.8,2.5,7.2
3522,9.5,8.8,6.5,8.2,4.8,8.5,7.2,4.1,6.8
3523,8.5,9.5,7.8,8.2,6.5,4.5,7.2,2.8,6.5
3524,8.5,9.5,8.0,9.0,7.5,8.5,7.2,4.8,6.8
3525,8.5,7.8,6.2,8.1,4.9,4.5,6.8,3.2,7.1
3526,7.5,8.8,6.5,7.2,8.0,7.5,8.2,4.1,6.8
3527,7.5,8.2,6.8,7.9,5.1,4.5,6.8,2.5,7.2
3528,4.5,2.8,1.9,3.2,2.1,0.5,0.8,1.2,0.8
3529,8.5,9.5,8.2,8.8,7.1,8.5,7.2,6.8,5.9
3530,7.5,2.5,1.8,4.2,0.8,0.5,1.2,1.8,1.0
3531,8.5,2.1,1.8,4.2,2.5,4.5,6.8,3.2,5.1
3532,4.5,8.8,7.2,8.5,6.1,7.5,8.2,4.1,6.8
3533,9.5,9.8,8.2,9.9,8.5,8.5,9.2,6.8,8.0
3534,8.5,2.1,1.8,4.2,2.5,0.5,0.8,1.2,0.2
3535,9.5,9.8,8.2,9.0,7.5,8.5,9.2,6.8,7.1
3536,4.5,6.8,2.9,4.2,7.1,2.5,2.8,1.5,1.8
3537,0.0,8.5,6.8,7.2,9.0,7.5,8.2,2.5,6.8
3538,8.5,9.5,7.8,8.2,4.1,4.5,6.8,2.5,7.2
3539,6.5,8.2,6.8,7.1,4.5,4.5,6.8,2.5,5.8
3540,9.5,8.8,6.5,8.2,7.0,8.5,7.2,4.8,6.8
3541,8.5,9.5,7.8,9.2,6.5,7.5,8.2,4.1,6.8
3542,9.5,8.8,7.2,8.5,6.1,8.5,9.2,4.1,8.8
3543,8.5,7.8,6.2,8.0,5.5,7.5,8.2,6.8,4.5
3544,8.5,6.8,4.2,7.1,3.5,4.5,2.8,3.2,1.8
3545,6.5,4.2,2.1,4.8,7.5,4.5,2.8,1.5,1.2
3546,8.5,6.8,4.2,7.1,8.0,4.5,2.5,1.8,3.5
3547,8.5,9.5,8.8,9.2,7.0,8.5,8.2,6.8,7.9
3548,7.5,8.2,6.8,7.1,5.9,4.5,6.8,2.5,5.8
3549,4.5,2.8,1.5,3.2,6.8,4.5,6.8,2.5,1.8
3550,8.5,9.5,8.8,9.2,6.5,8.5,7.2,2.5,6.8
3551,4.5,2.1,1.8,3.2,2.5,2.5,4.2,3.1,1.8
3552,8.5,7.8,4.2,6.5,8.0,7.5,8.2,4.1,6.8
3553,8.5,9.5,8.0,9.0,7.0,8.5,7.2,4.1,6.8
3554,8.5,9.5,7.8,9.0,8.2,7.5,8.2,4.1,6.8
3555,8.5,9.5,7.8,8.2,6.5,7.5,6.2,4.8,5.5
3556,8.5,8.8,6.2,8.0,7.5,7.5,8.2,4.1,6.8
3557,7.5,8.8,6.2,8.5,9.0,7.5,6.2,2.8,4.5
3558,8.5,9.5,7.2,8.8,8.0,7.5,8.2,4.1,6.8
3559,7.5,2.5,1.8,4.2,0.5,1.5,2.1,2.8,1.2
3560,8.5,9.5,7.8,8.2,6.5,7.5,8.2,4.5,6.8
3561,7.5,6.8,4.2,6.5,5.1,4.5,7.2,2.8,5.1
3562,9.5,9.8,8.2,9.0,9.0,8.5,7.2,6.8,5.5
3563,7.5,2.5,1.8,4.2,2.0,2.5,1.8,1.2,1.5
3564,8.5,7.8,6.2,8.0,4.5,4.5,2.8,1.5,1.8
3565,4.5,8.8,7.2,8.5,6.8,8.5,9.2,4.1,7.8
3566,4.5,6.8,2.1,7.5,5.9,4.5,2.8,3.2,1.5
3567,8.5,9.5,8.8,9.2,6.5,8.5,7.2,4.8,6.8
3568,7.5,9.5,6.8,8.2,8.5,4.5,6.8,3.2,5.1
3569,8.5,9.5,8.2,9.0,7.8,8.5,7.2,2.5,6.8
3570,8.5,9.5,8.2,9.0,7.8,8.5,8.2,4.1,7.8
3571,8.5,9.5,7.8,9.0,8.2,8.5,7.2,4.8,6.8
3572,8.5,9.5,8.0,7.8,6.5,7.5,8.2,4.1,6.8
3573,0.0,8.5,7.2,6.8,9.0,8.5,7.2,4.1,6.8
3574,8.5,9.5,8.0,9.0,8.8,8.5,7.2,4.1,6.8
3575,8.5,9.5,7.8,8.2,6.5,4.5,7.2,2.8,6.1
3576,9.5,9.8,8.5,9.2,8.8,8.5,9.2,6.8,8.0
3577,7.5,9.5,8.8,9.2,8.0,8.5,7.2,4.1,8.8
3578,8.5,9.5,7.8,8.2,6.5,7.5,8.2,4.1,6.8
3579,8.5,9.5,7.8,8.2,6.5,8.5,7.2,4.1,6.8
3580,8.5,4.2,2.1,6.5,3.8,2.5,1.8,1.2,1.0
3581,8.5,9.5,7.8,8.2,6.1,7.5,8.2,2.5,6.8
3582,8.5,9.5,7.8,8.2,6.5,8.5,7.2,2.5,6.8
3583,8.5,7.8,6.2,8.0,4.5,4.5,2.8,4.2,6.8
3584,8.5,9.5,8.0,9.0,6.5,7.5,8.2,4.1,6.8
3585,8.5,7.8,4.2,6.5,5.1,4.5,7.2,2.8,6.1
3586,8.5,9.5,8.2,9.0,7.8,8.5,7.2,4.8,6.8
3587,8.5,9.5,9.0,8.8,7.0,8.5,7.2,4.1,8.8
3588,8.5,6.8,5.2,7.9,4.1,2.5,2.8,1.5,4.2
3589,8.5,4.2,2.1,6.8,3.5,2.5,1.8,1.2,1.0
3590,7.5,4.2,2.8,6.1,5.5,4.5,2.8,4.2,1.8
3591,7.5,8.2,4.8,6.5,6.8,4.5,6.8,2.5,3.8
3592,9.5,8.8,7.2,9.8,6.5,8.5,9.2,7.8,6.8
3593,4.5,8.0,2.8,6.5,3.2,2.5,1.8,1.2,0.8
3594,7.5,8.2,6.8,7.0,8.5,4.5,7.2,3.8,5.1
3595,8.5,7.8,6.2,7.5,5.1,7.5,6.2,4.1,5.8
3596,8.5,7.8,6.2,8.0,5.5,7.5,6.2,4.1,5.8
3597,8.5,9.5,6.8,7.2,8.0,8.5,7.2,4.1,6.8
3598,9.5,9.8,9.2,9.9,7.5,8.5,9.2,4.1,8.8
3599,8.5,9.5,6.8,8.2,7.1,7.5,8.2,4.1,6.8
3600,8.5,2.1,1.8,4.2,2.5,2.5,1.8,2.2,1.0
3601,,,,,,8.5,6.2,4.8,7.1
3602,7.5,8.2,6.8,8.5,8.0,4.5,6.8,2.5,7.2
3603,8.5,6.8,4.2,7.1,3.5,4.5,7.2,6.8,5.1
3604,7.5,8.2,4.8,6.5,8.8,4.5,7.2,2.8,6.5
3605,7.5,4.2,2.1,3.8,6.5,4.5,6.8,3.2,5.1
3606,8.5,9.8,8.2,9.5,9.9,9.5,8.2,6.8,8.5
3607,7.5,8.2,4.8,6.5,8.8,7.5,6.2,4.8,5.5
3608,9.5,9.8,8.2,9.0,6.5,8.5,7.2,4.1,8.8
3609,8.5,9.5,6.8,8.2,7.1,8.5,7.2,6.8,4.1
3610,8.5,9.5,8.8,9.2,7.5,8.5,9.2,4.1,8.8
3611,7.5,4.2,2.8,6.5,3.1,2.5,1.8,1.2,1.0
3612,8.5,4.2,2.1,6.5,3.8,2.5,1.8,1.2,1.5
3613,8.5,6.8,4.2,7.1,3.5,4.5,6.8,7.2,5.1
3614,8.5,7.8,4.2,8.0,5.5,4.5,2.8,1.5,1.8
3615,9.5,8.8,6.2,8.5,7.0,7.5,8.2,4.1,6.8
3616,7.5,6.8,4.2,6.5,5.1,4.5,2.8,2.5,6.8
3617,8.5,9.5,7.8,8.2,9.0,8.5,7.2,4.1,6.8
3618,7.5,6.8,4.2,6.5,8.1,4.5,2.8,1.5,3.5
3619,9.5,9.8,8.2,9.9,6.5,8.5,7.2,4.1,9.0
3620,8.5,7.8,6.2,8.0,7.5,4.5,6.8,2.5,7.2
3621,9.5,9.8,8.2,9.0,7.5,8.5,9.2,4.1,7.8
3622,8.5,7.2,4.1,6.5,8.8,8.5,7.2,4.1,6.8
3623,7.5,8.2,4.8,6.5,5.1,4.5,2.8,2.5,1.8
3624,7.5,8.2,6.8,7.1,5.9,4.5,7.2,2.8,6.1
3625,8.5,9.5,7.8,9.0,8.0,8.5,7.2,4.1,8.0
3626,8.5,6.8,4.2,7.1,7.5,4.5,2.8,3.2,1.8
3627,8.5,7.8,6.2,7.5,5.8,4.5,6.8,2.5,5.8
3628,9.5,9.8,8.2,9.9,7.5,8.5,9.2,4.1,8.8
3629,8.5,9.5,7.8,9.0,8.2,7.5,8.2,4.1,6.8
3630,8.5,9.5,7.8,9.0,9.2,8.5,7.2,4.1,6.8
3631,9.5,8.8,6.2,8.5,7.0,7.5,8.2,4.1,6.8
3632,8.5,7.8,4.2,6.5,6.0,4.5,6.8,2.5,5.8
3633,7.5,8.8,4.2,6.5,3.1,4.5,2.8,1.5,3.2
3634,8.5,9.5,7.8,9.0,6.2,7.5,8.2,4.1,6.8
3635,8.5,9.5,7.8,8.2,6.5,7.5,8.2,4.1,6.8
3636,8.5,7.8,6.2,7.5,8.8,8.5,7.2,4.1,6.8
3637,7.5,8.2,4.1,6.5,9.0,7.5,6.2,4.1,5.8
3638,8.5,7.8,6.2,8.0,4.5,4.5,2.8,2.5,1.8
3639,8.5,6.8,4.2,7.1,3.5,4.5,2.9,1.8,3.1
3640,8.5,7.8,6.2,7.5,8.0,4.5,6.8,2.5,5.8
3641,8.5,7.8,4.2,6.5,5.1,7.5,8.2,2.5,6.8
3642,5.0,9.5,8.5,9.0,7.0,8.5,9.2,4.1,7.8
3643,8.5,9.8,8.2,9.0,7.5,8.5,9.2,4.1,7.8
3644,8.5,9.5,8.0,9.0,7.5,8.5,7.2,4.1,6.8
3645,8.5,6.8,4.2,7.1,3.5,4.5,2.8,1.5,1.8
3646,9.5,9.8,8.2,9.0,8.5,8.5,9.2,7.8,8.0
3647,7.5,8.2,4.8,6.5,8.8,4.5,6.8,2.5,5.8
3648,9.5,9.8,8.2,9.0,7.5,8.5,7.2,4.8,6.8
3649,8.5,8.0,6.5,7.8,7.2,7.5,6.2,4.1,5.8
3650,8.5,9.8,8.2,9.0,7.5,8.5,7.2,4.1,6.8
3651,8.5,9.5,7.8,9.2,8.0,8.5,9.2,4.1,7.8
3652,8.5,8.0,6.5,7.8,4.2,8.5,7.2,2.8,6.8
3653,8.5,9.8,8.2,9.5,7.8,8.5,9.2,4.1,8.8
3654,8.5,9.5,7.8,9.0,8.2,8.5,9.2,6.8,7.1
3655,8.5,6.8,4.2,7.1,5.5,4.5,6.8,2.5,7.2
3656,9.5,9.8,8.2,9.0,7.5,8.5,9.2,4.1,7.8
3657,8.5,9.5,7.2,8.8,6.5,7.5,8.2,4.1,6.8
3658,8.5,6.8,2.5,4.2,7.1,4.5,6.8,3.2,5.1
3659,9.5,9.8,8.2,9.0,7.5,8.5,7.2,6.8,8.0
3660,7.5,4.2,2.1,6.5,3.8,2.5,1.8,1.2,1.5
3661,8.5,9.8,6.1,8.2,7.9,8.5,9.2,4.1,8.8
3662,8.5,9.5,7.8,8.2,6.5,8.5,7.2,4.1,6.8
3663,8.5,6.8,4.2,7.1,5.5,4.5,2.5,3.2,1.8
3664,8.5,7.8,6.2,8.0,7.5,7.5,8.2,4.1,6.8
3665,8.5,9.5,7.8,8.2,8.8,7.5,8.2,4.1,6.8
3666,6.5,8.2,4.8,7.1,6.8,4.5,6.8,2.5,5.8
3667,8.5,9.5,7.8,9.0,6.2,7.5,8.2,4.1,6.8
3668,4.5,2.1,1.8,3.2,0.9,0.5,1.2,1.8,0.8
3669,9.5,9.8,8.2,9.0,8.5,8.5,9.2,6.8,7.1
3670,8.5,9.5,8.0,8.8,6.5,7.5,6.2,4.1,5.8
3671,7.5,8.2,4.1,6.5,8.8,4.5,6.8,7.2,5.8
3672,8.5,7.2,4.8,6.5,3.1,4.2,2.5,3.1,1.8
3673,9.5,8.8,6.2,8.5,7.1,8.5,6.2,2.5,7.8
3674,6.5,4.2,2.1,3.8,2.5,4.5,6.8,3.2,5.5
3675,9.5,9.8,8.2,9.0,7.5,8.5,9.2,4.1,8.8
3676,8.5,9.8,9.2,9.5,9.0,9.5,8.8,6.5,9.0
3677,8.5,9.5,7.8,8.2,6.5,8.5,7.2,4.1,6.8
3678,7.5,8.2,6.8,7.0,4.5,4.5,6.8,3.2,7.1
3679,8.5,8.0,6.5,8.8,7.2,7.5,8.2,4.1,6.8
3680,9.0,9.5,7.8,8.5,9.8,8.5,9.2,2.1,6.8
3681,8.5,6.8,4.2,7.5,5.1,7.5,4.2,2.8,6.8
3682,8.5,9.8,8.2,9.5,7.8,8.5,9.2,6.8,7.1
3683,8.5,7.8,6.2,7.5,5.8,7.5,8.2,4.5,6.8
3684,8.5,7.2,4.8,7.5,6.1,4.5,2.8,1.5,3.2
3685,8.5,9.5,7.8,8.2,6.5,8.5,9.2,4.1,6.8
3686,8.5,9.5,7.8,9.0,8.2,8.5,9.2,6.8,8.0
3687,9.5,8.2,6.8,9.0,7.5,7.5,6.2,4.1,5.8
3688,8.5,9.5,8.0,9.0,7.0,8.5,9.2,2.8,8.0
3689,4.5,6.8,2.9,4.2,7.1,4.5,6.8,3.2,5.1
3690,9.5,9.8,8.2,9.9,8.5,8.5,9.2,7.8,6.8
3691,8.5,7.2,6.8,7.5,4.1,4.5,6.8,3.2,5.1
3692,8.5,4.2,2.1,3.8,6.9,4.5,2.8,1.5,1.8
3693,7.5,4.2,2.1,3.8,2.5,2.5,4.2,1.8,1.5
3694,8.5,9.0,7.8,8.2,6.5,7.5,6.8,4.2,8.0
3695,7.5,4.2,2.1,4.8,6.5,4.5,2.8,1.5,3.2
3696,8.5,9.8,9.5,9.2,9.0,8.5,9.2,6.8,8.0
3697,7.5,4.2,2.1,6.5,3.8,2.5,4.2,1.8,1.5
3698,9.5,9.8,8.5,9.2,6.8,9.5,9.8,8.2,8.5
3699,8.5,7.2,4.8,6.5,3.1,2.5,4.2,1.8,1.5
3700,8.5,9.5,7.8,8.2,9.0,7.5,8.2,4.1,6.8
3701,8.5,7.8,4.2,6.5,8.0,8.5,6.2,2.1,7.8
3702,8.5,8.2,6.8,8.0,7.5,7.5,8.2,4.1,6.8
3703,0.0,9.5,8.8,9.2,6.5,8.5,9.2,6.8,7.1
3704,8.5,9.5,7.8,8.2,6.5,8.5,7.2,4.1,6.8
3705,7.5,8.8,6.5,7.2,5.8,4.5,7.2,2.8,6.1
3706,8.5,8.0,6.5,7.2,5.8,7.5,6.2,4.1,5.8
3707,8.5,6.8,4.2,7.1,5.5,4.5,6.8,2.1,5.9
3708,0.5,4.2,1.8,2.5,3.1,2.5,4.2,1.8,3.5
3709,8.5,9.5,7.2,8.8,6.1,7.5,8.2,2.5,6.8
3710,5.5,7.8,4.2,6.5,6.0,4.5,6.8,2.5,5.8
3711,8.0,8.5,6.5,7.8,9.0,8.5,7.2,4.1,6.8
3712,8.5,6.8,4.2,7.1,3.5,4.5,2.8,2.5,6.8
3713,8.5,9.5,8.0,9.0,6.5,8.5,8.2,4.1,7.8
3714,9.5,8.8,6.5,8.2,4.1,8.5,7.2,2.8,6.8
3715,9.5,9.8,8.2,9.0,7.5,8.5,9.2,4.1,7.8
3716,7.5,8.8,6.5,7.2,5.8,4.5,6.8,3.2,5.1
3717,7.5,8.2,6.8,8.5,5.1,7.5,6.2,2.8,5.5
3718,8.5,9.5,7.8,8.2,6.5,4.5,6.8,3.2,5.1
3719,8.5,9.5,6.8,8.2,7.1,8.5,9.2,7.8,1.5
3720,8.5,9.5,8.0,9.0,7.5,8.5,7.2,4.1,8.8
3721,8.5,9.5,7.8,8.2,6.5,7.5,8.2,4.1,6.8
3722,8.5,9.5,8.0,9.0,8.8,7.5,8.2,4.1,6.8
3723,8.5,6.8,4.2,7.1,5.5,4.5,2.8,3.2,1.8
3724,4.5,9.5,8.8,8.2,6.0,8.5,7.2,6.8,8.0
3725,9.5,8.8,7.2,8.5,9.0,8.5,7.2,4.1,6.8
3726,0.0,9.5,2.8,4.2,8.5,8.5,7.2,6.8,4.1
3727,8.5,9.5,7.8,9.0,8.8,7.5,6.8,2.5,8.2
3728,8.5,9.5,7.8,9.2,8.0,7.5,8.2,4.1,6.8
3729,8.5,7.8,6.2,7.1,6.5,4.5,6.8,2.5,5.8
3730,7.5,4.2,6.8,6.5,2.1,2.5,1.8,1.2,1.0
3731,8.5,9.5,6.8,8.2,7.1,8.5,6.2,4.1,7.8
3732,7.5,8.2,4.8,6.5,6.8,4.5,6.8,2.5,5.8
3733,9.5,9.8,8.2,9.0,8.5,8.5,9.2,6.8,4.1
3734,8.5,9.5,8.8,9.2,7.0,8.5,7.2,4.1,6.8
3735,8.5,4.2,2.1,6.5,3.8,4.5,2.8,1.5,1.8
3736,8.5,6.8,4.2,7.1,8.0,7.5,4.2,2.8,3.5
3737,8.5,9.5,7.8,8.2,9.0,8.5,7.2,4.1,6.8
3738,8.5,9.5,7.8,9.0,9.8,8.5,7.2,6.8,8.0
3739,7.5,8.8,6.2,7.0,5.5,4.5,6.8,2.5,7.2
3740,8.5,6.8,4.2,7.1,3.5,7.5,4.2,2.5,6.8
3741,8.5,6.8,4.2,7.1,5.5,4.5,6.8,2.5,7.2
3742,8.5,9.5,8.0,9.0,7.0,8.5,7.2,2.5,6.8
3743,8.5,9.5,7.8,9.0,8.2,8.5,7.2,4.1,6.8
3744,8.5,7.8,4.2,6.5,3.1,7.5,6.2,2.8,5.5
3745,8.5,6.8,2.5,7.2,4.1,8.5,4.2,2.5,6.8
3746,8.5,6.8,4.2,7.1,5.5,2.5,1.8,1.2,1.5
3747,8.5,9.5,7.2,8.8,6.8,8.5,9.2,4.1,7.8
3748,8.5,7.8,4.2,6.5,3.1,4.5,7.2,2.8,6.1
3749,8.5,7.8,4.2,6.5,8.0,7.5,6.2,4.1,5.8
3750,7.5,6.8,4.2,6.5,5.1,4.5,2.8,2.5,6.8
3751,6.5,7.8,4.2,6.1,5.9,4.5,6.8,2.5,5.8
3752,8.5,9.5,7.8,9.0,6.2,7.5,8.2,4.1,6.8
3753,8.5,6.8,4.2,7.1,2.5,2.5,1.8,1.2,1.0
3754,8.5,6.8,4.2,7.1,5.5,4.5,6.8,2.5,5.8
3755,8.5,4.2,2.1,6.8,3.5,4.5,2.5,1.8,3.2
3756,9.5,6.8,5.2,9.0,4.5,4.5,2.1,1.8,6.8
3757,8.5,7.8,4.2,6.5,3.1,4.5,7.2,2.8,6.5
3758,8.5,7.8,6.2,7.5,5.8,7.5,6.2,4.8,5.5
3759,8.5,9.8,8.2,9.5,7.1,8.5,9.2,4.1,7.8
3760,8.5,9.8,8.2,9.5,7.8,8.5,9.2,4.1,8.8
3761,8.5,9.5,7.8,9.0,8.2,7.5,6.2,4.8,8.1
3762,9.5,9.8,8.5,9.2,7.8,8.5,9.2,4.1,8.8
3763,8.5,9.5,6.8,8.2,4.1,4.5,6.8,2.5,3.8
3764,8.5,6.8,4.2,7.1,5.9,7.5,6.2,2.8,4.5
3765,8.5,6.8,4.2,7.1,2.5,4.5,2.8,2.5,1.8
3766,8.5,6.8,4.2,7.1,5.9,4.5,6.8,3.2,5.1
3767,8.5,7.8,6.2,8.0,4.5,4.5,6.8,2.1,5.9
3768,7.5,8.2,6.8,8.5,8.0,7.5,6.2,4.8,5.5
3769,8.5,9.5,8.0,9.0,9.8,8.5,9.2,4.1,7.8
3770,8.5,7.8,6.2,8.8,4.5,4.5,7.2,2.8,6.8
3771,8.5,4.2,2.1,6.8,3.5,2.5,1.8,1.2,1.0
3772,7.5,4.2,2.1,6.5,3.8,2.5,4.2,1.8,1.5
3773,8.5,7.8,6.2,8.0,5.5,7.5,6.2,2.8,8.1
3774,7.5,8.8,6.2,7.0,8.0,7.5,8.2,4.1,6.8
3775,7.5,4.2,2.1,4.8,3.5,2.5,4.2,1.8,1.5
3776,8.5,7.8,6.2,7.5,8.0,7.5,8.2,4.1,6.8
3777,8.5,6.8,4.2,7.1,5.5,2.5,1.8,1.2,1.0
3778,4.0,6.5,2.8,4.2,3.5,4.5,6.2,2.8,5.1
3779,8.5,9.5,8.0,9.0,7.5,8.5,6.2,4.8,7.1
3780,8.5,4.2,2.1,6.8,3.5,2.5,1.8,1.2,1.5
3781,9.5,9.8,8.5,9.2,7.8,8.5,9.2,4.1,8.8
3782,9.5,9.8,8.2,9.0,8.5,8.5,7.2,4.1,8.8
3783,8.5,9.5,7.8,8.2,6.5,7.5,8.2,4.1,6.8
3784,8.5,7.8,4.2,8.1,8.8,4.5,2.8,1.5,6.8
3785,8.5,9.8,7.2,9.5,9.9,8.5,9.2,6.8,7.1
3786,8.5,7.8,4.2,6.5,6.0,4.5,2.9,3.1,6.8
3787,7.5,8.2,6.8,8.5,7.0,4.5,2.8,2.5,6.8
3788,7.5,8.2,6.8,8.5,4.1,4.5,6.8,2.5,7.2
3789,8.5,9.5,7.8,8.2,6.5,8.5,9.2,4.1,7.8
3790,9.5,9.8,8.2,9.0,8.5,8.5,9.2,4.8,7.1
3791,8.5,7.8,6.2,8.0,7.5,8.5,7.2,4.1,6.8
3792,8.5,9.5,8.0,9.0,7.5,8.5,7.2,4.1,6.8
3793,8.5,9.5,7.8,8.2,6.5,7.5,6.2,4.8,5.5
3794,8.5,4.2,2.1,6.5,3.8,2.5,1.8,1.2,1.5
3795,7.5,8.2,4.8,6.5,3.1,4.5,6.8,2.5,5.8
3796,8.5,6.8,4.2,7.1,5.9,4.5,6.8,3.2,5.8
3797,8.5,9.5,7.8,9.0,6.5,7.5,8.2,4.5,6.8
3798,9.5,9.8,8.2,9.0,8.5,8.5,9.2,4.1,8.8
3799,,,,,,9.5,8.2,7.8,8.5
3800,7.5,8.2,4.8,6.5,5.1,4.5,7.2,2.8,6.5
3801,8.5,6.8,4.2,7.1,5.9,4.5,6.8,3.2,5.1
3802,8.5,8.8,7.2,8.0,6.5,7.5,6.2,4.1,5.8
3803,8.5,6.8,4.2,7.1,5.5,2.5,1.8,1.2,1.5
3804,7.5,8.2,6.8,7.1,8.5,7.5,6.2,2.8,4.5
3805,8.5,9.5,7.8,8.2,6.5,7.5,8.2,4.1,6.8
3806,9.5,8.8,7.2,9.0,8.5,8.5,7.2,4.1,6.8
3807,7.5,6.8,4.2,6.5,5.1,4.5,6.8,2.5,5.8
3808,9.5,9.8,8.2,9.0,6.5,8.5,9.2,4.1,7.8
3809,7.5,8.2,6.8,8.5,9.0,7.5,6.2,4.1,5.8
3810,8.5,7.2,6.8,7.5,4.1,4.5,2.8,2.5,1.8
3811,8.5,7.8,6.2,7.5,4.8,7.5,6.2,4.8,5.5
3812,8.5,9.5,8.0,9.0,7.5,8.5,9.2,4.1,8.8
3813,3.0,2.0,1.5,4.0,1.0,1.5,2.1,1.8,1.2
3814,7.5,8.2,6.1,7.8,5.9,4.5,7.2,2.8,5.8
3815,8.5,9.5,6.8,8.2,7.1,4.5,2.1,1.8,1.2
3816,0.0,2.5,1.8,2.0,1.2,2.5,1.8,1.2,1.0
3817,8.5,9.5,8.8,9.2,7.0,8.5,7.2,4.1,6.8
3818,8.5,9.0,7.2,8.0,6.5,7.5,8.2,4.1,6.8
3819,8.5,6.8,4.2,7.1,5.9,4.5,6.8,3.2,5.1
3820,8.5,6.8,4.2,7.5,5.1,4.5,2.8,1.5,1.8
3821,8.5,7.8,6.2,8.0,7.5,7.5,4.2,4.5,3.8
3822,8.5,9.5,7.8,9.0,6.5,4.5,7.2,2.8,6.8
3823,8.5,9.5,8.0,9.0,7.5,8.5,7.2,4.8,6.8
3824,7.5,4.2,2.8,6.5,6.0,2.5,2.8,1.5,1.2
3825,4.5,6.8,2.9,4.2,5.1,4.5,6.2,2.8,5.1
3826,8.5,9.5,7.8,8.2,6.1,4.5,6.8,2.5,5.8
3827,9.5,8.2,7.8,9.8,6.5,4.5,2.8,1.5,6.8
3828,7.5,8.8,6.2,8.5,4.8,7.5,8.2,4.1,6.8
3829,8.5,9.8,7.2,8.8,9.5,8.5,7.2,4.1,8.8
3830,7.5,6.8,4.2,6.5,5.1,4.5,6.8,2.5,7.2
3831,7.5,4.2,2.1,6.5,3.8,2.5,4.2,1.8,1.5
3832,9.5,8.2,7.1,8.8,4.5,4.5,2.8,3.2,6.8
3833,7.5,8.2,6.8,7.1,5.9,4.5,7.2,2.8,6.5
3834,9.5,9.8,8.2,9.0,7.5,8.5,7.2,4.1,6.8
3835,8.5,6.8,4.2,7.1,5.5,4.5,2.8,2.5,1.8
3836,9.5,8.8,7.2,8.5,9.0,8.5,7.2,4.1,6.8
3837,2.5,8.5,6.8,4.2,7.1,4.8,8.5,6.8,5.5
3838,7.5,4.2,2.1,6.8,3.5,2.5,4.2,3.1,1.8
3839,8.5,9.5,7.8,8.2,6.5,7.5,8.2,2.5,6.8
3840,6.5,8.2,4.8,7.1,9.0,7.5,8.2,4.1,6.8
3841,8.5,7.8,6.2,7.5,4.8,4.5,6.8,2.5,5.8
3842,8.5,9.5,7.8,8.2,8.8,7.5,8.2,4.1,6.8
3843,8.5,4.2,2.1,6.5,3.8,0.5,0.8,1.2,0.8
3844,8.5,9.5,7.8,8.2,6.5,7.5,8.2,4.5,6.8
3845,8.5,4.2,2.1,6.8,3.5,4.5,6.8,2.5,5.8
3846,8.5,7.8,4.2,6.5,6.8,7.5,8.2,4.1,6.8
3847,8.5,9.5,8.0,9.0,7.5,7.5,8.2,4.1,6.8
3848,7.5,6.8,4.2,6.5,7.0,4.5,6.8,2.5,5.8
3849,8.5,9.5,7.8,8.2,6.5,4.5,7.2,2.8,6.5
3850,4.5,7.8,2.1,6.5,8.2,4.5,6.8,2.5,7.2
3851,8.5,9.5,7.8,8.2,6.5,7.5,6.2,4.1,5.8
3853,8.5,7.8,4.2,6.5,6.1,4.5,2.8,3.2,6.8
3854,4.5,6.8,2.9,7.1,3.4,4.5,2.8,2.5,6.8
3855,8.5,7.8,6.2,8.0,7.5,8.5,7.2,4.1,6.8
3856,8.5,6.8,4.2,7.1,5.5,4.5,2.8,3.2,1.8
3857,8.5,6.8,4.2,7.1,5.5,4.5,6.8,3.2,1.8
3858,8.5,9.8,9.2,9.5,7.8,8.5,9.2,4.1,8.8
3859,8.5,8.0,6.5,7.2,4.8,7.5,8.2,2.5,6.8
3860,8.5,4.2,2.1,6.5,3.8,4.5,2.8,2.5,3.8
3861,8.5,9.5,8.2,9.0,8.8,7.5,8.2,2.5,6.8
3862,8.5,9.8,8.2,9.0,9.5,8.5,9.2,4.1,7.8
3863,8.5,9.5,7.8,8.2,6.5,7.5,8.2,4.1,6.8
3864,9.5,9.8,9.2,9.5,8.5,8.5,9.2,4.1,8.8
3865,8.5,6.8,4.2,7.1,5.9,4.5,6.8,3.2,1.8
3866,7.5,4.2,2.1,3.5,6.8,2.5,4.2,1.8,3.5
3867,8.5,7.8,6.2,7.5,5.1,4.5,7.2,2.8,6.5
3868,8.5,9.5,6.8,7.2,8.8,4.5,6.8,2.5,3.8
3869,8.5,8.0,6.5,8.2,4.8,7.5,6.2,2.8,4.5
3870,4.5,2.8,1.5,3.2,2.1,2.5,1.8,1.2,1.5
3871,4.5,7.8,2.9,6.1,8.5,7.5,4.2,2.8,4.5
3872,9.5,9.8,8.2,9.9,8.5,8.5,9.2,4.1,7.8
3873,8.5,4.2,2.8,6.5,1.8,2.5,1.8,1.2,1.5
3874,7.5,4.2,2.1,6.5,3.8,2.5,4.2,3.8,1.8
3875,9.5,9.8,8.5,9.9,7.2,8.5,9.2,4.1,8.8
3876,8.5,9.5,7.8,8.2,6.5,7.5,8.2,4.1,6.8
3877,8.5,9.5,7.8,8.2,6.1,8.5,7.2,2.5,6.8
3878,8.5,9.8,9.2,9.5,8.8,8.5,9.2,4.1,8.8
3879,8.5,7.2,4.8,6.5,3.1,4.5,6.8,2.5,5.8
3880,8.5,9.5,7.8,8.2,6.5,4.5,2.5,1.8,1.2
3881,8.5,9.5,7.8,8.2,6.5,4.5,7.2,2.8,6.8
3882,8.5,9.5,8.0,9.0,8.8,8.5,7.2,4.1,6.8
3883,9.5,9.8,8.5,8.2,9.0,8.5,8.2,4.1,7.8
3884,8.5,8.8,7.2,8.0,6.5,7.5,6.2,4.1,5.8
3885,8.5,4.2,2.1,6.8,3.5,4.5,2.8,1.5,3.5
3886,8.5,9.5,8.8,9.2,6.5,8.5,8.2,4.1,7.8
3887,7.5,8.2,4.8,6.5,6.0,4.5,6.8,2.5,5.8
3888,8.5,9.5,6.8,7.2,8.0,4.5,6.8,2.5,7.2
3889,8.5,9.5,7.8,9.2,6.8,8.5,7.2,4.8,6.8
3890,6.5,4.2,2.1,6.8,3.5,4.5,2.8,1.5,1.8
3891,7.5,9.5,8.2,8.8,6.8,7.5,8.2,4.1,8.5
3892,8.5,7.8,6.2,8.0,5.5,7.5,6.2,4.1,8.1
3893,8.5,9.5,8.0,9.0,7.0,8.5,7.2,4.8,6.8
3894,8.5,9.5,7.8,8.2,6.5,8.5,6.2,2.8,7.1
3895,8.5,9.8,8.2,9.5,9.0,8.5,7.2,4.1,6.8
3896,8.5,6.8,4.2,7.1,5.9,4.5,7.2,6.8,5.1
3897,8.5,7.8,6.2,8.0,7.5,7.5,8.2,4.1,6.8
3898,8.5,9.5,8.2,9.0,7.8,7.5,8.2,4.5,6.8
3899,8.5,7.8,4.2,6.5,5.1,4.5,6.8,2.5,3.8
3900,8.5,9.5,7.8,8.2,6.5,4.5,7.2,2.8,6.5
3901,8.5,7.8,6.2,8.0,7.5,4.5,6.8,2.5,5.8
3902,8.5,9.5,7.8,8.2,6.5,7.5,8.2,4.1,6.8
3903,8.5,9.5,7.8,8.2,6.5,7.5,8.2,4.1,6.8
3904,8.5,9.5,7.2,8.8,6.1,4.5,7.2,2.8,6.1
3905,7.5,6.8,2.5,4.2,8.1,7.5,6.2,2.8,4.5
3906,8.5,9.5,7.8,8.2,9.0,7.5,8.2,4.1,6.8
3907,8.5,6.8,4.2,7.1,5.9,4.5,6.8,2.5,5.8
3908,4.5,2.1,1.8,2.5,3.2,0.5,1.2,2.1,0.8
3909,9.5,8.8,6.2,8.5,4.8,8.5,9.2,6.8,7.1
3910,7.5,8.2,6.8,7.0,8.5,7.5,6.2,4.8,5.5
3911,8.5,9.5,8.0,7.8,6.5,8.5,7.2,4.1,6.8
3912,7.5,8.2,4.8,6.5,3.1,4.5,6.8,2.5,7.2
3913,8.5,7.8,4.2,6.5,3.1,4.5,6.8,2.1,5.9
3914,8.5,9.5,7.8,8.2,6.5,8.5,9.2,4.1,7.8
3915,0.0,0.0,0.0,0.0,0.0,2.5,1.8,1.2,4.1
3916,8.5,4.2,2.1,6.5,3.8,4.5,2.8,1.5,3.2
3917,0.0,4.5,2.8,3.2,1.5,4.5,2.8,2.5,1.8
3918,4.5,8.2,6.1,7.5,5.8,2.5,1.8,1.2,1.5
3919,8.5,9.5,7.8,8.2,6.5,8.5,7.2,4.1,8.8
3920,8.5,9.5,7.8,8.2,9.0,7.5,8.2,2.5,6.8
3921,8.5,9.5,8.0,9.0,7.5,8.5,7.2,4.1,8.8
3922,8.5,7.8,6.2,8.0,4.5,7.5,6.2,4.8,5.5
3923,7.5,6.8,2.5,4.2,3.1,4.5,6.8,2.5,7.2
3924,8.5,9.5,7.8,9.0,6.2,8.5,9.2,4.1,6.8
3925,8.5,9.5,7.8,9.2,8.0,8.5,7.2,6.8,8.0
3926,8.5,9.5,7.8,8.2,6.5,7.5,8.2,2.5,6.8
3927,8.5,6.8,4.2,7.1,5.5,4.5,2.8,2.5,1.8
3928,7.5,8.2,4.8,6.5,6.8,7.5,6.2,2.8,4.5
3929,8.5,6.8,4.2,7.1,8.0,4.5,2.8,6.8,8.5
3930,9.5,8.8,6.5,8.2,7.0,7.5,8.2,4.1,6.8
3931,4.5,8.2,6.8,7.5,5.1,4.5,7.2,2.8,6.5
3932,9.5,9.8,8.2,9.0,8.5,8.5,9.2,7.8,6.8
3933,8.5,9.5,7.8,9.2,8.0,8.5,7.2,4.1,6.8
3934,7.0,8.5,6.8,8.0,7.5,7.5,8.2,4.1,6.8
3935,8.5,9.5,7.8,9.0,8.2,4.5,6.8,2.5,7.2
3936,9.5,8.8,6.2,8.5,7.1,7.5,8.2,4.1,6.8
3937,8.5,9.5,7.8,8.2,6.5,7.5,8.2,4.1,6.8
3938,8.5,6.8,4.2,7.1,5.5,4.5,6.8,3.2,5.1
3939,8.5,9.5,8.8,9.2,8.0,8.5,9.2,4.1,8.8
3940,8.5,7.8,6.2,8.0,4.5,4.5,7.2,2.8,6.5
3941,9.5,6.8,4.2,7.5,8.1,4.5,6.8,3.2,5.1
3942,8.5,9.5,6.8,7.2,8.0,4.5,7.2,6.8,5.1
3943,7.5,8.2,6.8,7.9,8.5,7.5,8.2,6.8,5.5
3944,8.5,9.5,7.8,8.2,6.5,8.5,7.2,4.1,6.8
3945,8.5,9.5,8.8,9.2,7.0,8.5,9.2,4.1,7.8
3946,8.5,9.5,7.8,9.0,6.2,8.5,7.2,4.8,6.8
3947,7.5,8.2,4.8,8.5,7.8,4.5,7.2,2.8,5.1
3948,9.5,8.2,6.8,8.5,7.1,8.5,6.2,4.1,7.8
3949,9.5,9.8,8.2,9.0,7.5,8.5,7.2,4.1,6.8
3950,8.5,7.8,6.2,8.0,4.5,7.5,6.2,4.1,8.1
3951,9.5,8.8,7.2,8.5,6.8,8.5,7.2,4.1,6.8
3952,9.5,8.8,6.5,9.2,7.1,8.5,7.2,4.1,6.8
3953,7.5,8.2,6.8,7.8,4.5,7.5,6.2,2.8,4.5
3954,9.5,9.8,8.2,9.0,8.5,8.5,8.2,6.8,7.1
3955,9.5,8.2,6.8,8.5,4.1,4.5,2.1,1.8,1.5
3956,8.5,7.8,6.2,8.0,5.5,4.5,6.8,2.5,5.8
3957,9.5,9.8,8.2,9.0,7.5,7.5,8.2,4.1,6.8
3958,6.5,4.2,2.8,4.5,3.1,2.5,1.8,1.2,1.0
3959,8.5,4.2,2.1,3.8,6.5,4.5,2.1,1.8,1.2
3960,7.0,8.5,6.8,8.2,5.5,7.5,8.2,4.1,6.8
3961,8.5,7.8,4.2,6.5,8.0,8.5,7.2,4.1,4.8
3962,8.5,9.5,8.8,9.2,7.0,4.5,2.8,1.5,3.2
3963,8.5,8.0,6.5,7.2,5.8,4.5,6.8,2.5,5.8
3964,8.5,8.0,6.5,7.8,5.2,4.5,7.2,2.8,6.5
3965,8.5,6.8,4.2,7.1,5.9,7.5,8.2,4.1,6.8
3966,8.5,9.5,8.0,9.0,7.0,7.5,8.2,4.1,6.8
3967,8.5,9.5,8.0,9.0,6.0,7.5,8.2,4.1,6.8
3968,8.5,9.5,7.8,9.0,8.0,8.5,7.2,4.1,6.8
3969,7.5,6.8,4.2,6.5,5.1,4.5,6.8,3.2,5.1
3970,8.5,6.8,2.5,4.2,3.1,4.5,2.8,2.5,1.8
3971,4.5,6.8,2.1,4.2,5.9,4.5,2.8,1.5,3.2
3972,7.5,8.2,4.1,6.5,8.8,7.5,4.2,2.5,3.8
3973,6.5,8.2,4.1,6.8,8.5,7.5,8.2,2.1,4.8
3974,8.5,9.5,8.0,9.0,9.8,8.5,6.2,4.1,7.8
3975,7.5,8.8,6.2,7.0,4.5,4.5,7.2,4.8,3.5
3976,8.5,9.0,6.8,8.2,4.5,7.5,8.2,2.5,6.8
3977,8.5,9.5,7.8,8.2,6.5,8.5,7.2,4.8,6.8
3978,8.5,9.5,6.8,8.2,9.0,7.5,8.2,4.1,6.8
3979,8.5,9.5,6.8,7.2,4.1,4.5,7.2,2.8,1.5
3980,7.5,8.2,6.8,7.1,8.5,2.5,4.2,3.8,1.8
3981,8.5,9.5,7.8,9.0,8.2,7.5,8.2,4.1,6.8
3982,7.5,6.8,4.2,6.5,3.1,2.5,4.2,1.8,1.5
3983,8.5,7.8,6.2,8.0,4.5,8.5,7.2,2.5,6.8
3984,8.5,9.5,7.8,8.2,9.0,7.5,8.2,4.1,6.8
3985,9.5,9.8,8.5,9.2,7.8,9.5,8.8,4.2,8.5
3986,8.5,9.8,9.2,9.5,8.0,8.5,7.2,4.1,6.8
3987,7.5,6.8,4.2,6.5,3.1,2.5,4.2,1.8,1.5
3988,7.5,8.2,4.8,6.5,5.1,8.5,4.2,2.1,3.5
3989,7.5,4.2,2.1,4.8,3.5,2.5,4.2,3.8,1.8
3990,9.5,8.8,7.2,8.5,6.8,8.5,7.2,4.1,6.8
3991,7.5,4.2,2.1,6.5,3.8,2.5,4.2,1.8,1.5
3992,7.5,8.2,4.8,6.5,8.8,4.5,2.8,1.5,1.8
3993,8.5,9.8,8.2,9.5,7.8,8.5,9.2,6.8,8.0
3994,7.5,8.8,6.5,8.2,9.5,4.5,2.8,2.5,6.8
3995,8.5,8.0,6.5,8.8,4.2,4.5,6.8,7.2,3.5
3996,9.5,8.2,6.8,8.5,7.1,4.5,7.2,2.8,6.1
3997,7.5,4.2,2.1,6.8,3.5,2.5,1.8,1.2,4.5
3998,8.5,9.5,7.8,8.2,9.0,8.5,7.2,4.1,6.8
3999,8.5,7.2,4.8,7.5,6.1,4.5,6.8,3.2,5.1
4000,7.5,4.2,2.1,4.8,3.5,4.5,6.8,2.5,5.8
4001,9.5,8.8,7.2,9.0,6.5,8.5,9.2,2.1,7.8
4002,9.5,9.8,8.5,9.2,7.8,8.5,9.2,4.1,7.8
4003,8.5,9.5,7.8,8.2,6.5,7.5,8.2,2.5,6.8
4004,8.5,9.5,7.8,8.2,9.0,7.5,8.2,2.5,6.8
4005,8.5,9.5,7.8,9.2,8.0,8.5,7.2,6.8,8.0
4006,8.5,9.5,6.8,8.2,4.1,4.5,6.8,2.5,1.8
4007,8.5,9.5,7.8,8.2,9.0,8.5,7.2,4.1,6.8
4008,9.5,8.2,4.8,8.5,9.0,8.5,7.2,4.1,6.8
4009,4.5,6.8,5.2,4.1,2.9,2.5,4.2,3.1,6.8
4010,8.5,7.8,4.2,8.0,3.5,4.5,2.8,2.5,1.8
4011,8.5,9.5,7.8,9.0,8.0,8.5,9.2,4.1,6.8
4012,7.5,8.2,6.8,7.1,8.5,4.5,7.2,6.8,8.1
4013,8.5,9.5,8.0,9.0,8.5,4.5,6.8,2.1,7.9
4014,8.5,9.5,6.8,8.2,7.9,4.5,7.2,2.8,6.1
4015,4.0,6.5,4.8,6.2,2.5,2.5,1.8,1.2,1.5
4016,7.5,8.8,6.2,7.0,8.0,7.5,6.2,4.1,8.1
4017,9.5,9.8,8.2,9.0,9.0,8.5,9.2,4.1,7.8
4018,7.5,8.2,4.1,6.5,8.8,4.5,6.8,2.5,5.8
4019,8.5,6.8,4.2,7.1,3.5,4.5,6.8,2.1,3.5
4020,8.5,9.5,8.0,9.0,7.5,8.5,9.2,6.8,7.1
4021,8.5,9.8,9.5,9.2,8.8,8.5,7.2,4.1,8.8
4022,8.5,7.8,6.2,7.5,4.8,4.5,6.8,2.5,3.8
4023,8.5,8.0,6.5,7.8,5.2,4.5,6.8,2.5,5.8
4024,8.5,9.5,7.8,8.2,6.5,4.5,7.2,2.8,6.1
4025,8.5,7.2,6.1,8.8,4.5,7.5,6.2,2.8,8.1
4026,8.5,9.5,7.8,9.0,6.5,7.5,8.2,4.1,6.8
4027,8.5,7.8,6.2,8.0,4.5,8.5,6.2,4.1,7.8
4028,8.5,9.5,7.8,8.2,6.5,7.5,8.2,6.8,8.5
4029,9.5,8.2,6.8,8.5,4.1,8.5,7.2,4.1,6.8
4030,8.5,7.8,6.2,7.5,5.8,4.5,7.2,2.8,5.1
4031,9.5,9.8,8.2,9.0,7.5,8.5,7.2,4.1,6.8
4032,9.5,9.8,8.2,9.0,6.5,8.5,7.2,4.1,6.8
4033,8.5,9.5,7.8,8.2,6.5,8.5,9.2,4.1,6.8
4034,6.5,8.2,4.1,6.8,7.5,2.5,4.2,1.8,3.5
4035,8.5,7.2,4.8,6.5,5.1,4.5,6.8,3.2,7.1
4036,8.5,7.8,6.2,8.0,5.5,4.5,2.8,1.5,6.8
4037,7.5,8.2,4.8,6.5,5.1,4.5,2.8,2.5,1.8
4038,7.5,4.2,2.1,6.5,5.8,4.5,6.8,2.5,7.2
4039,8.5,7.8,6.2,7.5,4.8,4.5,6.8,2.5,7.2
4040,9.5,8.2,6.8,8.5,4.1,7.5,6.2,4.1,5.8
4041,9.5,9.8,8.2,9.0,7.5,8.5,9.2,4.1,7.8
4042,8.5,6.8,5.2,7.9,4.1,4.5,2.8,2.5,6.8
4043,9.5,9.8,8.2,9.0,9.0,8.5,7.2,4.1,6.8
4044,6.5,8.8,7.2,8.5,4.8,7.5,8.2,4.1,6.8
4045,4.5,8.2,2.8,6.5,3.1,4.5,2.8,2.5,1.8
4046,8.5,9.5,7.8,8.2,6.5,8.5,7.2,4.1,6.8
4047,8.5,9.0,7.8,9.2,6.5,7.5,8.2,4.5,6.8
4048,8.5,9.8,7.2,9.5,8.8,9.5,8.2,4.1,6.8
4049,8.5,6.8,4.2,7.1,3.5,4.5,7.2,2.8,5.8
4050,8.5,7.8,6.2,8.0,7.5,7.5,4.2,4.5,6.8
4051,8.5,9.5,7.2,8.8,6.5,7.5,6.8,2.5,6.2
4052,8.5,7.8,6.2,8.0,4.5,4.5,6.8,2.5,7.2
4053,8.5,7.8,4.2,6.5,5.1,4.5,6.8,3.2,5.1
4054,7.5,4.2,2.1,3.8,2.5,4.5,2.8,1.5,3.5
4055,8.5,7.8,6.2,7.5,4.8,4.5,2.8,3.2,1.5
4056,7.5,4.2,2.1,4.5,3.8,2.5,2.1,1.8,1.2
4057,10.0,8.5,6.8,7.2,4.5,7.5,8.2,2.5,6.8
4058,8.5,7.8,6.2,8.0,7.5,4.5,6.8,2.1,5.9
4059,7.5,6.8,4.2,6.5,8.1,4.5,2.5,1.8,3.2
4060,8.5,9.5,8.0,8.8,7.2,8.5,7.2,4.8,6.8
4061,8.5,9.5,7.8,9.0,8.2,7.5,8.2,4.1,6.8
4062,7.5,8.2,6.8,6.5,5.1,4.2,2.5,1.8,1.5
4063,8.5,7.8,6.2,8.0,7.5,7.5,4.2,2.8,6.8
4064,9.5,9.8,8.5,9.2,7.8,8.5,8.8,4.2,9.0
4065,8.5,6.8,4.2,7.1,6.5,4.5,6.8,2.5,5.8
4066,9.5,9.8,8.2,9.9,7.5,4.5,6.8,2.5,3.8
4067,7.5,8.2,4.8,6.5,5.1,4.5,6.8,3.2,1.8
4068,8.5,9.5,7.8,8.2,6.5,4.5,2.8,1.5,1.8
4069,8.5,7.8,4.2,6.5,6.8,4.5,6.8,2.5,5.8
4070,8.5,9.5,7.8,9.0,6.2,8.5,7.2,4.1,6.8
4071,7.5,6.8,4.2,6.5,5.1,2.5,1.8,1.2,1.0
4072,8.5,9.5,8.8,9.2,7.0,8.5,9.2,4.1,8.8
4073,7.5,8.2,6.8,8.5,7.0,7.5,8.2,4.5,8.8
4074,9.5,8.0,4.2,8.5,7.0,7.5,8.2,4.1,6.8
4075,8.5,7.8,6.2,8.0,4.5,4.5,6.8,2.5,7.2
4076,8.5,9.5,6.8,8.2,7.1,7.5,8.2,4.1,3.9
4077,9.0,6.0,4.0,8.0,3.0,2.5,4.2,1.8,1.5
4078,4.5,8.2,2.8,4.1,8.5,4.5,6.8,2.5,3.8
4079,7.5,6.8,4.2,6.5,8.1,4.5,6.8,2.5,5.8
4080,4.5,2.8,1.5,2.2,2.0,2.5,4.2,1.8,3.5
4081,8.5,9.5,7.8,8.2,6.1,7.5,8.2,4.1,6.8
4082,8.5,6.8,4.2,7.1,5.5,4.5,2.8,2.5,3.8
4083,9.5,9.8,8.5,9.2,7.8,8.5,8.2,4.1,7.8
4084,8.5,6.8,4.2,7.1,5.5,4.5,6.8,2.5,5.8
4085,7.5,8.2,4.8,6.5,8.0,4.5,7.2,2.8,5.1
4086,7.5,8.8,6.5,8.2,9.0,7.5,8.2,2.5,6.8
4087,8.5,9.8,9.5,9.2,8.0,8.5,9.2,4.1,8.8
4088,7.5,6.8,4.2,6.5,5.1,4.5,6.8,2.5,5.8
4089,8.5,7.2,4.8,6.5,3.1,4.5,6.8,2.5,5.8
4090,7.5,8.2,4.8,6.5,8.8,4.5,6.8,2.5,3.8
4091,8.5,9.8,9.5,9.2,8.0,8.5,9.2,6.8,8.0
4092,8.5,9.5,6.8,7.2,8.0,4.5,7.2,2.8,1.5
4093,8.5,9.5,7.8,8.2,6.5,8.5,9.2,4.1,7.8
4094,9.5,9.8,8.2,9.0,7.5,8.5,9.2,7.8,8.0
4095,8.5,9.5,6.8,8.2,7.1,7.5,8.2,4.1,6.8
4096,8.5,4.2,2.1,6.8,3.5,4.5,2.8,2.5,1.8
4097,4.5,8.2,6.8,7.5,8.5,8.5,6.2,4.1,7.8
4098,8.5,9.5,6.8,8.2,9.8,8.5,7.2,2.5,6.8
4099,7.5,2.5,1.8,4.2,2.1,2.5,1.8,1.2,1.5
4100,9.5,8.8,6.2,8.5,7.0,8.5,9.2,4.1,6.8
4101,8.5,6.8,4.2,7.1,5.9,7.5,4.2,2.8,4.5
4102,8.5,6.8,4.2,7.1,3.5,4.5,2.8,3.5,1.8
4103,7.5,8.2,6.1,7.8,5.9,4.5,7.2,2.8,6.8
4104,7.5,8.2,4.8,6.5,6.8,4.5,6.8,2.5,5.8
4105,9.5,9.8,9.2,9.9,9.5,9.5,9.8,4.2,9.0
4106,8.5,4.2,2.1,6.8,3.5,2.5,1.8,1.2,1.0
4107,8.5,9.5,7.8,9.0,6.5,7.5,8.2,6.8,8.5
4108,9.0,9.5,8.5,9.2,8.0,8.5,9.2,2.1,8.8
4109,7.5,4.2,2.1,6.5,3.8,0.5,0.8,1.2,0.2
4110,8.5,9.5,6.8,8.2,9.8,8.5,6.2,4.1,7.8
4111,8.5,7.8,6.2,8.0,4.5,7.5,6.2,4.8,5.5
4112,9.5,9.8,8.2,9.0,7.5,8.5,7.2,4.1,6.8
4113,8.5,7.8,6.2,8.0,4.5,4.5,6.8,2.5,7.2
4114,8.5,9.5,8.0,9.0,6.5,8.5,9.2,4.1,7.8
4115,7.5,8.2,4.8,6.5,3.1,2.5,4.2,1.8,3.5
4116,8.5,7.2,4.8,6.5,5.1,4.5,6.8,3.2,5.1
4117,6.5,8.2,4.8,7.5,6.8,4.5,6.8,2.5,5.8
4118,7.5,9.5,8.2,8.8,6.8,7.5,8.2,4.1,6.8
4119,9.0,9.5,8.5,9.0,8.0,8.5,7.2,4.1,6.8
4120,8.5,6.8,4.2,7.1,5.5,4.5,6.8,2.5,5.8
4121,8.5,8.0,6.5,8.2,5.8,8.5,7.2,2.5,6.8
4122,4.5,2.8,2.1,3.9,1.5,4.5,2.8,2.5,1.8
4123,7.5,8.2,4.1,6.5,6.8,4.5,6.8,2.1,5.9
4124,8.5,9.5,7.8,8.2,8.8,7.5,8.2,4.1,6.8
4125,8.5,9.5,8.8,9.2,7.0,8.5,8.2,4.1,7.8
4126,8.5,9.0,7.2,8.0,6.8,7.5,8.2,4.1,6.8
4127,8.5,9.5,7.8,8.2,6.5,4.5,6.8,2.5,3.8
4128,7.5,8.2,6.8,7.1,8.5,4.5,2.8,2.5,1.8
4129,7.5,8.8,6.5,8.2,4.5,7.5,8.2,4.1,6.8
4130,7.5,8.8,6.2,7.0,8.0,4.5,8.2,2.8,6.1
4131,8.5,9.5,7.8,8.2,6.5,8.5,7.2,6.8,8.0
4132,7.5,4.2,2.8,6.5,3.1,2.5,1.8,1.2,1.5
4133,7.5,6.8,4.2,6.5,5.1,4.5,6.8,3.2,5.1
4134,8.5,6.8,4.2,7.1,2.5,4.5,2.8,2.5,6.8
4135,7.5,8.2,4.8,6.5,3.1,4.5,6.8,2.5,5.8
4136,8.5,7.8,6.2,8.8,4.5,4.5,6.8,3.2,5.1
4137,0.0,8.5,7.2,6.8,4.1,4.5,7.2,8.1,6.8
4138,4.5,6.8,2.9,4.2,7.1,4.5,2.8,1.5,1.8
4139,8.5,4.2,2.1,6.8,3.5,4.5,6.8,2.5,5.8
4140,8.5,8.8,6.5,9.2,7.1,4.5,7.2,2.8,6.5
4141,8.5,9.5,8.0,9.0,6.5,7.5,8.2,4.1,6.8
4142,8.5,9.5,8.0,9.0,9.8,8.5,7.2,4.1,8.0
4143,8.5,9.5,7.8,8.2,6.5,8.5,9.2,4.1,8.8
4144,7.5,4.2,2.1,6.5,3.8,4.5,2.8,1.5,1.8
4145,9.5,6.8,4.2,7.5,3.1,7.5,6.2,2.8,8.1
4146,8.5,9.5,8.0,9.0,6.0,8.5,7.2,4.1,6.8
4147,8.5,9.5,8.8,9.2,6.5,7.5,8.2,4.1,6.8
4148,8.5,9.0,7.2,8.8,6.5,7.5,8.2,4.5,6.8
4149,8.5,9.5,7.8,8.2,6.5,8.5,9.2,4.1,7.8
4150,8.5,9.5,6.8,7.2,8.0,7.5,8.2,6.8,6.5
4151,8.5,9.5,7.8,8.2,6.5,8.5,7.2,4.1,6.8
4152,4.5,6.8,2.1,3.9,8.5,8.5,7.2,6.8,4.1
4153,6.5,8.2,4.8,6.1,7.5,4.5,8.2,2.8,6.5
4154,4.0,8.5,6.8,7.2,5.5,4.5,7.2,2.8,6.5
4155,8.5,7.8,4.2,6.5,6.0,4.5,2.5,1.8,6.8
4156,7.5,4.2,2.8,6.5,3.1,2.5,4.2,1.8,3.5
4157,7.5,8.8,6.5,8.2,7.0,7.5,8.2,4.1,6.8
4158,9.5,6.8,4.2,7.5,5.1,4.5,2.8,1.5,1.8
4159,9.5,9.8,8.2,9.0,7.5,8.5,9.2,4.1,7.8
4160,2.5,1.8,1.2,2.1,0.8,0.5,1.2,2.1,0.8
4161,8.5,7.8,6.2,8.0,9.0,4.5,2.8,1.5,6.8
4162,8.5,6.8,4.2,7.1,5.5,4.5,2.8,1.5,3.2
4163,8.5,9.5,7.8,8.2,6.5,8.5,7.2,4.1,6.8
4164,7.5,8.8,6.2,8.5,9.0,8.5,7.2,2.5,6.8
4165,4.5,2.8,1.5,3.2,0.8,2.5,1.8,3.2,1.5
4166,7.5,2.8,1.5,4.2,0.8,4.5,2.8,3.2,1.5
4167,6.5,8.2,4.1,4.8,2.5,4.5,6.8,2.5,5.8
4168,8.5,9.8,9.2,9.5,8.0,8.5,9.2,6.8,8.0
4169,9.5,9.8,7.2,8.5,8.8,8.5,7.2,4.1,6.8
4170,8.5,7.8,6.2,8.0,5.5,4.5,6.8,2.5,5.8
4171,7.5,6.8,4.2,6.5,5.1,4.5,6.8,2.5,5.8
4172,8.5,9.5,6.8,8.2,9.0,8.5,9.2,6.8,4.1
4173,8.5,4.2,2.1,6.8,5.5,7.5,4.2,2.8,3.5
4174,8.5,4.2,2.1,6.8,3.5,4.5,6.8,2.5,5.8
4175,8.5,9.5,7.8,8.2,6.5,7.5,8.2,4.1,6.8
4176,6.0,8.5,7.2,8.0,6.5,7.5,6.8,2.5,8.0
4177,8.5,9.5,8.0,7.5,6.5,7.5,6.2,2.8,4.5
4178,8.5,9.5,7.8,9.2,8.8,8.5,9.2,4.8,6.8
4179,8.5,9.5,6.8,8.2,7.1,8.5,7.2,2.5,6.8
4180,8.5,9.5,8.8,9.2,4.5,7.5,8.2,2.5,6.8
4181,8.5,9.5,7.2,8.8,9.0,8.5,7.2,4.8,6.8
4182,9.5,9.8,8.2,9.0,7.5,8.5,9.2,4.1,7.8
4183,8.5,9.5,8.8,9.0,7.2,8.5,9.0,2.5,6.8
4184,8.5,7.2,4.8,6.5,3.1,4.5,6.8,2.5,7.2
4185,4.5,6.8,2.1,3.9,5.6,4.5,2.8,1.5,3.2
4186,8.5,7.8,4.2,6.5,5.1,4.5,7.2,6.8,5.1
4187,7.5,6.8,4.2,6.5,8.1,4.5,7.2,6.8,5.1
4188,4.5,7.8,2.1,6.5,8.2,4.5,2.8,1.5,3.5
4189,9.5,8.8,6.2,8.5,7.8,7.5,8.2,4.1,6.8
4190,7.5,9.5,8.2,8.0,8.8,4.5,7.2,2.8,5.1
4191,4.5,2.8,1.5,3.2,2.1,2.5,4.2,3.8,1.8
4192,7.5,4.2,2.1,6.5,3.8,2.5,1.8,1.2,1.5
4193,6.5,2.8,2.1,4.2,1.5,0.5,1.2,1.8,1.0
4194,8.5,9.8,7.2,9.0,9.5,8.5,9.2,6.8,7.1
4195,8.5,9.5,8.0,9.0,7.5,7.5,6.2,4.8,8.1
4196,8.5,9.5,7.8,9.0,8.8,8.5,7.2,4.1,6.8
4197,8.5,7.8,4.2,6.5,5.9,7.5,8.2,4.1,6.8
4198,0.0,9.5,8.8,9.2,7.5,8.5,7.2,4.1,8.8
4199,0.0,8.5,7.2,6.8,8.0,7.5,8.2,4.1,6.8
4200,8.5,6.8,4.2,7.1,5.5,4.5,2.8,1.5,3.5
4201,8.5,9.5,7.8,8.2,9.8,8.5,7.2,6.8,8.0
4202,7.5,6.8,4.2,6.5,5.1,4.5,2.8,1.5,6.8
4203,8.5,9.8,7.2,9.0,8.0,8.5,9.2,6.8,4.1
4204,8.5,9.5,8.0,9.0,8.8,8.5,7.2,4.1,6.8
4205,8.5,9.5,7.2,8.8,6.8,4.5,6.8,2.5,5.8
4206,8.5,7.8,6.2,8.0,5.5,7.5,4.2,4.8,6.8
4207,9.5,9.8,8.2,9.0,7.5,8.5,7.2,6.8,4.5
4208,8.5,7.8,4.2,7.5,6.1,4.5,2.8,1.5,3.2
4209,8.5,9.5,8.0,9.0,7.0,7.5,6.2,6.8,8.1
4210,7.5,4.2,2.1,4.8,3.5,4.5,2.8,1.5,3.5
4211,7.5,8.8,4.2,6.5,9.0,8.5,7.2,2.5,4.8
4212,9.5,8.2,6.8,8.5,4.1,4.5,2.5,4.2,3.8
4213,8.5,9.5,6.8,8.2,7.1,7.5,8.2,4.1,6.8
4214,8.5,9.0,7.2,8.8,6.5,4.5,6.8,2.5,5.8
4215,0.0,6.5,4.2,3.8,7.1,4.5,2.8,3.2,1.5
4216,8.5,6.8,4.2,7.1,5.9,7.5,6.2,4.1,6.8
4217,7.5,4.2,2.8,6.5,3.1,4.5,6.8,2.1,5.9
4218,8.5,8.2,7.8,8.8,4.5,4.5,7.2,2.8,6.5
4219,8.5,4.2,2.1,6.8,6.0,4.5,6.8,2.5,3.8
4220,9.5,9.8,8.2,9.0,7.5,8.5,7.2,6.8,4.5
4221,8.5,7.8,4.2,6.5,6.8,4.5,6.8,2.1,5.9
4222,8.5,6.8,4.2,7.1,3.5,2.5,1.8,4.2,1.5
4223,8.5,9.5,8.2,9.0,7.8,8.5,8.2,4.1,7.8
4224,9.5,9.8,8.2,9.0,7.5,8.5,9.2,4.1,7.8
4225,9.5,9.8,8.5,9.2,8.8,8.5,9.2,4.1,8.8
4226,9.5,9.8,6.5,9.2,8.5,8.5,9.2,6.8,7.1
4227,8.5,7.2,4.1,6.8,3.5,0.5,1.2,0.8,1.5
4228,8.5,9.5,7.8,8.2,6.5,4.5,7.2,3.1,6.8
4229,8.5,7.8,4.2,6.5,5.1,7.5,8.2,4.1,6.8
4230,8.5,9.5,8.0,7.5,6.0,4.5,6.8,2.1,5.9
4231,8.5,9.5,7.8,9.0,9.8,8.5,7.2,4.1,6.8
4232,9.5,8.8,6.5,8.2,7.0,7.5,6.2,4.1,8.1
4233,8.5,9.5,7.8,8.2,9.0,7.5,8.2,4.1,6.8
4234,8.5,9.5,7.8,8.2,9.0,7.5,8.2,4.1,6.8
4235,8.5,7.8,4.2,6.5,8.0,4.5,2.8,3.2,6.8
4236,4.5,6.8,2.1,3.9,7.5,4.5,2.8,1.5,1.8
4237,8.5,4.2,2.1,6.8,3.5,0.0,0.0,0.0,0.0
4238,8.5,9.5,7.8,8.2,4.1,4.5,2.1,1.8,1.5
4239,8.5,9.5,7.8,9.0,6.2,7.5,8.2,2.5,6.8
4240,8.5,9.5,7.8,8.2,9.0,4.5,6.8,3.2,5.8
4241,8.5,9.5,7.8,8.2,9.0,8.5,9.2,6.8,7.1
4242,8.5,9.5,7.8,9.2,6.5,4.5,7.2,2.8,6.1
4243,8.5,9.8,7.2,9.5,8.0,8.5,9.2,4.1,6.8
4244,8.5,8.0,6.5,9.0,7.0,7.5,6.2,4.1,4.8
4245,7.5,8.2,4.8,6.5,8.8,8.5,7.2,4.1,6.8
4246,8.5,6.8,4.2,7.1,3.5,4.5,2.1,1.8,1.2
4247,8.5,9.5,6.8,8.2,7.1,7.5,8.2,4.1,6.8
4248,9.5,9.8,8.2,9.0,9.0,8.5,9.2,4.1,7.8
4249,8.5,9.5,6.8,7.2,8.0,7.5,8.2,2.5,6.8
4250,8.5,9.5,7.8,8.2,6.5,7.5,8.2,4.1,6.8
4251,8.5,9.5,7.8,9.0,9.2,8.5,7.2,2.8,6.8
4252,7.5,4.2,1.8,2.5,2.1,2.5,4.2,1.8,1.5
4253,8.5,9.5,6.8,8.2,7.1,7.5,8.2,4.1,6.8
4254,7.5,8.8,6.2,7.0,5.5,7.5,8.2,4.1,6.8
4255,8.5,9.8,8.2,9.5,6.8,8.5,9.2,4.1,7.8
4256,8.5,7.2,4.1,6.8,6.5,7.5,6.2,2.8,4.5
4257,8.5,9.5,6.8,8.2,7.1,7.5,8.2,4.1,6.8
4258,8.5,9.8,9.5,9.9,8.8,8.5,7.2,4.8,8.8
4259,9.5,9.8,8.2,9.0,6.5,8.5,7.2,4.1,6.8
4260,8.5,6.8,4.2,7.1,2.5,4.5,6.8,2.5,5.8
4261,9.5,9.8,8.2,9.0,7.5,8.5,9.2,2.8,7.1
4262,8.5,9.8,9.5,9.2,8.0,8.5,9.2,7.8,8.8
4263,9.5,9.8,8.5,9.2,7.8,8.5,9.0,4.2,7.8
4264,8.5,9.5,7.8,8.2,9.0,7.5,8.2,4.1,6.8
4265,8.5,7.8,6.2,8.0,4.5,4.5,2.8,2.5,1.8
4266,7.5,8.2,6.8,7.1,5.9,4.2,6.5,3.1,5.8
4267,8.5,7.8,4.2,6.9,5.1,4.5,6.8,2.5,7.2
4268,8.5,4.2,2.1,6.8,3.5,4.5,2.8,2.5,1.8
4269,8.5,9.8,8.2,9.5,8.8,8.5,9.2,7.8,6.9
4270,8.5,9.5,9.0,8.8,8.0,8.5,8.2,4.1,7.8
4271,8.5,9.5,7.8,8.2,4.1,7.5,8.2,2.5,6.8
4272,8.5,6.8,4.2,7.1,3.5,4.5,2.8,1.5,1.8
4273,7.5,6.8,4.2,6.5,5.1,4.5,2.8,1.5,3.2
4274,8.5,9.5,9.0,9.2,8.8,8.5,7.2,4.1,6.8
4275,8.5,9.8,8.2,9.5,9.0,8.5,7.2,4.8,8.0
4276,7.5,8.8,6.2,7.0,8.0,4.5,6.8,2.5,7.2
4277,8.5,9.8,8.2,9.5,9.0,8.5,7.2,4.8,6.8
4278,8.5,7.8,6.2,8.0,5.5,7.5,6.2,2.8,8.1
4279,8.5,9.5,7.8,8.2,6.5,8.5,9.2,4.1,7.8
4280,8.5,7.2,6.8,8.0,5.5,4.5,2.8,2.5,6.8
4281,9.5,9.8,8.2,9.0,7.5,8.5,9.2,7.8,8.0
4282,8.5,9.5,7.8,8.2,6.5,7.5,8.2,4.1,6.8
4283,8.5,7.8,4.2,6.5,5.1,4.5,2.8,1.5,1.8
4284,8.5,6.8,4.2,7.1,5.5,0.0,0.0,0.0,0.0
4285,8.5,9.5,7.8,8.2,9.0,8.5,7.2,4.1,6.8
4286,8.5,9.5,6.8,8.2,7.1,7.5,8.2,4.1,6.8
4287,8.5,7.8,4.2,6.5,8.0,7.5,6.2,2.8,5.5
4288,7.5,4.2,2.1,6.5,3.8,4.5,2.8,1.5,3.2
4289,8.5,9.8,9.2,9.5,8.8,8.5,9.2,6.8,8.0
4290,6.5,7.8,4.2,6.1,5.9,4.5,6.8,2.5,5.8
4291,8.5,9.0,7.2,8.8,6.5,4.5,6.8,2.5,7.2
4292,8.5,9.5,7.8,9.0,8.2,8.5,7.2,4.1,6.8
4293,8.5,9.5,7.8,9.0,8.2,8.5,7.2,4.1,6.8
4294,2.5,4.8,2.2,6.5,3.1,4.5,2.1,1.8,3.5
4295,8.5,6.8,4.2,7.1,5.5,4.5,6.8,2.5,5.8
4296,8.5,7.8,4.2,6.5,3.1,4.5,2.8,2.5,1.8
4297,8.5,7.8,6.2,8.0,5.5,4.5,6.8,2.5,5.8
4298,4.5,8.2,6.1,7.5,8.8,7.5,8.2,4.1,6.8
4299,8.5,9.5,8.0,9.0,9.0,8.5,7.2,4.1,6.8
4300,6.5,8.5,7.8,6.8,4.2,4.5,2.8,1.5,1.8
4301,7.5,8.2,6.1,7.8,5.9,4.5,6.8,3.2,5.1
4302,8.5,9.5,7.8,8.2,9.0,8.5,7.2,4.1,6.8
4303,8.5,9.5,7.8,9.2,6.5,7.5,8.2,4.1,6.8
4304,8.5,6.8,4.2,7.1,5.9,4.5,2.8,1.5,6.8
4305,0.5,2.1,1.8,2.5,1.1,2.5,1.8,1.2,1.0
4306,4.5,8.8,6.2,7.5,8.1,7.5,8.2,6.8,8.5
4307,8.5,6.8,4.2,7.1,8.0,4.5,6.8,2.1,3.9
4308,8.5,6.8,4.2,7.1,5.9,4.5,2.8,3.2,1.5
4309,8.5,9.5,2.0,4.0,9.0,8.5,7.2,2.5,4.8
4310,8.5,9.5,6.8,7.2,9.8,8.5,7.2,4.1,6.8
4311,8.5,9.5,7.8,8.2,9.0,8.5,7.2,4.1,6.8
4312,8.5,9.5,8.0,9.0,7.5,8.5,8.2,4.1,7.8
4313,7.5,8.2,6.8,7.1,5.9,4.5,6.8,2.5,5.8
4314,8.5,6.8,4.2,7.1,3.5,2.5,2.0,1.8,1.2
4315,7.5,8.2,6.1,7.8,5.9,7.5,8.2,4.1,6.8
4316,8.5,6.8,4.2,7.1,5.9,4.5,6.8,2.5,3.8
4317,8.5,6.8,4.2,7.9,3.1,2.5,1.8,1.2,1.0
4318,6.5,8.2,4.8,7.1,8.5,7.5,6.2,4.1,5.8
4319,8.5,6.8,4.2,7.1,5.5,4.5,6.8,3.2,5.8
4320,7.5,4.2,2.1,4.5,6.8,7.5,8.2,2.5,4.8
4321,8.5,7.8,4.2,7.5,6.1,7.5,6.2,2.8,8.1
4322,8.5,9.5,8.8,9.2,7.5,7.5,8.2,4.1,6.8
4323,9.5,9.8,8.5,9.2,7.8,8.5,7.2,4.1,8.8
4324,8.5,7.2,4.8,6.5,6.8,4.5,6.8,2.5,7.2
4325,7.5,9.5,8.2,8.8,9.0,7.5,8.2,6.8,5.9
4326,7.5,6.8,4.2,5.5,7.0,4.5,6.8,3.2,5.8
4327,8.5,7.8,6.2,7.5,7.0,4.5,2.8,3.2,1.5
4328,8.5,8.0,6.5,7.8,4.2,4.5,2.8,2.5,1.8
4330,8.0,9.5,8.5,9.0,9.0,8.5,7.2,4.1,6.8
4331,8.5,8.0,6.5,7.8,7.2,7.5,6.2,4.1,5.8
4332,8.5,4.2,2.8,6.5,3.1,4.5,2.8,2.5,6.8
4333,0.0,8.5,6.8,7.2,8.0,7.5,8.2,4.1,6.8
4334,7.0,8.5,6.8,8.0,4.2,7.5,8.2,4.1,6.8
4335,8.5,7.8,4.2,8.0,6.5,7.5,4.2,2.8,6.8
4336,8.5,9.5,8.8,9.2,8.0,7.5,8.2,4.1,6.8
4337,4.5,9.5,8.2,8.8,7.5,8.5,9.2,4.1,7.8
4338,9.5,9.8,8.5,9.2,8.0,8.5,9.2,4.1,8.8
4339,8.5,8.0,7.2,8.8,4.5,4.5,7.2,2.8,6.5
4340,7.5,8.2,6.8,7.1,4.5,4.5,6.8,2.5,3.8
4341,8.5,9.8,9.5,9.2,7.8,8.5,7.2,6.8,8.0
4342,8.5,9.5,7.8,8.2,6.1,7.5,8.2,4.1,6.8
4343,9.5,9.8,8.2,9.0,6.5,8.5,7.2,4.1,6.8
4344,8.5,7.8,6.2,7.5,8.0,4.5,2.1,1.8,1.2
4345,7.5,4.2,2.8,6.5,3.1,4.5,2.8,3.2,1.5
4346,8.5,6.8,4.2,7.1,3.5,2.5,1.8,1.2,1.0
4347,,,,,,8.5,7.2,4.8,1.5
4348,8.5,9.5,8.0,9.0,7.0,8.5,7.2,4.1,6.8
4349,7.5,4.2,2.1,6.5,3.8,4.5,2.8,3.2,1.5
4350,0.5,8.5,7.2,8.0,6.8,7.5,8.2,4.1,6.8
4351,8.5,9.5,7.8,8.2,6.5,8.5,7.2,4.1,6.8
4352,8.5,9.5,7.8,9.0,6.5,4.5,2.1,1.8,6.8
4353,8.5,7.8,4.2,6.5,5.1,4.5,7.2,2.8,6.5
4354,9.5,8.8,7.2,9.0,4.5,8.5,7.2,4.1,8.8
4355,8.5,9.5,8.2,9.0,7.8,7.5,8.2,4.1,6.8
4356,7.5,6.8,4.2,6.5,5.1,4.5,6.8,3.2,5.1
4357,8.5,7.8,6.2,8.0,7.5,7.5,6.2,4.1,8.1
4358,8.5,9.0,7.2,8.8,6.5,7.5,6.2,4.1,5.8
4359,,,,,,9.5,8.8,7.2,9.0
4360,8.5,4.2,2.1,3.5,1.8,2.5,1.8,4.2,1.5
4361,7.5,6.8,4.2,6.5,8.1,4.5,6.8,2.5,1.8
4362,8.5,9.5,8.2,9.0,8.8,8.5,7.2,4.1,6.8
4363,8.5,7.8,6.2,7.5,4.8,8.5,7.2,2.5,6.8
4364,9.5,8.8,7.2,8.5,6.8,8.5,7.2,4.1,6.8
4365,7.5,8.2,4.8,6.5,3.1,7.5,6.2,2.8,4.5
4366,8.5,7.8,4.2,6.5,5.1,4.5,6.8,3.2,7.1
4367,8.5,7.2,4.8,6.5,5.1,4.5,6.8,2.5,5.8
4368,7.5,8.2,4.1,6.5,6.8,4.5,6.8,3.2,5.1
4369,8.5,7.8,4.2,6.5,5.1,4.5,7.2,3.5,6.8
4370,8.5,7.8,4.2,6.5,8.0,7.5,6.2,2.8,4.5
4371,8.5,7.8,6.2,7.5,4.8,2.5,4.2,1.8,6.5
4372,9.5,8.8,7.2,8.5,6.8,8.5,9.2,6.8,7.9
4373,1.5,2.8,1.2,2.1,0.8,2.5,1.8,1.2,0.5
4374,8.5,7.8,6.2,8.0,4.5,4.5,6.8,2.5,5.8
4375,7.5,8.2,4.1,6.5,5.8,4.5,6.8,2.5,5.8
4376,9.5,8.8,7.2,8.5,6.8,7.5,8.2,4.1,6.8
4377,8.5,4.2,2.1,6.8,3.5,4.5,2.8,3.2,1.5
4378,8.5,9.5,7.8,8.2,9.0,7.5,8.2,4.1,6.8
4379,9.5,9.8,8.2,9.0,8.5,7.5,8.2,6.8,6.5
4380,8.5,4.2,2.1,6.8,3.5,2.5,1.8,1.2,1.5
4381,7.5,6.8,4.2,6.5,8.1,7.5,4.2,2.8,4.5
4382,6.5,4.2,2.8,6.0,3.5,2.5,4.2,1.8,1.5
4383,7.5,6.8,4.2,5.5,6.0,4.5,7.2,2.8,5.1
4384,8.5,9.5,7.8,8.2,6.5,7.5,8.2,6.8,8.5
4385,8.5,6.8,4.2,7.9,5.1,4.5,6.8,3.2,5.5
4386,8.5,9.5,8.0,9.0,7.5,8.5,9.2,2.1,6.8
4387,8.5,9.8,9.2,9.5,7.8,8.5,9.2,4.1,8.8
4388,8.5,4.2,2.1,6.5,3.8,2.5,6.8,4.2,1.8
4389,8.5,7.8,4.2,6.5,6.0,4.5,6.8,3.2,7.1
4390,8.5,9.5,7.8,8.2,6.5,8.5,9.2,4.1,7.8
4391,8.5,9.0,6.8,7.2,8.0,7.5,4.2,2.8,6.0
4392,7.5,2.8,1.1,3.5,2.2,2.5,1.8,1.2,1.5
4393,8.5,7.8,6.2,8.0,5.5,7.5,4.2,4.5,6.8
4394,8.5,6.8,4.2,7.1,2.5,4.5,2.8,1.5,6.8
4395,8.5,7.8,4.2,6.5,9.0,7.5,8.2,4.1,6.8
4396,7.5,6.8,2.5,4.2,3.1,2.5,2.8,1.5,1.8
4397,8.5,7.8,6.2,9.0,4.5,4.5,2.8,1.5,3.5
4398,8.5,6.8,4.2,7.1,5.5,4.5,6.8,3.2,5.1
4399,8.5,7.8,4.2,6.5,8.0,7.5,8.2,4.1,6.8
4400,9.5,9.8,8.2,9.0,7.5,7.5,8.2,4.1,6.8
4401,8.5,9.5,8.0,9.0,9.8,8.5,7.2,4.1,6.8
4402,8.5,9.5,8.0,9.0,7.5,8.5,7.2,4.1,6.8
4403,8.5,6.8,4.2,7.1,3.5,4.5,2.8,3.2,1.8
4404,8.5,9.5,7.8,8.2,6.5,7.5,8.2,6.8,4.5
4405,9.5,9.8,9.2,9.9,8.5,8.5,9.2,4.8,8.0
4406,8.5,9.5,8.0,9.0,7.0,7.5,8.2,4.1,6.8
4407,8.5,6.8,4.2,7.1,5.5,4.5,2.8,2.5,6.8
4408,7.5,4.2,2.1,6.5,8.0,4.5,2.8,1.5,3.2
4409,6.0,8.5,7.2,8.0,4.5,7.5,6.2,4.1,8.1
4410,7.5,8.2,6.8,8.5,7.0,4.5,2.8,3.2,6.8
4411,8.5,8.0,6.5,8.2,7.0,7.5,8.2,4.1,6.8
4412,7.5,2.5,1.8,4.2,2.1,1.5,2.1,1.8,0.8
4413,7.5,8.8,6.2,8.5,4.8,4.5,6.8,3.2,5.5
4414,8.5,8.0,6.5,7.8,7.2,7.5,6.2,4.1,6.8
4415,7.5,9.5,6.8,8.2,8.5,7.5,8.2,4.1,6.8
4416,8.5,9.5,7.8,9.0,6.2,8.5,7.2,4.8,6.8
4417,0.0,8.5,6.8,7.2,4.1,2.5,4.2,1.8,6.5
4418,8.5,2.1,1.8,4.2,0.9,1.5,2.1,2.8,1.2
4419,8.5,7.8,4.2,6.5,5.1,4.5,6.8,2.5,5.8
4420,8.5,7.8,6.2,8.1,7.5,7.5,6.2,4.8,5.5
4421,7.5,8.2,6.8,7.0,4.5,7.5,8.2,4.1,6.8
4422,8.5,9.5,7.8,9.0,6.2,7.5,8.2,2.5,6.8
4423,9.5,8.8,7.2,9.0,6.5,7.5,8.2,4.1,8.8
4424,8.5,6.8,4.2,7.5,5.1,4.5,2.8,1.5,3.2
4425,,,,,,8.5,9.2,6.8,8.0
4426,9.5,9.8,8.5,9.2,7.8,8.5,9.2,4.1,8.8
4427,8.5,9.0,6.8,8.2,7.5,7.5,6.2,4.1,8.1
4428,9.5,8.8,7.2,9.0,6.5,8.5,7.2,4.1,6.8
4429,8.5,9.5,8.0,9.0,7.5,8.5,7.2,2.5,6.8
4430,8.5,7.8,6.2,7.5,2.1,2.5,4.2,3.8,6.5
4431,8.5,7.8,6.2,8.0,7.1,7.5,8.2,6.8,6.5
4432,8.5,6.8,4.2,7.1,3.5,2.5,2.1,1.8,1.2
4433,9.0,8.5,6.8,8.2,9.5,4.5,2.8,2.5,1.8
4434,4.5,2.8,1.5,3.2,2.1,2.5,4.2,3.1,1.8
4435,8.5,7.8,6.2,7.5,9.0,7.5,4.2,2.8,6.0
4436,8.5,8.0,6.5,7.8,5.2,4.5,2.8,1.5,6.8
4437,8.5,8.0,4.2,6.5,2.8,4.5,7.2,2.8,1.5
4438,8.5,7.8,6.2,7.5,8.0,4.5,2.8,1.5,6.8
4439,8.5,7.8,6.2,8.0,5.5,4.5,7.2,2.8,6.1
4440,8.5,9.8,8.2,9.5,9.0,8.5,9.2,6.8,7.1
4441,8.5,8.0,6.5,7.8,5.2,2.5,2.8,1.5,1.8
4442,8.5,9.5,7.8,8.2,6.1,7.5,8.2,4.1,6.8
4443,8.5,7.8,4.2,6.5,3.1,4.5,7.2,2.8,1.5
4444,8.5,7.8,4.2,6.5,9.0,4.5,2.1,1.8,1.2
4445,8.5,9.5,7.8,8.2,6.1,8.5,7.2,2.8,6.8
4446,8.5,8.0,6.5,8.8,9.0,4.5,2.8,3.2,1.8
4447,8.5,9.5,8.0,9.0,9.0,7.5,8.2,4.1,8.8
4448,8.5,7.8,6.2,8.1,5.9,7.5,8.2,4.1,6.8
4449,8.5,9.5,8.0,9.0,6.0,8.5,7.2,4.1,6.8
4450,7.5,4.2,2.1,6.5,3.8,4.2,2.5,3.1,1.8
4451,8.5,9.5,8.2,9.0,8.8,8.5,9.2,4.1,8.8
4452,4.5,2.8,1.9,3.2,6.1,4.5,2.1,1.8,1.5
4453,8.5,6.8,2.5,4.2,7.1,4.5,2.8,3.2,1.5
4454,9.5,8.8,6.2,8.5,7.0,8.5,7.2,4.1,6.8
4455,8.5,7.8,6.2,7.5,8.0,4.5,6.8,2.5,5.8
4456,9.5,9.8,8.2,9.0,7.5,8.5,7.2,4.8,6.8
4457,8.5,9.5,8.8,9.2,9.0,8.5,9.2,4.1,7.8
4458,8.5,9.5,6.8,8.2,7.1,4.5,7.2,3.1,1.8
4459,8.5,9.5,8.0,9.0,7.5,7.5,8.2,4.1,6.8
4460,8.5,8.0,6.5,8.8,9.0,7.5,6.2,2.8,4.5
4461,8.5,6.8,4.2,7.1,3.5,4.5,2.8,2.5,1.8
4462,8.5,9.0,6.8,8.2,7.5,4.5,6.8,2.5,5.8
4463,8.5,4.2,2.1,6.8,3.5,4.5,6.8,2.5,5.8
4464,9.5,8.8,6.5,8.2,7.1,8.5,9.2,4.1,7.8
4465,8.5,4.2,2.1,6.5,3.8,0.5,1.2,1.8,0.8
4466,8.5,6.8,4.2,7.1,3.5,2.5,1.8,1.2,1.0
4467,8.5,9.5,7.8,8.2,6.5,7.5,8.2,4.1,6.8
4468,7.5,8.5,6.8,7.2,5.5,7.5,6.8,4.2,5.5
4469,8.5,6.8,4.2,7.1,5.9,7.5,8.2,4.1,6.8
4470,8.5,9.5,8.2,9.0,9.0,8.5,8.2,4.1,7.8
4471,8.5,9.5,7.8,8.2,6.5,7.5,8.2,4.1,6.8
4472,8.5,4.2,2.1,6.8,3.5,2.5,4.2,1.8,3.5
4473,7.5,6.8,4.2,6.5,5.1,4.5,6.8,2.5,5.8
4474,8.5,7.8,6.2,7.5,5.8,4.5,7.2,6.8,5.9
4475,8.5,7.8,4.2,7.5,6.1,7.5,8.2,4.1,6.8
4476,8.5,7.8,6.2,7.5,4.8,4.5,6.2,2.8,5.8
4477,8.5,9.5,7.8,8.2,8.8,8.5,9.2,6.8,7.1
4478,8.5,6.8,4.2,7.1,5.5,4.5,6.8,2.5,5.8
4479,8.5,7.8,6.2,8.1,9.5,7.5,4.2,2.8,1.5
4480,8.5,9.5,8.0,9.0,7.0,8.5,7.2,2.5,6.8
4481,8.5,9.8,9.2,9.5,8.8,8.5,9.2,4.8,8.8
4482,8.5,6.8,4.2,7.1,2.5,4.5,2.5,3.2,6.8
4483,8.5,6.8,4.2,7.1,5.5,4.5,2.8,2.5,1.8
4484,8.5,6.8,4.2,7.1,5.5,4.5,2.8,1.5,1.8
4485,7.5,8.8,4.2,6.5,6.0,4.5,7.2,2.8,1.5
4486,8.5,4.2,2.1,6.8,3.5,4.5,2.8,3.2,5.8
4487,8.5,9.5,6.8,8.2,7.1,7.5,8.2,4.1,6.8
4488,8.5,6.8,4.2,7.9,5.1,4.5,2.8,3.2,5.8
4489,9.5,9.8,8.2,9.0,7.5,8.5,7.2,4.1,6.8
4490,8.5,7.8,6.2,8.1,4.9,4.5,7.2,2.8,6.1
4491,8.5,6.8,4.2,7.1,5.9,7.5,6.2,4.1,5.8
4492,8.5,9.5,8.8,9.2,7.0,7.5,8.2,4.1,6.8
4493,9.5,9.8,9.2,9.0,8.5,8.5,7.2,6.8,8.0
4494,8.5,9.5,8.0,9.0,9.0,8.5,7.2,4.1,6.8
4495,7.5,6.8,2.5,4.2,3.8,4.5,2.5,1.8,1.2
4496,8.5,7.8,4.2,6.5,5.1,4.5,2.8,4.2,1.8
4497,8.5,7.8,6.2,8.0,5.5,4.5,7.2,2.8,6.8
4498,8.5,9.5,8.8,9.2,6.5,8.5,9.2,4.1,7.8
4499,8.5,4.2,2.1,6.5,3.8,2.5,1.8,1.2,1.5
4500,8.5,7.8,6.2,8.0,4.5,4.5,2.8,3.2,1.8
4501,7.5,8.8,6.2,7.0,8.5,7.5,8.2,4.1,6.8
4502,9.5,8.2,6.8,8.5,7.1,7.5,6.2,4.1,8.0
4503,9.5,8.2,6.8,8.5,7.1,7.5,4.2,2.8,6.8
4504,8.5,9.8,8.2,9.5,8.0,8.5,9.2,4.1,8.8
4505,8.5,9.5,7.8,8.2,6.5,7.5,8.2,2.5,6.8
4506,7.5,8.2,6.8,8.5,7.8,4.5,2.8,2.5,1.8
4507,8.5,9.5,7.8,9.0,6.2,7.5,8.2,4.1,6.8
4508,9.5,8.8,7.2,8.5,6.8,8.5,7.2,4.1,6.8
4509,8.5,9.5,7.8,9.0,6.2,7.5,8.2,4.1,6.8
4510,9.5,8.8,7.2,8.5,6.8,8.5,9.2,4.1,7.8
4511,8.5,6.8,4.2,7.1,3.5,2.5,4.2,1.8,1.5
4512,8.5,4.2,2.1,6.5,7.8,4.5,2.8,2.5,1.8
4513,9.5,8.8,7.2,9.0,6.5,7.5,8.2,4.1,6.8
4514,9.5,9.8,8.2,9.0,8.5,8.5,9.2,4.1,8.8
4515,8.5,9.5,8.0,9.0,7.0,8.5,7.2,4.1,6.8
4516,2.5,8.5,4.2,6.1,7.8,4.5,6.8,2.5,3.8
4517,1.5,2.8,2.0,2.2,1.8,4.5,2.8,1.5,1.8
4518,7.5,4.2,2.1,3.8,6.5,4.5,6.8,3.2,5.1
4519,8.5,9.5,8.0,9.0,8.8,8.5,9.2,4.1,7.8
4520,7.5,8.8,6.2,7.0,4.5,4.5,2.8,2.5,1.8
4521,9.5,9.8,8.5,9.2,7.8,8.5,7.2,4.1,8.8
4522,8.5,7.8,4.2,6.5,8.0,7.5,6.2,4.8,5.5
4523,7.5,8.2,4.8,6.5,8.8,7.5,8.2,4.1,6.8
4524,8.5,9.5,8.2,9.0,7.8,8.5,9.2,7.8,8.0
4525,8.5,7.8,6.2,7.5,8.0,7.5,6.2,4.8,5.5
4526,8.5,9.5,7.8,9.0,6.5,7.5,8.2,4.1,6.8
4527,8.5,2.1,1.5,2.8,4.2,1.5,0.8,1.2,0.5
4528,9.5,9.8,8.2,9.0,9.5,8.5,7.2,4.1,6.8
4529,8.5,7.2,6.8,8.0,5.5,4.5,6.8,2.5,5.8
4530,9.5,8.8,6.2,8.5,7.0,8.5,7.2,4.1,6.8
4531,9.5,8.2,6.8,8.5,4.1,7.5,6.2,4.1,5.8
4532,8.5,7.8,6.2,7.5,4.8,4.5,2.8,1.5,3.8
4533,8.5,9.5,7.8,8.2,6.5,7.5,8.2,4.1,6.8
4534,8.5,9.5,8.0,9.0,7.5,7.5,6.2,4.1,8.1
4535,8.5,7.8,4.2,6.5,8.0,4.5,6.8,2.5,5.8
4536,8.5,7.8,4.2,6.5,5.1,4.5,6.8,2.5,5.8
4537,8.5,9.5,8.8,9.2,6.8,8.5,7.2,4.8,6.8
4538,8.5,9.5,8.0,9.0,7.0,8.5,9.2,6.8,8.0
4539,8.5,9.8,9.5,9.2,8.8,8.5,9.2,4.8,8.8
4540,9.5,9.8,8.2,9.9,8.5,8.5,7.2,4.1,6.8
4541,8.5,9.5,8.0,9.0,8.8,8.5,7.2,4.1,6.8
4542,7.5,4.2,2.8,6.5,3.1,1.5,2.1,1.8,1.2
4543,9.5,8.8,7.2,9.0,6.5,8.5,7.2,4.1,8.8
4544,9.0,8.5,7.2,8.8,6.5,8.5,7.2,4.1,6.8
4545,8.5,7.2,4.8,7.5,6.1,4.5,6.8,2.5,5.8
4546,0.0,9.5,8.8,9.0,6.5,7.5,8.2,4.1,6.8
4547,0.0,9.5,8.2,8.5,7.8,4.5,8.2,2.1,6.8
4548,8.0,9.5,8.2,9.0,8.5,8.5,7.2,4.1,6.8
4549,9.5,8.8,6.5,8.2,7.0,8.5,9.2,6.8,7.1
4550,9.5,8.2,6.8,8.5,7.1,8.5,9.2,6.8,7.1
4551,8.5,9.0,7.2,8.0,8.8,7.5,6.2,2.8,4.5
4552,7.5,8.2,4.8,6.5,8.8,4.5,6.8,2.5,6.0
4553,9.5,8.8,7.2,9.0,6.5,8.5,7.2,4.8,6.8
4554,8.5,9.5,7.8,8.2,6.5,4.5,8.2,6.8,7.5
4555,7.5,8.2,6.8,7.1,5.9,4.5,6.8,2.5,5.8
4556,8.5,7.2,6.1,7.8,5.9,7.5,8.2,4.1,6.8
4557,9.5,8.8,7.2,8.5,6.0,8.5,7.2,4.1,6.8
4558,5.0,8.5,7.2,6.8,4.5,4.5,6.8,2.5,5.8
4559,7.5,8.2,4.8,6.5,8.5,4.5,6.8,2.5,5.8
4560,8.5,7.8,4.2,6.5,5.1,4.5,7.2,2.8,6.1
4561,4.5,8.2,2.8,6.5,7.1,8.5,7.2,4.1,6.8
4562,8.5,6.8,4.2,7.1,8.0,7.5,4.2,4.8,3.5
4563,7.5,8.2,4.8,6.5,8.5,7.5,8.2,2.5,6.8
4564,8.5,6.8,4.2,7.1,3.5,4.5,2.8,2.5,3.8
4565,8.5,9.5,8.2,9.0,7.8,7.5,8.2,6.8,8.5
4566,9.5,9.8,8.2,9.9,9.0,8.5,9.2,4.1,7.8
4567,8.5,9.0,7.2,8.0,8.8,8.5,7.2,2.5,6.8
4568,9.5,8.2,6.8,8.5,7.1,7.5,8.2,4.1,6.8
4569,9.5,8.2,6.8,8.5,7.1,7.5,8.2,4.1,6.8
4570,8.5,9.5,6.8,8.2,9.0,8.5,7.2,4.1,6.8
4571,8.5,7.8,6.2,8.0,4.5,7.5,6.2,2.8,5.5
4572,9.5,8.8,7.2,8.5,6.8,7.5,8.2,4.1,6.8
4573,8.5,9.5,7.8,8.2,6.5,4.5,7.2,2.8,8.1
4574,7.5,6.8,4.2,6.5,5.1,4.5,2.8,3.5,1.8
4575,8.5,9.5,8.0,9.0,7.5,4.5,7.2,2.8,6.8
4576,8.5,9.5,8.0,9.0,7.0,7.5,6.2,4.1,8.1
4577,8.5,9.5,7.8,9.0,8.2,7.5,8.2,4.1,6.8
4578,8.5,9.5,7.8,9.2,6.1,7.5,8.2,4.1,8.8
4579,7.5,8.2,6.8,7.1,8.5,7.5,8.2,4.1,6.8
4580,8.5,9.5,8.0,9.0,7.5,8.5,9.2,4.1,7.8
4581,8.5,9.5,6.8,8.2,7.1,7.5,8.2,4.1,3.9
4582,8.5,8.0,7.5,8.8,6.5,7.5,6.2,4.1,5.8
4583,4.5,7.8,2.9,6.1,8.5,7.5,6.2,2.1,4.8
4584,8.5,9.0,7.2,8.8,6.5,7.5,8.2,2.5,6.8
4585,0.0,8.5,7.2,6.8,8.0,4.5,8.2,2.1,6.8
4586,9.5,8.8,7.2,9.0,6.5,8.5,7.2,6.8,4.1
4587,8.5,9.8,8.2,9.5,7.8,8.5,7.2,4.8,6.8
4588,8.5,9.5,8.8,9.2,7.0,8.5,7.2,4.1,6.8
4589,4.5,8.8,6.1,7.3,8.5,8.5,7.2,4.8,6.8
4590,7.5,8.2,4.8,6.5,3.1,4.5,6.8,2.5,3.8
4591,8.5,9.0,7.2,8.8,6.5,4.5,6.8,3.2,5.1
4592,8.5,9.5,8.8,9.2,8.0,7.5,6.2,4.8,8.1
4593,8.5,9.8,9.2,9.5,7.1,8.5,9.2,4.1,8.8
4594,8.5,9.5,8.0,9.0,6.0,8.5,7.2,2.5,6.8
4595,9.5,8.2,6.8,8.5,7.1,7.5,8.2,4.1,6.8
4596,9.5,9.8,6.5,8.2,9.0,8.5,9.2,4.1,8.8
4597,8.5,6.8,4.2,7.1,8.0,4.5,6.8,2.5,3.8
4598,8.5,9.5,7.8,9.2,8.0,7.5,6.8,4.2,5.5
4599,7.5,8.2,4.8,6.5,8.8,7.5,6.2,4.1,5.8
4600,8.5,7.8,6.2,8.0,4.5,4.5,6.8,2.5,5.8
4601,8.5,6.8,4.2,7.9,2.5,4.5,2.8,3.2,6.8
4602,8.5,6.8,4.2,7.1,5.5,4.5,6.8,3.2,5.1
4603,0.0,8.5,6.8,7.2,8.0,7.5,8.2,2.5,6.8
4604,8.5,9.5,6.8,8.2,7.5,7.5,8.2,2.5,6.8
4605,9.5,9.8,8.5,9.2,7.8,8.5,8.8,6.5,7.2
4606,7.5,6.8,4.2,6.5,5.1,4.5,6.8,2.5,3.8
4607,7.5,8.2,6.1,4.9,5.6,4.5,2.8,3.2,1.8
4608,7.5,6.8,4.2,6.5,8.1,4.5,2.8,1.5,1.8
4609,8.5,9.5,8.0,9.0,6.5,8.5,7.2,4.1,6.8
4610,8.5,9.5,7.8,8.2,9.0,8.5,7.2,4.8,6.8
4611,9.0,8.5,6.8,8.2,7.5,8.5,9.2,4.1,7.8
4612,8.5,9.0,7.8,9.2,8.0,8.5,7.2,4.1,6.8
4613,8.5,9.5,7.8,8.2,6.5,8.5,9.2,4.1,8.8
4614,7.5,6.8,4.2,6.5,3.1,4.5,2.8,2.5,6.8
4615,8.5,9.5,7.8,9.2,6.1,7.5,8.2,4.1,6.8
4616,9.5,8.8,7.2,9.0,6.5,4.5,6.8,2.5,7.2
4617,9.5,8.2,4.1,7.8,6.5,4.5,6.8,2.5,1.8
4618,7.5,6.8,4.2,6.5,3.1,4.5,6.8,3.2,5.1
4619,7.5,8.2,4.8,6.5,5.1,4.5,6.8,2.1,5.9
4620,7.5,6.8,4.2,6.5,3.1,2.5,4.2,1.8,1.5
4621,4.5,2.1,1.8,2.5,3.2,1.5,2.1,1.8,1.2
4622,8.5,9.5,7.8,8.2,8.0,7.5,4.2,4.5,6.8
4623,8.5,9.5,6.8,8.2,9.0,8.5,7.2,6.8,4.5
4624,4.5,9.5,6.8,8.2,9.0,7.5,6.2,4.1,5.8
4625,4.5,8.0,2.5,4.0,7.5,4.5,6.8,2.5,7.2
4626,8.5,9.8,7.2,9.5,8.8,8.5,7.2,4.1,6.8
4627,8.5,9.5,6.8,8.2,7.1,8.5,9.2,4.1,6.8
4628,8.5,7.8,4.2,6.5,6.1,4.5,6.8,2.1,5.9
4629,8.5,6.8,4.2,7.1,5.5,4.5,2.8,1.5,1.8
4630,0.0,8.5,6.8,7.2,9.0,7.5,8.2,4.1,6.8
4631,7.5,8.8,6.2,7.8,5.5,4.5,7.2,2.8,6.8
4632,8.5,9.5,7.8,8.2,6.5,7.5,6.2,4.1,4.8
4633,8.5,9.8,9.2,9.5,7.8,8.5,7.2,4.1,6.8
4634,8.5,9.5,7.8,8.2,6.1,7.5,8.2,4.1,6.8
4635,7.5,8.8,6.2,7.0,8.0,7.5,8.2,4.1,6.8
4636,8.5,9.5,6.8,7.2,8.0,8.5,7.2,2.5,6.8
4637,4.5,8.0,6.5,7.2,7.8,4.5,6.8,3.2,5.5
4638,9.5,8.2,6.8,7.5,8.0,7.5,6.2,4.1,8.0
4639,4.5,8.8,6.1,7.3,5.9,4.5,6.8,2.5,3.8
4640,8.5,9.5,6.8,7.2,8.0,4.5,7.2,3.1,1.8
4641,8.5,6.8,4.2,7.1,5.5,4.5,6.8,2.5,5.8
4642,7.5,8.2,4.8,6.5,3.1,4.5,7.2,2.8,6.1
4643,4.5,8.8,6.1,7.3,5.9,4.5,8.2,2.8,6.1
4644,8.5,9.5,7.8,8.2,6.1,4.5,6.8,2.5,5.8
4645,8.5,9.5,7.8,8.2,6.5,4.5,8.2,2.8,6.1
4646,8.5,9.5,6.8,7.2,8.0,8.5,7.2,2.5,6.8
4647,8.5,7.8,6.2,7.5,8.0,4.5,2.8,3.2,1.5
4648,8.5,7.8,4.2,6.5,9.0,4.5,2.1,1.8,1.5
4649,8.5,9.8,9.2,9.5,9.0,9.5,8.2,4.1,8.8
4650,9.5,9.8,8.2,8.5,7.1,8.5,7.2,4.1,6.8
4651,8.5,7.8,4.2,6.5,6.0,4.5,6.8,3.2,1.8
4652,8.5,7.8,6.2,8.0,5.5,7.5,6.2,4.1,5.8
4653,8.5,4.2,2.1,6.5,2.8,0.5,1.2,0.8,1.5
4654,8.5,6.8,4.2,7.1,5.9,4.5,7.2,6.8,5.1
4655,8.5,9.5,7.8,8.2,9.0,8.5,7.2,4.1,6.8
4656,8.5,9.5,7.8,8.2,4.1,4.5,7.2,6.8,5.1
4657,8.5,7.8,6.2,7.5,8.1,4.5,7.2,2.8,6.5
4658,8.5,7.8,4.2,6.5,3.1,4.5,6.8,2.1,7.9
4659,0.0,8.5,4.2,6.8,7.1,8.5,9.0,2.5,6.8
4660,4.5,8.2,2.8,6.5,7.1,2.5,4.2,3.1,1.8
4661,8.5,6.8,4.2,7.1,5.9,4.5,2.8,1.5,3.2
4662,8.5,9.8,9.2,9.5,8.8,9.5,8.2,7.8,8.5
4663,9.5,8.8,6.5,9.2,8.0,8.5,7.2,4.8,6.8
4664,7.5,4.2,2.1,6.8,3.5,2.5,4.2,1.8,1.5
4665,9.5,9.8,8.2,9.0,7.5,8.5,9.2,4.1,7.8
4666,8.5,9.5,8.0,9.0,6.5,7.5,8.2,4.1,6.8
4667,7.5,4.2,2.1,4.8,3.5,2.5,1.8,1.2,1.5
4668,9.5,8.2,7.8,9.0,6.5,8.5,7.2,4.8,6.8
4669,8.5,9.5,8.0,9.0,8.8,7.5,6.2,4.1,8.1
4670,8.5,7.8,4.2,6.5,8.0,7.5,4.2,2.8,3.5
4671,8.5,9.5,8.0,9.0,7.5,8.5,9.2,4.1,7.8
4672,8.5,9.5,7.8,8.2,9.0,4.5,7.2,2.8,1.5
4673,8.5,9.5,6.8,7.2,4.1,4.5,8.2,2.8,6.1
4674,2.5,4.8,2.1,3.4,3.9,2.5,1.8,1.2,1.0
4675,7.5,8.2,6.8,8.5,9.0,4.5,7.2,6.8,5.9
4676,7.5,8.8,6.5,8.2,9.0,7.5,6.8,4.2,5.5
4677,8.5,9.5,7.8,8.2,6.5,4.5,7.2,2.8,6.5
4678,4.5,2.1,1.8,3.2,0.9,2.5,2.8,1.5,1.8
4679,7.5,4.2,2.1,3.8,6.5,7.5,4.2,4.8,3.5
4680,9.5,8.8,7.2,8.5,4.1,8.5,6.2,2.8,7.1
4681,7.5,4.2,2.1,3.8,2.5,4.5,2.8,1.5,1.8
4682,7.5,8.2,4.8,6.5,3.1,4.5,6.8,2.5,5.8
4683,7.5,8.2,4.8,6.5,6.8,4.5,6.8,3.2,5.1
4684,8.5,9.5,7.8,9.2,8.8,8.5,7.2,4.8,6.8
4685,4.5,6.8,2.1,3.9,7.5,4.2,2.5,1.8,1.5
4686,8.5,6.8,4.2,7.1,5.9,4.5,6.8,2.5,3.5
4687,8.5,9.5,7.8,8.2,8.8,7.5,6.2,4.1,5.8
4688,7.5,4.2,2.1,3.8,6.5,4.5,6.8,2.5,3.5
4689,8.5,6.8,4.2,7.1,5.5,4.5,6.8,3.2,5.8
4690,8.5,4.2,2.1,6.8,3.5,4.5,2.8,1.5,3.5
4691,9.5,9.8,8.2,9.0,9.0,8.5,9.2,4.1,7.8
4692,9.5,9.0,8.2,9.8,7.5,7.5,8.2,2.5,6.8
4693,9.5,8.8,8.2,9.0,7.5,4.5,6.8,2.5,5.8
4694,4.5,7.8,2.1,6.5,8.2,7.5,8.2,2.5,4.8
4695,7.5,8.2,6.8,7.1,8.5,8.5,7.2,4.1,8.8
4696,8.5,4.2,2.1,6.8,3.5,4.5,2.8,3.5,1.8
4697,9.5,9.8,8.2,9.0,8.5,8.5,9.2,6.8,7.1
4698,8.5,9.5,6.8,9.2,8.0,7.5,8.2,4.1,6.8
4699,8.5,7.2,6.8,8.0,4.5,4.5,2.5,6.8,5.8
4700,8.5,4.2,2.1,6.8,3.5,4.5,2.8,3.2,1.8
4701,8.5,4.2,2.1,7.8,3.5,2.5,1.8,1.2,1.5
4702,8.5,9.5,8.0,9.0,7.5,8.5,7.2,6.8,8.0
4703,8.5,9.5,7.8,8.2,6.1,7.5,8.2,4.1,6.8
4704,8.5,9.5,7.8,8.2,8.0,8.5,8.2,4.1,6.8
4705,8.5,9.5,6.8,8.2,7.1,4.5,7.2,3.9,6.8
4706,8.5,9.5,8.0,9.0,7.5,7.5,8.2,4.1,6.8
4707,8.5,7.8,6.2,8.0,5.5,7.5,6.2,4.1,5.8
4708,8.5,7.2,4.8,6.5,5.1,4.5,2.8,4.2,1.8
4709,8.5,7.8,6.2,7.5,4.8,4.5,6.8,7.2,5.1
4710,8.5,7.2,4.8,6.5,5.1,7.5,6.2,2.8,4.5
4711,8.5,9.8,7.2,8.0,4.5,4.5,8.2,2.1,6.8
4712,8.5,6.8,4.2,7.1,5.5,4.5,2.8,1.5,3.5
4713,8.5,9.5,8.0,9.0,6.5,8.5,8.2,4.1,7.8
4714,8.5,9.5,8.8,9.2,9.0,8.5,7.2,4.1,6.8
4715,0.0,8.5,2.8,6.5,7.2,4.5,2.8,2.5,1.8
4716,7.5,4.2,2.1,3.5,1.8,1.5,2.1,2.8,1.2
4717,8.5,6.8,4.2,7.1,5.5,4.5,6.8,2.5,5.8
4718,8.5,9.5,8.2,9.0,7.8,8.5,8.2,4.1,7.8
4719,8.5,9.5,8.0,9.0,6.5,7.5,8.2,4.1,6.8
4720,9.5,9.8,8.2,9.0,7.5,8.5,7.2,6.8,8.0
4721,8.5,8.0,6.5,7.8,4.2,8.5,7.2,6.8,4.1
4722,8.5,9.8,7.2,8.8,9.5,8.5,7.2,4.8,6.8
4723,8.5,9.5,6.8,8.2,7.1,7.5,8.2,4.1,1.8
4724,7.5,8.2,6.8,7.1,5.9,7.5,8.2,2.5,6.8
4725,8.5,7.8,6.2,7.5,4.8,4.5,7.2,2.8,6.1
4726,8.5,9.5,7.8,8.2,9.0,8.5,7.2,4.1,6.8
4727,8.5,9.5,8.0,9.0,7.5,8.5,7.2,4.1,6.8
4728,8.5,8.0,7.0,6.5,6.0,4.5,7.2,2.8,3.5
4729,8.5,9.5,8.0,9.0,9.0,8.5,7.2,2.5,6.8
4730,8.5,6.8,4.2,7.1,3.5,4.5,6.8,2.1,5.9
4731,8.5,9.5,7.8,9.0,6.2,8.5,7.2,4.1,6.8
4732,8.5,6.8,4.2,7.1,3.5,4.5,2.8,3.5,1.8
4733,9.5,9.8,8.5,9.2,7.8,9.5,8.8,2.5,8.0
4734,8.5,9.5,8.0,9.0,7.0,8.5,7.2,4.1,6.8
4735,8.5,9.5,7.8,8.2,9.0,7.5,8.2,4.1,6.8
4736,8.5,9.5,8.0,9.0,7.5,8.5,7.2,4.1,6.8
4737,8.5,4.2,2.1,6.5,7.8,2.5,1.8,1.2,1.0
4738,9.5,9.8,8.2,9.0,8.5,8.5,7.2,4.1,8.8
4739,8.5,9.5,7.8,8.2,6.1,7.5,8.2,4.1,6.8
4740,8.5,9.5,7.8,8.2,8.0,8.5,9.2,4.1,7.8
4741,0.0,8.5,4.2,7.1,9.0,4.5,7.2,2.8,1.5
4742,8.5,9.5,8.8,9.2,8.0,7.5,8.2,4.1,6.8
4743,8.5,8.0,6.5,8.2,4.8,7.5,8.2,4.1,6.8
4744,8.5,9.5,7.8,8.2,8.8,8.5,9.2,2.8,7.1
4745,8.5,9.5,7.8,8.2,6.5,8.5,7.2,4.1,6.8
4746,7.5,6.8,4.2,6.5,5.1,4.5,6.8,3.2,7.1
4747,8.5,9.8,9.2,9.5,8.8,8.5,9.2,4.1,8.8
4748,8.5,6.8,4.2,7.1,3.5,4.5,2.8,4.2,1.8
4749,9.5,9.8,8.2,9.0,7.5,8.5,7.2,4.1,6.8
4750,8.5,9.8,8.2,9.5,7.8,7.5,8.2,6.8,8.5
4751,8.5,9.5,7.8,8.2,6.8,7.5,8.2,2.5,6.8
4752,8.5,8.0,6.5,8.2,7.0,7.5,8.2,4.1,6.8
4753,9.5,8.2,6.8,8.5,7.1,7.5,6.2,4.8,5.1
4754,8.5,9.5,8.0,9.0,8.8,7.5,8.2,4.1,6.8
4755,9.5,8.8,6.5,8.2,7.0,8.5,7.2,4.1,6.8
4756,6.5,4.2,2.8,4.5,3.1,4.5,2.8,2.5,1.8
4757,7.5,4.2,2.8,6.5,3.1,2.5,1.8,1.2,4.1
4758,8.5,7.8,4.2,7.5,2.8,4.8,7.2,2.5,8.1
4759,8.5,6.8,4.2,7.1,5.5,4.5,2.8,1.5,1.8
4760,8.5,9.5,7.8,8.2,9.0,7.5,6.2,4.1,8.1
4761,7.5,4.2,2.8,6.1,3.5,2.5,1.8,1.2,1.5
4762,8.5,6.8,4.2,7.1,3.5,4.5,2.8,3.2,1.8
4763,8.5,9.5,7.8,9.2,8.0,7.5,8.2,4.1,6.8
4764,4.5,8.2,6.1,7.5,8.8,7.5,8.2,4.1,6.8
4765,8.5,9.5,8.8,9.2,7.5,8.5,9.2,6.8,7.1
4766,7.5,2.1,1.8,4.2,2.5,2.5,4.2,1.8,1.5
4767,7.5,8.2,6.8,7.1,8.5,7.5,8.2,4.1,6.8
4768,9.5,9.8,8.5,9.2,7.8,9.5,9.0,4.2,8.8
4769,9.5,9.8,8.2,8.5,6.8,8.5,7.2,4.1,6.8
4770,8.5,7.2,4.8,6.5,5.1,4.5,6.8,2.5,5.8
4771,9.5,8.8,6.5,8.2,7.0,8.5,7.2,4.1,6.8
4772,8.5,9.5,7.8,8.2,9.0,7.5,8.2,4.1,6.8
4773,8.5,6.8,4.2,7.1,5.5,4.5,6.8,2.5,3.8
4774,9.5,8.8,7.2,9.0,8.0,8.5,7.2,4.1,6.8
4775,9.5,8.2,6.8,8.5,9.0,7.5,8.2,2.5,6.8
4776,8.5,9.5,6.8,9.2,8.0,7.5,8.2,4.1,6.8
4777,8.5,7.8,4.2,6.5,8.0,7.5,6.2,2.8,4.5
4778,7.5,8.2,4.8,6.5,8.8,7.5,8.2,4.1,6.8
4779,7.5,9.5,8.2,8.8,9.0,8.5,7.2,4.1,6.8
4780,8.5,9.5,8.0,9.0,7.5,8.5,7.2,4.1,6.8
4781,4.5,8.2,6.8,7.5,9.0,8.5,7.2,4.1,6.8
4782,8.5,8.0,6.5,7.0,7.5,4.5,6.8,2.5,5.8
4783,8.5,9.5,8.0,7.8,9.0,7.5,8.2,4.1,6.8
4784,8.5,9.5,8.0,9.0,7.0,8.5,7.2,4.1,6.8
4785,8.5,9.5,6.8,8.2,7.1,4.5,7.2,2.8,6.5
4786,8.5,9.5,7.8,8.2,6.5,7.5,8.2,4.1,6.8
4787,7.5,4.2,2.1,3.8,2.5,2.5,4.2,1.8,1.5
4788,7.5,9.8,8.2,9.0,8.5,8.5,9.2,4.8,8.0
4789,8.5,4.2,2.8,6.5,1.8,0.5,1.2,1.8,0.8
4790,1.5,6.8,4.2,6.5,7.1,4.5,2.8,1.5,1.8
4791,8.5,9.5,7.8,8.2,6.5,7.5,8.2,4.1,6.8
4792,8.5,9.5,7.8,9.0,6.5,7.5,8.2,4.1,6.8
4793,7.5,6.8,4.2,6.5,5.1,4.5,6.8,2.5,5.8
4794,8.5,9.5,6.8,8.2,9.0,7.5,8.2,4.1,6.8
4795,9.5,9.8,8.2,9.0,8.5,8.5,9.2,4.1,8.8
4796,8.5,6.8,4.2,7.1,5.9,7.5,4.2,2.8,3.5
4797,8.5,9.5,8.8,9.2,7.0,8.5,9.2,7.8,8.8
4798,9.5,8.2,6.8,7.5,4.1,4.5,2.8,2.5,1.8
4799,7.5,2.5,1.8,4.2,2.0,2.5,1.8,1.2,1.0
4800,8.5,9.5,8.0,9.0,9.0,8.5,7.2,4.1,6.8
4801,0.0,4.5,2.8,3.2,6.5,2.5,4.2,1.8,1.5
4802,8.5,9.5,7.8,8.2,6.5,7.5,8.2,4.1,6.8
4803,8.5,2.1,1.8,4.2,0.5,0.5,1.2,2.1,0.8
4804,9.5,8.8,7.2,9.0,8.0,8.5,6.2,4.1,7.8
4805,9.5,8.8,6.5,8.2,7.0,8.5,7.2,4.8,6.8
4806,9.5,9.8,9.2,9.9,8.5,9.5,8.2,7.8,8.5
4807,7.5,8.2,6.8,7.1,8.5,7.5,6.2,4.1,5.8
4808,7.5,9.5,8.2,8.8,8.0,4.5,7.2,2.8,6.5
4809,9.5,9.8,8.5,9.2,7.8,8.5,9.2,4.1,8.8
4810,7.5,8.2,4.8,6.5,8.8,7.5,4.2,4.5,6.8
4811,8.5,6.8,4.2,7.1,5.9,4.5,6.8,4.2,1.8
4812,8.5,9.5,7.8,8.2,6.5,8.5,7.2,4.1,6.8
4813,4.5,8.8,6.5,7.2,8.0,8.5,7.2,4.1,6.8
4814,8.5,6.8,4.2,7.1,3.5,2.5,1.8,1.2,1.5
4815,8.5,8.0,6.5,7.8,9.0,4.5,6.8,2.5,7.2
4816,8.5,7.8,6.2,7.5,4.1,4.5,6.8,2.5,7.2
4817,9.5,9.8,8.5,9.2,7.8,8.5,9.0,4.2,8.8
4818,8.5,7.2,4.8,8.0,6.5,7.5,6.2,2.8,5.5
4819,8.5,9.5,7.8,8.2,6.5,4.5,7.2,2.8,6.8
4820,8.5,6.8,4.2,7.1,8.0,8.5,4.2,4.8,6.8
4821,9.5,9.8,8.2,9.0,7.5,8.5,7.2,4.8,6.8
4822,4.5,8.2,6.8,7.5,8.8,4.5,6.8,2.5,7.2
4823,8.5,6.8,4.2,7.1,5.5,4.5,6.8,2.5,5.8
4824,7.5,8.2,4.8,6.5,8.0,7.5,6.2,2.8,4.5
4825,8.5,9.5,7.8,8.2,6.5,7.5,8.2,4.1,8.8
4826,8.5,9.5,8.0,9.0,7.5,7.5,8.2,4.1,6.8
4827,8.5,9.5,7.8,8.2,6.5,7.5,8.2,4.1,6.8
4828,7.5,4.2,2.1,4.8,3.5,4.5,2.8,3.2,1.8
4829,7.5,8.2,6.8,8.5,5.9,4.5,6.8,4.2,5.1
4830,8.5,7.8,4.2,6.5,5.1,4.5,6.8,3.2,5.1
4831,8.5,9.5,8.0,9.0,7.5,8.5,6.2,4.1,1.8
4832,8.5,9.5,7.8,9.2,9.0,8.5,9.2,4.1,8.8
4833,8.5,9.5,7.8,8.2,8.8,8.5,7.2,4.8,6.8
4834,9.5,8.0,6.5,9.0,7.0,4.5,2.8,1.5,6.8
4835,7.5,4.2,2.1,6.5,3.8,4.5,2.5,3.2,1.8
4836,9.5,9.8,8.5,9.2,7.8,8.5,7.2,4.1,6.8
4837,8.5,8.0,6.5,8.2,7.0,7.5,6.2,4.8,5.5
4838,8.5,9.5,7.8,8.2,6.1,8.5,7.2,2.5,8.0
4839,8.5,7.8,6.2,8.1,5.9,4.5,7.2,2.8,6.1
4840,8.5,9.8,9.5,9.9,8.8,9.5,9.8,8.2,9.0
4841,8.5,7.8,4.2,6.5,5.1,4.5,6.8,2.5,5.8
4842,8.5,9.8,8.2,9.5,7.8,8.5,9.2,6.8,8.0
4843,7.5,4.2,2.1,6.8,3.5,4.5,6.8,3.2,1.8
4844,9.5,8.8,7.2,8.5,6.8,7.5,6.2,2.8,4.5
4845,7.5,8.2,6.8,7.1,5.9,4.5,6.8,3.2,5.1
4846,8.5,9.5,7.8,8.2,6.5,7.5,8.2,4.1,6.8
4847,9.5,9.8,8.2,9.0,8.5,8.5,9.2,4.1,8.8
4848,8.5,9.5,8.0,9.0,6.5,7.5,8.2,2.5,6.8
4849,8.5,9.5,7.8,9.2,6.5,7.5,8.2,4.1,6.8
4850,8.5,7.8,4.2,6.5,5.1,4.5,2.8,3.2,6.8
4851,0.5,2.1,1.8,2.5,0.8,2.5,2.0,1.8,1.2
4852,7.5,4.2,2.1,3.8,5.6,4.5,6.8,2.5,5.8
4853,8.5,7.8,4.2,6.5,6.0,4.5,6.8,2.5,7.2
4854,8.5,7.2,4.8,6.5,3.1,4.5,2.8,1.5,3.5
4855,9.5,9.8,8.2,9.0,7.5,8.5,7.2,4.1,6.8
4856,8.5,9.5,7.8,9.2,6.5,8.5,9.2,6.8,7.1
4857,8.5,9.8,9.2,9.5,7.8,9.5,8.8,4.2,8.5
4858,8.5,9.5,7.8,8.2,8.8,8.5,7.2,4.1,6.8
4859,8.5,4.2,2.8,6.5,1.8,4.5,6.8,7.2,5.8
4860,8.5,9.5,8.0,9.0,7.5,8.5,7.2,4.1,6.8
4861,0.0,2.5,1.8,2.2,4.5,4.5,2.8,1.5,1.8
4862,8.5,8.0,6.5,7.8,5.2,7.5,8.2,4.1,6.8
4863,8.5,7.8,6.2,7.5,4.8,4.5,2.8,1.5,3.5
4864,7.5,9.5,8.2,9.0,9.8,8.5,7.2,4.1,6.8
4865,8.5,9.0,7.2,8.8,6.5,8.5,6.2,4.1,7.8
4866,7.5,4.2,2.1,6.8,3.5,4.5,2.8,2.5,3.8
4867,9.5,8.2,6.8,8.5,7.1,4.5,7.2,2.8,6.1
4868,2.5,1.8,1.2,2.1,2.8,2.5,1.8,1.2,0.5
4869,8.5,6.8,4.2,7.1,5.9,4.5,6.8,2.5,5.8
4870,8.5,9.5,8.8,9.2,7.0,8.5,7.2,4.1,8.8
4871,8.5,9.5,8.0,9.0,6.5,8.5,9.2,4.1,7.8
4872,8.5,7.8,6.2,8.8,7.5,7.5,8.2,6.8,5.5
4873,8.5,6.8,4.2,7.1,5.9,4.5,2.8,1.5,3.2
4874,9.5,9.8,8.2,9.9,7.5,8.5,7.2,4.8,8.0
4875,8.5,7.2,4.8,6.5,6.1,4.5,6.8,2.5,5.8
4876,9.5,9.8,8.2,9.9,8.5,8.5,9.2,4.1,7.8
4877,8.5,6.8,4.2,7.1,3.5,4.5,2.8,1.5,3.5
4878,7.5,8.2,4.8,6.5,8.0,4.5,7.2,2.8,6.1
4879,8.5,9.5,7.8,9.0,6.2,7.5,8.2,4.1,6.8
4880,8.5,9.5,7.8,8.2,6.5,7.5,8.2,4.1,6.8
4881,7.5,4.8,2.5,6.2,3.8,4.5,6.8,2.5,5.8
4882,7.5,4.2,2.1,6.5,3.8,4.5,2.8,1.5,1.8
4883,8.5,6.8,4.2,7.1,3.5,4.5,2.8,1.5,1.8
4884,9.5,8.8,6.2,8.5,7.0,8.5,7.2,4.1,6.8
4885,8.5,7.8,6.2,8.1,7.5,7.5,4.2,4.8,8.0
4886,7.5,8.2,4.8,6.5,3.1,4.5,6.8,2.5,5.8
4887,8.5,4.2,2.1,6.8,3.5,2.5,1.8,1.2,1.0
4888,8.5,9.8,6.5,7.2,4.8,8.5,7.2,6.8,4.1
4889,8.5,6.8,4.2,7.1,5.5,4.5,6.8,3.2,7.5
4890,8.5,9.5,7.2,8.8,6.1,7.5,8.2,4.1,6.8
4891,8.5,7.8,4.2,6.5,5.1,8.5,7.2,4.1,6.8
4892,7.5,8.8,6.2,7.0,8.0,4.5,8.2,2.8,6.5
4893,8.5,7.8,6.2,8.0,5.5,4.5,6.8,2.5,5.8
4894,2.5,6.8,4.2,3.9,7.1,4.5,6.8,3.2,5.1
4895,8.5,6.8,4.2,7.1,5.5,7.5,4.2,6.8,3.5
4896,7.5,8.2,6.8,7.1,5.9,7.5,6.2,4.1,8.1
4897,7.5,8.2,4.8,6.5,3.1,7.5,6.2,2.8,4.5
4898,2.5,8.1,6.8,7.3,4.9,4.2,2.5,3.8,1.8
4899,8.5,9.5,7.8,8.2,6.5,8.5,7.2,4.1,6.8
4900,8.5,6.8,4.2,7.1,5.5,7.5,6.2,4.8,5.5
4901,7.5,4.2,2.8,6.5,3.1,4.5,6.8,4.2,5.1
4902,7.5,6.8,4.2,6.5,8.1,4.5,6.8,2.5,3.8
4903,8.5,7.2,4.8,6.5,3.1,4.5,6.8,2.5,5.8
4904,8.5,6.8,4.2,7.1,5.9,7.5,8.2,2.5,6.8
4905,8.5,6.8,5.2,7.9,4.1,4.5,6.8,3.2,7.1
4906,8.5,7.8,6.2,7.5,8.0,4.5,6.8,2.5,5.8
4907,8.5,7.8,4.2,7.5,6.8,7.5,8.2,4.1,6.8
4908,0.0,6.5,2.5,4.2,7.8,4.5,2.8,2.5,6.8
4909,9.5,9.8,8.2,9.0,7.5,8.5,9.2,4.1,8.8
4910,8.5,7.8,4.2,6.5,5.9,7.5,6.2,4.1,6.8
4911,9.5,9.8,8.2,9.9,7.5,8.5,9.2,4.1,8.8
4912,8.5,9.0,7.2,8.0,6.5,7.5,6.2,4.1,8.1
4913,8.5,8.0,4.2,7.1,9.5,7.5,6.2,4.1,5.8
4914,8.5,4.2,2.1,6.5,3.8,2.5,1.8,1.2,1.5
4915,9.5,8.2,6.8,8.5,7.1,8.5,7.2,4.1,6.8
4916,8.5,7.2,6.1,7.8,4.9,4.5,2.8,3.2,1.8
4917,7.5,8.2,4.8,6.5,5.1,2.5,4.2,1.8,1.5
4918,4.5,9.5,8.2,9.0,7.8,8.5,9.2,6.8,7.1
4919,8.5,7.8,6.2,7.5,4.8,4.5,6.8,2.5,5.8
4920,8.5,6.8,4.2,7.1,5.5,7.5,4.2,2.8,6.8
4921,9.5,9.8,7.2,8.5,6.8,8.5,7.2,4.8,8.0
4922,9.5,8.8,7.2,9.0,4.5,4.5,2.8,2.5,6.8
4923,8.5,9.5,8.0,9.0,7.0,8.5,7.2,4.1,8.8
4925,7.5,4.2,2.1,3.8,2.5,4.5,2.8,3.2,1.8
4926,9.5,8.2,6.8,8.5,7.1,7.5,6.2,4.1,5.8
4927,5.5,4.2,2.8,4.5,3.1,4.5,2.8,2.5,1.8
4928,8.5,9.5,8.0,9.0,8.8,8.5,9.2,4.1,7.8
4929,8.5,9.5,7.8,8.2,6.5,8.5,9.2,4.1,6.8
4930,7.5,8.2,4.8,6.5,5.1,4.5,6.8,2.5,7.2
